3702,07073813802,P,03708,Henriette Bent                     ,Butt                               ,N,N,N,J,N,KUNDER OVER 18 ÅR                  ,N,N,N,N,N,N,N,N,N,N,N
3702,13039414222,P,03708,Henrik Martyna                     ,Aarrestad                          ,N,J,N,J,N,KUNDER OVER 18 ÅR                  ,N,N,N,N,N,N,N,N,N,N,N
3702,25058611703,P,07751,Karstein Runa                      ,Ismail                             ,N,J,N,J,N,KUNDER OVER 18 ÅR                  ,N,N,N,N,N,N,N,N,N,N,N
3702,07025021570,P,03700,Biniam Runa                        ,Stein                              ,N,J,N,J,N,KUNDER OVER 18 ÅR                  ,N,N,N,N,N,N,N,N,N,N,N
3702,30087119366,P,03700,Elke Mindaugas                     ,Bru                                ,N,J,N,J,N,KUNDER OVER 18 ÅR                  ,N,N,N,N,N,N,N,N,N,N,N
3702,09118502334,P,03700,Eystein Signhild                   ,Nordheim                           ,N,N,N,J,N,KUNDER OVER 18 ÅR                  ,N,N,N,N,N,N,N,N,N,N,N
3702,01107815224,P,03795,Berge Kirsten                      ,Ulven                              ,J,N,N,J,N,KUNDER OVER 18 ÅR                  ,N,N,N,N,N,N,N,N,N,N,N
3702,05107404440,P,07751,Nancy Bjørge                       ,Narum                              ,N,N,N,J,N,KUNDER OVER 18 ÅR                  ,N,N,N,N,N,N,N,N,N,N,N
3702,19088610108,P,03704,Reid Raisa                         ,Myrvang                            ,N,N,N,J,N,KUNDER OVER 18 ÅR                  ,N,N,N,N,N,N,N,N,N,N,N
3702,14058206734,P,03795,Andrej Ingrid                      ,Bech                               ,N,J,J,J,N,KUNDER OVER 18 ÅR                  ,N,N,N,N,N,N,N,N,N,N,N
3702,06107619028,P,03708,Iman Krzysztof                     ,Horn                               ,N,J,J,J,N,KUNDER OVER 18 ÅR                  ,N,N,N,N,N,N,N,N,N,N,N
3702,12119507357,P,07751,Birte Sigve                        ,Gullaksen                          ,N,N,N,J,N,KUNDER OVER 18 ÅR                  ,N,N,N,N,N,N,N,N,N,N,N
3702,10098810531,P,03795,Sead Elena                         ,Grue                               ,N,N,N,J,N,KUNDER OVER 18 ÅR                  ,N,N,N,N,N,N,N,N,N,N,N
3702,04025420158,P,03700,Rimantas Embla                     ,Schøyen                            ,N,J,J,J,N,KUNDER OVER 18 ÅR                  ,N,N,N,N,N,N,N,N,N,N,N
3702,24058405287,P,03708,Sigfred Ine                        ,Eik                                ,N,J,N,J,N,KUNDER OVER 18 ÅR                  ,N,N,N,N,N,N,N,N,N,N,N
3702,19126206731,P,03708,Thora Nikolai                      ,Kasin                              ,N,N,N,J,N,KUNDER OVER 18 ÅR                  ,N,N,N,N,N,N,N,N,N,N,N
3702,30036920641,P,03700,Alisa Stig                         ,Helseth                            ,N,J,J,J,N,KUNDER OVER 18 ÅR                  ,N,N,N,N,N,N,N,N,N,N,N
3702,24078224386,P,03708,Nataniel Sabina                    ,Ellingsen                          ,N,J,N,J,N,KUNDER OVER 18 ÅR                  ,N,N,N,N,N,N,N,N,N,N,N
3702,23078801360,P,03741,Pablo Elinor                       ,Winge                              ,N,J,N,J,N,KUNDER OVER 18 ÅR                  ,N,N,N,N,N,N,N,N,N,N,N
3702,08105206047,P,03741,Sead Ingerd                        ,Gill                               ,N,J,N,J,N,KUNDER OVER 18 ÅR                  ,N,N,N,N,N,N,N,N,N,N,N
3702,03098314252,P,03795,Thelma Sune                        ,Skulstad                           ,N,N,N,J,N,KUNDER OVER 18 ÅR                  ,N,N,N,N,N,N,N,N,N,N,N
3702,03088211951,P,03704,Isaac Zofia                        ,Bjørkmo                            ,N,J,N,J,N,KUNDER OVER 18 ÅR                  ,N,N,N,N,N,N,N,N,N,N,N
3702,24108516395,P,03700,Mehran Edny                        ,Øie                                ,N,N,N,J,N,KUNDER OVER 18 ÅR                  ,N,N,N,N,N,N,N,N,N,N,N
3702,29079010020,P,03700,Rukhsana Sverre                    ,Sømme                              ,N,N,N,J,N,KUNDER OVER 18 ÅR                  ,N,N,N,N,N,N,N,N,N,N,N
3702,21016008912,P,03795,Ruth Jan-Olav                      ,Mehl                               ,N,N,N,J,N,KUNDER OVER 18 ÅR                  ,N,N,N,N,N,N,N,N,N,N,N
3702,31128416822,P,03700,Theresa Kaj                        ,Nydal                              ,N,J,N,J,N,KUNDER OVER 18 ÅR                  ,N,N,N,N,N,N,N,N,N,N,N
3702,04080057402,P,07751,Ann-Charlott Albin                 ,Vevang                             ,N,N,N,J,N,KUNDER OVER 18 ÅR                  ,N,N,N,N,N,N,N,N,N,N,N
3702,29045621586,P,03700,Asle Ellie                         ,Kolstø                             ,N,J,J,J,N,KUNDER OVER 18 ÅR                  ,N,N,N,N,N,N,N,N,N,N,N
3702,06034318067,P,03708,Sylwia Miguel                      ,Langørgen                          ,N,J,N,J,N,KUNDER OVER 18 ÅR                  ,N,N,N,N,N,N,N,N,N,N,N
3702,18049502598,P,07751,Jens Ylva                          ,Sortland                           ,N,N,N,J,N,KUNDER OVER 18 ÅR                  ,N,N,N,N,N,N,N,N,N,N,N
3702,26058418608,P,03700,Laima Magnus                       ,Gjernes                            ,N,N,J,J,N,KUNDER OVER 18 ÅR                  ,N,N,N,N,N,N,N,N,N,N,N
3702,27050180250,P,03741,Margit Muhamed                     ,Gullaksen                          ,N,N,N,J,N,KUNDER OVER 18 ÅR                  ,N,N,N,N,N,N,N,N,N,N,N
3702,19097715753,P,03741,Tommy Lucia                        ,Reed                               ,N,N,N,J,N,KUNDER OVER 18 ÅR                  ,N,N,N,N,N,N,N,N,N,N,N
3702,19036112541,P,03700,Magomed Bjørnhild                  ,Østberg                            ,J,N,N,J,N,KUNDER OVER 18 ÅR                  ,N,N,N,N,N,N,N,N,N,N,N
3702,12060322331,P,07751,Mogens Cassandra                   ,Rong                               ,N,N,N,J,N,KUNDER OVER 18 ÅR                  ,N,N,N,N,N,N,N,N,N,N,N
3702,29108114205,P,03708,Gard Torhild                       ,Volle                              ,N,J,N,J,N,KUNDER OVER 18 ÅR                  ,N,N,N,N,N,N,N,N,N,N,N
3702,04116006249,P,03795,Gunda Leszek                       ,Refsnes                            ,N,J,J,J,N,KUNDER OVER 18 ÅR                  ,N,N,N,N,N,N,N,N,N,N,N
3702,16119408257,P,07751,Michelle Torsten                   ,Løvaas                             ,J,N,N,J,N,KUNDER OVER 18 ÅR                  ,N,N,N,N,N,N,N,N,N,N,N
3702,28019204628,P,03700,Kristofer Antonia                  ,Røsvik                             ,N,N,N,J,N,KUNDER OVER 18 ÅR                  ,N,N,N,N,N,N,N,N,N,N,N
3702,14129110407,P,03795,Vasile Trude                       ,Stein                              ,N,N,N,J,N,KUNDER OVER 18 ÅR                  ,N,N,N,N,N,N,N,N,N,N,N
3702,03088600745,P,03741,Anne-Lise Kenny                    ,Halleland                          ,N,J,N,J,N,KUNDER OVER 18 ÅR                  ,N,N,N,N,N,N,N,N,N,N,N
3702,24098507279,P,03741,Britha Kamran                      ,Harkestad                          ,N,J,J,J,N,KUNDER OVER 18 ÅR                  ,N,N,N,N,N,N,N,N,N,N,N
3702,10086209182,B,23700,Benn Merete                        ,Ravndal                            ,N,J,N,J,N,KUNDER OVER 18 ÅR                  ,N,N,N,N,N,N,N,N,N,N,N
3702,20015317249,P,03708,Guri Julio                         ,Fløtre                             ,N,N,N,J,N,KUNDER OVER 18 ÅR                  ,N,N,N,N,N,N,N,N,N,N,N
3702,31086104256,P,03741,Martin Ingelin                     ,Engdal                             ,N,J,N,J,N,KUNDER OVER 18 ÅR                  ,N,N,N,N,N,N,N,N,N,N,N
3702,27026904973,P,03704,Darius Norunn                      ,Bye                                ,N,J,N,J,N,KUNDER OVER 18 ÅR                  ,N,N,N,N,N,N,N,N,N,N,N
3702,16058700421,P,03708,Greta Kenny                        ,Skogheim                           ,N,N,N,J,N,KUNDER OVER 18 ÅR                  ,N,N,N,N,N,N,N,N,N,N,N
3702,11117307672,P,03708,Mehmed Agnethe                     ,Toresen                            ,N,N,N,J,N,KUNDER OVER 18 ÅR                  ,N,N,N,N,N,N,N,N,N,N,N
3702,23126916434,P,03708,Hallstein Valentina                ,Bonsaksen                          ,N,J,J,J,N,KUNDER OVER 18 ÅR                  ,N,N,N,N,N,N,N,N,N,N,N
3702,30068302729,P,03704,Yosef Tahira                       ,Minge                              ,N,N,N,J,N,KUNDER OVER 18 ÅR                  ,N,N,N,N,N,N,N,N,N,N,N
3702,11089755273,P,03795,Bergitte Audun                     ,Aden                               ,N,N,N,J,N,KUNDER OVER 18 ÅR                  ,N,N,N,N,N,N,N,N,N,N,N
3702,22074408323,P,03704,Serine Odd-Arne                    ,Rui                                ,N,N,N,J,N,KUNDER OVER 18 ÅR                  ,N,N,N,N,N,N,N,N,N,N,N
3702,22036805912,P,03741,Tommy Indre                        ,Marken                             ,N,J,N,J,N,KUNDER OVER 18 ÅR                  ,N,N,N,N,N,N,N,N,N,N,N
3702,03088911554,P,07751,Eve Nicolae                        ,Stein                              ,N,J,N,J,N,KUNDER OVER 18 ÅR                  ,N,N,N,N,N,N,N,N,N,N,N
3702,26064617590,P,07751,Minh Thorgeir                      ,Guldberg                           ,N,N,N,J,N,KUNDER OVER 18 ÅR                  ,N,N,N,N,N,N,N,N,N,N,N
3702,07029402234,P,03741,Rasa Arthur                        ,Balstad                            ,N,N,N,J,N,KUNDER OVER 18 ÅR                  ,N,N,N,N,N,N,N,N,N,N,N
3702,09016608979,P,03704,Aleksandra Rudi                    ,Fardal                             ,N,N,N,J,N,KUNDER OVER 18 ÅR                  ,N,N,N,N,N,N,N,N,N,N,N
3702,11034810437,P,03700,Halvar Lucyna                      ,Klæboe                             ,N,N,J,J,N,KUNDER OVER 18 ÅR                  ,N,N,N,N,N,N,N,N,N,N,N
3702,01010021797,P,03700,Linh Biniam                        ,Husebø                             ,N,N,N,J,N,KUNDER OVER 18 ÅR                  ,N,N,N,N,N,N,N,N,N,N,N
3702,03067406485,P,03708,Cesar Bella                        ,Skogheim                           ,N,N,N,J,N,KUNDER OVER 18 ÅR                  ,N,N,N,N,N,N,N,N,N,N,N
3702,23080324847,P,03700,Selma Dani                         ,Kvinnesland                        ,N,J,N,J,N,KUNDER OVER 18 ÅR                  ,N,N,N,N,N,N,N,N,N,N,N
3702,12019506949,P,03708,Sollaug Reidar                     ,Remmen                             ,N,N,N,J,N,KUNDER OVER 18 ÅR                  ,N,N,N,N,N,N,N,N,N,N,N
3702,19098116993,P,07751,Jo Signy                           ,Hestvik                            ,N,N,N,J,N,KUNDER OVER 18 ÅR                  ,N,N,N,N,N,N,N,N,N,N,N
3702,19069305884,P,03700,Mimmi Idris                        ,Lønning                            ,N,N,N,N,N,KUNDER OVER 18 ÅR                  ,N,N,N,N,N,N,N,N,N,N,N
3702,03035004717,P,03700,Szymon Eldbjørg                    ,Sjøen                              ,N,N,N,J,N,KUNDER OVER 18 ÅR                  ,N,N,N,N,N,N,N,N,N,N,N
3702,14070311896,P,03700,Helle Geir-Arne                    ,Osmundsen                          ,N,N,N,J,N,KUNDER OVER 18 ÅR                  ,N,N,N,N,N,N,N,N,N,N,N
3702,18054506135,P,07751,Tilde Roald                        ,Gill                               ,N,N,N,J,N,KUNDER OVER 18 ÅR                  ,N,N,N,N,N,N,N,N,N,N,N
3702,21118018394,P,03741,Minh Thorgeir                      ,Groven                             ,N,J,N,J,N,KUNDER OVER 18 ÅR                  ,N,N,N,N,N,N,N,N,N,N,N
3702,22125214197,P,03708,Shahzad Faiza                      ,Albrigtsen                         ,N,N,N,J,N,KUNDER OVER 18 ÅR                  ,N,N,N,N,N,N,N,N,N,N,N
3702,06040375579,P,07751,Minna Istvan                       ,Grindheim                          ,N,N,N,J,N,KUNDER OVER 18 ÅR                  ,N,N,N,N,N,N,N,N,N,N,N
3702,18035608881,P,03708,Edmund Sidsel                      ,Bertelsen                          ,N,J,N,J,N,KUNDER OVER 18 ÅR                  ,N,N,N,N,N,N,N,N,N,N,N
3702,27056705886,P,07751,Shahid Gro-Anita                   ,Kvia                               ,N,J,J,J,N,KUNDER OVER 18 ÅR                  ,N,N,N,N,N,N,N,N,N,N,N
3702,24109707348,P,03704,Elsie Emilio                       ,Torheim                            ,N,J,J,J,N,KUNDER OVER 18 ÅR                  ,N,N,N,N,N,N,N,N,N,N,N
3702,17049501331,P,03704,Aylin Jan-Roger                    ,Stene                              ,N,N,N,J,N,KUNDER OVER 18 ÅR                  ,N,N,N,N,N,N,N,N,N,N,N
3702,04107113466,P,07751,Tony Lilja                         ,Lauten                             ,N,J,J,J,N,KUNDER OVER 18 ÅR                  ,N,N,N,N,N,N,N,N,N,N,N
3702,17106901228,P,03708,Stine Kenneth                      ,Løkkeberg                          ,N,N,N,J,N,KUNDER OVER 18 ÅR                  ,N,N,N,N,N,N,N,N,N,N,N
3702,01060170483,P,03700,Torsten Jana                       ,Reime                              ,N,N,N,J,N,KUNDER OVER 18 ÅR                  ,N,N,N,N,N,N,N,N,N,N,N
3702,24020338063,P,03708,Gard Fadumo                        ,Nome                               ,N,N,N,J,N,KUNDER OVER 18 ÅR                  ,N,N,N,N,N,N,N,N,N,N,N
3702,13050118228,P,03741,Kjellaug Kris                      ,Mogen                              ,N,J,N,J,N,KUNDER OVER 18 ÅR                  ,N,N,N,N,N,N,N,N,N,N,N
3702,09096010831,P,07751,Nora Frederik                      ,Lyshaug                            ,N,J,N,J,N,KUNDER OVER 18 ÅR                  ,N,N,N,N,N,N,N,N,N,N,N
3702,22100515508,P,07751,Ingri Bernt                        ,Walderhaug                         ,N,N,N,J,N,KUNDER OVER 18 ÅR                  ,N,N,N,N,N,N,N,N,N,N,N
3702,04092801611,P,03700,Tiina Emilio                       ,Obrestad                           ,N,N,N,J,N,KUNDER OVER 18 ÅR                  ,N,N,N,N,N,N,N,N,N,N,N
3702,02057118477,P,03708,Aneta Marton                       ,Høivik                             ,N,N,N,N,N,KUNDER OVER 18 ÅR                  ,N,N,N,N,N,N,N,N,N,N,N
3702,07059719127,P,07751,Berge Wanda                        ,Berisha                            ,N,J,J,J,N,KUNDER OVER 18 ÅR                  ,N,N,N,N,N,N,N,N,N,N,N
3702,30069512832,P,03795,Oscar Anny                         ,Kirknes                            ,N,N,N,J,N,KUNDER OVER 18 ÅR                  ,N,N,N,N,N,N,N,N,N,N,N
3702,05039210004,P,03708,Brigt Saba                         ,Joa                                ,N,N,N,J,N,KUNDER OVER 18 ÅR                  ,N,N,N,N,N,N,N,N,N,N,N
3702,24030011410,P,03700,Larisa Kenny                       ,Weberg                             ,N,N,N,J,N,KUNDER OVER 18 ÅR                  ,N,N,N,N,N,N,N,N,N,N,N
3702,14040175610,P,03700,Valeria Frank                      ,Elverum                            ,N,N,N,J,N,KUNDER OVER 18 ÅR                  ,N,N,N,N,N,N,N,N,N,N,N
3702,15030060013,P,07751,Gunn Umar                          ,Bogen                              ,N,N,N,J,N,KUNDER OVER 18 ÅR                  ,N,N,N,N,N,N,N,N,N,N,N
3702,27098020581,P,03708,Torolf Anisa                       ,Storsve                            ,N,J,N,J,N,KUNDER OVER 18 ÅR                  ,N,N,N,N,N,N,N,N,N,N,N
3702,11019156364,P,03700,Jens Ylva                          ,Fure                               ,N,N,N,N,N,KUNDER OVER 18 ÅR                  ,N,N,N,N,N,N,N,N,N,N,N
3702,17126607520,P,03704,Thi Torgny                         ,Økland                             ,N,N,N,J,N,KUNDER OVER 18 ÅR                  ,N,N,N,N,N,N,N,N,N,N,N
3702,20085505913,P,03700,Victor Veronica                    ,Lindholm                           ,N,J,J,J,N,KUNDER OVER 18 ÅR                  ,N,N,N,N,N,N,N,N,N,N,N
3702,20078612178,P,07751,Una Hallstein                      ,Mehmood                            ,N,N,N,J,N,KUNDER OVER 18 ÅR                  ,N,N,N,N,N,N,N,N,N,N,N
3702,29120278108,P,07751,Gurine Ask                         ,Hegstad                            ,N,N,N,J,N,KUNDER OVER 18 ÅR                  ,N,N,N,N,N,N,N,N,N,N,N
3702,16035502436,P,07751,Hermine Tord                       ,Kjeldsen                           ,N,N,N,J,N,KUNDER OVER 18 ÅR                  ,N,N,N,N,N,N,N,N,N,N,N
3702,23105608411,P,03700,Bodhild Helmut                     ,Winge                              ,N,N,N,J,N,KUNDER OVER 18 ÅR                  ,N,N,N,N,N,N,N,N,N,N,N
3702,23085817523,P,03795,Cesar Nancy                        ,Thuen                              ,N,J,N,J,N,KUNDER OVER 18 ÅR                  ,N,N,N,N,N,N,N,N,N,N,N
3702,04038311951,P,03741,Hroar Olga                         ,Kvernmo                            ,N,J,N,J,N,KUNDER OVER 18 ÅR                  ,N,N,N,N,N,N,N,N,N,N,N
3702,07117608896,P,07751,Noel Maria                         ,Sølvberg                           ,N,J,N,J,N,KUNDER OVER 18 ÅR                  ,N,N,N,N,N,N,N,N,N,N,N
3702,06067707158,P,03708,Sol Odd-Arne                       ,Monstad                            ,N,J,J,J,N,KUNDER OVER 18 ÅR                  ,N,N,N,N,N,N,N,N,N,N,N
3702,27126308847,P,07751,Gurli Reidar                       ,Balstad                            ,N,J,J,J,N,KUNDER OVER 18 ÅR                  ,N,N,N,N,N,N,N,N,N,N,N
3702,30119516680,P,03708,Gregor Jade                        ,Hætta                              ,N,N,N,J,N,KUNDER OVER 18 ÅR                  ,N,N,N,N,N,N,N,N,N,N,N
3702,08067605285,P,03700,Rosita Hans-Christian              ,Østberg                            ,N,N,N,J,N,KUNDER OVER 18 ÅR                  ,N,N,N,N,N,N,N,N,N,N,N
3702,22110211523,P,03708,Andres Anniken                     ,Jama                               ,J,J,N,J,N,KUNDER OVER 18 ÅR                  ,N,N,N,N,N,N,N,N,N,N,N
3702,25038003170,P,07751,Jens Karolina                      ,Muri                               ,N,N,N,J,N,KUNDER OVER 18 ÅR                  ,N,N,N,N,N,N,N,N,N,N,N
3702,27057316778,P,03700,Camille Borger                     ,Wojcik                             ,N,N,N,J,N,KUNDER OVER 18 ÅR                  ,N,N,N,N,N,N,N,N,N,N,N
3702,11023627770,P,03741,Jana Thorgeir                      ,Holden                             ,N,N,J,J,N,KUNDER OVER 18 ÅR                  ,N,N,N,N,N,N,N,N,N,N,N
3702,28066911030,P,03704,Jo Marith                          ,Martinussen                        ,N,N,N,J,N,KUNDER OVER 18 ÅR                  ,N,N,N,N,N,N,N,N,N,N,N
3702,20109611159,P,03708,Alva Kato                          ,Begum                              ,N,N,N,J,N,KUNDER OVER 18 ÅR                  ,N,N,N,N,N,N,N,N,N,N,N
3702,29106514737,P,03700,Alina Kenny                        ,Karstensen                         ,N,J,J,J,N,KUNDER OVER 18 ÅR                  ,N,N,N,N,N,N,N,N,N,N,N
3702,02076309291,P,03708,Hilda Per-Kristian                 ,Duong                              ,N,J,J,J,N,KUNDER OVER 18 ÅR                  ,N,N,N,N,N,N,N,N,N,N,N
3702,02089112128,P,03708,Ahmet Daniella                     ,Malmin                             ,N,N,N,J,N,KUNDER OVER 18 ÅR                  ,N,N,N,N,N,N,N,N,N,N,N
3702,08057510693,P,07751,Nina Thorvald                      ,Linnerud                           ,N,J,J,J,N,KUNDER OVER 18 ÅR                  ,N,N,N,N,N,N,N,N,N,N,N
3702,23059568310,P,07751,Rigmor Abdulahi                    ,Sølvberg                           ,N,N,N,J,N,KUNDER OVER 18 ÅR                  ,N,N,N,N,N,N,N,N,N,N,N
3702,13050408218,P,03795,Sølvi Umar                         ,Ingvaldsen                         ,N,N,N,J,N,KUNDER OVER 18 ÅR                  ,N,N,N,N,N,N,N,N,N,N,N
3702,19040461321,P,07751,Dora Bruno                         ,Balstad                            ,N,N,N,J,N,KUNDER OVER 18 ÅR                  ,N,N,N,N,N,N,N,N,N,N,N
3702,29065721587,P,03700,Valter Heike                       ,Eidsvåg                            ,N,N,N,J,N,KUNDER OVER 18 ÅR                  ,N,N,N,N,N,N,N,N,N,N,N
3702,08030158556,P,03795,Idun Abdifatah                     ,Urdal                              ,N,N,N,J,N,KUNDER OVER 18 ÅR                  ,N,N,N,N,N,N,N,N,N,N,N
3702,02088905221,B,23700,Mariel Trym                        ,Dahle                              ,N,N,N,J,N,KUNDER OVER 18 ÅR                  ,N,N,N,N,N,N,N,N,N,N,N
3702,09108818473,P,07751,Lorna Birger                       ,Bjørkheim                          ,N,J,N,J,N,KUNDER OVER 18 ÅR                  ,N,N,N,N,N,N,N,N,N,N,N
3702,19088818345,P,03741,Eiril Leszek                       ,Østhus                             ,N,N,N,J,N,KUNDER OVER 18 ÅR                  ,N,N,N,N,N,N,N,N,N,N,N
3702,27095102846,P,03700,Knud Christine                     ,Solum                              ,N,J,N,J,N,KUNDER OVER 18 ÅR                  ,N,N,N,N,N,N,N,N,N,N,N
3702,19107919816,P,03708,Weronica Abdulahi                  ,Melsom                             ,N,N,N,J,N,KUNDER OVER 18 ÅR                  ,N,N,N,N,N,N,N,N,N,N,N
3702,08046012934,P,03741,Anstein Sahra                      ,Figenschau                         ,N,N,N,J,N,KUNDER OVER 18 ÅR                  ,N,N,N,N,N,N,N,N,N,N,N
3702,23126303742,P,03708,Nancy Jahn                         ,Sikveland                          ,N,N,N,J,N,KUNDER OVER 18 ÅR                  ,N,N,N,N,N,N,N,N,N,N,N
3702,08104509623,P,03700,Snezana Leszek                     ,Haarstad                           ,N,N,N,J,N,KUNDER OVER 18 ÅR                  ,N,N,N,N,N,N,N,N,N,N,N
3702,21115400034,P,03700,Anisa Jan-Fredrik                  ,Duong                              ,N,J,N,J,N,KUNDER OVER 18 ÅR                  ,N,N,N,N,N,N,N,N,N,N,N
3702,14067818009,P,03700,Mindor Annike                      ,Vie                                ,N,J,N,J,N,KUNDER OVER 18 ÅR                  ,N,N,N,N,N,N,N,N,N,N,N
3702,21034818018,P,03741,Bjørghild Helmut                   ,Aksnes                             ,N,J,N,J,N,KUNDER OVER 18 ÅR                  ,N,N,N,N,N,N,N,N,N,N,N
3702,12084923204,P,03700,Marion Øyvind                      ,Skjølberg                          ,N,N,N,J,N,KUNDER OVER 18 ÅR                  ,N,N,N,N,N,N,N,N,N,N,N
3702,31036611459,P,03700,Luiza Cesar                        ,Weiseth                            ,N,J,J,J,N,KUNDER OVER 18 ÅR                  ,N,N,N,N,N,N,N,N,N,N,N
3702,12100322925,P,03700,Knut-Erik Inger-Johanne            ,Gabrielsen                         ,N,N,N,J,N,KUNDER OVER 18 ÅR                  ,N,N,N,N,N,N,N,N,N,N,N
3702,04010401661,P,03700,Katinka Maciej                     ,Misund                             ,N,N,N,J,N,KUNDER OVER 18 ÅR                  ,N,N,N,N,N,N,N,N,N,N,N
3702,10087608552,P,07751,Eden Abdifatah                     ,Ringstad                           ,N,N,N,J,N,KUNDER OVER 18 ÅR                  ,N,N,N,N,N,N,N,N,N,N,N
3702,19057909008,P,03741,Oda Viktors                        ,Underhaug                          ,N,J,J,J,N,KUNDER OVER 18 ÅR                  ,N,N,N,N,N,N,N,N,N,N,N
3702,12059306543,P,03795,Donatas Milly                      ,Klaussen                           ,N,N,N,J,N,KUNDER OVER 18 ÅR                  ,N,N,N,N,N,N,N,N,N,N,N
3702,10049411834,P,03700,Rut Stig                           ,Aksnes                             ,N,J,J,J,N,KUNDER OVER 18 ÅR                  ,N,N,N,N,N,N,N,N,N,N,N
3702,18093525147,P,03700,Eve Marton                         ,Mjåland                            ,N,N,N,J,N,KUNDER OVER 18 ÅR                  ,N,N,N,N,N,N,N,N,N,N,N
3702,23077809961,P,03795,Emad Lidia                         ,Ravnås                             ,N,N,N,J,N,KUNDER OVER 18 ÅR                  ,N,N,N,N,N,N,N,N,N,N,N
3702,27065715215,P,03741,Nils Gabriella                     ,Svarstad                           ,N,J,J,J,N,KUNDER OVER 18 ÅR                  ,N,N,N,N,N,N,N,N,N,N,N
3702,16116911837,P,03700,Iveta Helmer                       ,Tjessem                            ,N,N,N,J,N,KUNDER OVER 18 ÅR                  ,N,N,N,N,N,N,N,N,N,N,N
3702,28118515457,P,03741,Ranveig Berge                      ,Aaby                               ,N,J,N,J,N,KUNDER OVER 18 ÅR                  ,N,N,N,N,N,N,N,N,N,N,N
3702,12129703952,P,03795,Krystyna Jan-Olav                  ,Sjøthun                            ,N,N,N,J,N,KUNDER OVER 18 ÅR                  ,N,N,N,N,N,N,N,N,N,N,N
3702,06039323921,P,03704,Glen Siri                          ,Ådland                             ,N,N,N,J,N,KUNDER OVER 18 ÅR                  ,N,N,N,N,N,N,N,N,N,N,N
3702,08089615950,P,03741,Willy Kathe                        ,Ringheim                           ,N,J,N,J,N,KUNDER OVER 18 ÅR                  ,N,N,N,N,N,N,N,N,N,N,N
3702,01074618770,P,03704,Minh Thorgeir                      ,Jensen                             ,N,N,N,J,N,KUNDER OVER 18 ÅR                  ,N,N,N,N,N,N,N,N,N,N,N
3702,03127414687,P,03704,Bartosz Haldis                     ,Kvale                              ,N,N,N,J,N,KUNDER OVER 18 ÅR                  ,N,N,N,N,N,N,N,N,N,N,N
3702,21076607246,P,07751,Sophie Ricardo                     ,Skjelvik                           ,N,J,J,J,N,KUNDER OVER 18 ÅR                  ,N,N,N,N,N,N,N,N,N,N,N
3702,12019520356,P,07751,Pablo Odny                         ,Lidal                              ,N,N,N,J,N,KUNDER OVER 18 ÅR                  ,N,N,N,N,N,N,N,N,N,N,N
3702,29079921783,P,03708,Rimantas Lindy                     ,Rossland                           ,N,N,N,J,N,KUNDER OVER 18 ÅR                  ,N,N,N,N,N,N,N,N,N,N,N
3702,13066409737,P,03708,Ibrahim Nancy                      ,Bergerud                           ,N,N,N,J,N,KUNDER OVER 18 ÅR                  ,N,N,N,N,N,N,N,N,N,N,N
3702,13108812235,P,03795,Rebecka Pieter                     ,Soltvedt                           ,N,J,J,J,N,KUNDER OVER 18 ÅR                  ,N,N,N,N,N,N,N,N,N,N,N
3702,31034616550,P,03741,Susanna Vegar                      ,Kydland                            ,N,J,N,J,N,KUNDER OVER 18 ÅR                  ,N,N,N,N,N,N,N,N,N,N,N
3702,05026414417,P,03700,Curt Marion                        ,Sandersen                          ,N,N,N,J,N,KUNDER OVER 18 ÅR                  ,N,N,N,N,N,N,N,N,N,N,N
3702,05106110168,P,03700,Eivin Iman                         ,Sletten                            ,N,N,N,N,N,KUNDER OVER 18 ÅR                  ,N,N,N,N,N,N,N,N,N,N,N
3702,05116023670,P,03700,Yosef Aline                        ,Herdlevær                          ,N,N,N,J,N,KUNDER OVER 18 ÅR                  ,N,N,N,N,N,N,N,N,N,N,N
3702,28087911472,P,03795,Mimmi Danny                        ,Norland                            ,N,J,J,J,N,KUNDER OVER 18 ÅR                  ,N,N,N,N,N,N,N,N,N,N,N
3702,10089007548,P,03700,Torsten Annabell                   ,Nymark                             ,N,J,J,J,N,KUNDER OVER 18 ÅR                  ,N,N,N,N,N,N,N,N,N,N,N
3702,27044505717,P,07751,Tyra Elvis                         ,Leikvoll                           ,N,J,N,J,N,KUNDER OVER 18 ÅR                  ,N,N,N,N,N,N,N,N,N,N,N
3702,18090255521,P,03700,Karita Leszek                      ,Karlstad                           ,N,N,N,J,N,KUNDER OVER 18 ÅR                  ,N,N,N,N,N,N,N,N,N,N,N
3702,21066416302,P,03795,Frithjof Natalie                   ,Øvretveit                          ,N,N,N,J,N,KUNDER OVER 18 ÅR                  ,N,N,N,N,N,N,N,N,N,N,N
3702,03079120633,P,03700,Sigfred Marit                      ,Sønstebø                           ,N,J,J,J,N,KUNDER OVER 18 ÅR                  ,N,N,N,N,N,N,N,N,N,N,N
3702,07019858779,P,03700,Morteza Sheila                     ,Ramsland                           ,N,N,N,J,N,KUNDER OVER 18 ÅR                  ,N,N,N,N,N,N,N,N,N,N,N
3702,11028603411,P,03704,Larisa Kenny                       ,Lynum                              ,N,N,N,J,N,KUNDER OVER 18 ÅR                  ,N,N,N,N,N,N,N,N,N,N,N
3702,29084807395,P,03700,Dyveke Herbert                     ,Holmøy                             ,N,N,N,J,N,KUNDER OVER 18 ÅR                  ,N,N,N,N,N,N,N,N,N,N,N
3702,08090333616,P,03708,Wenke Tristan                      ,Fidjeland                          ,N,N,N,J,N,KUNDER OVER 18 ÅR                  ,N,N,N,N,N,N,N,N,N,N,N
3702,29096412949,P,03777,Juan Rose                          ,Klausen                            ,N,N,J,J,N,KUNDER OVER 18 ÅR                  ,N,N,N,N,N,N,N,N,N,N,N
3702,24027713374,P,03700,Juozas Veronika                    ,Vinje                              ,N,N,N,J,N,KUNDER OVER 18 ÅR                  ,N,N,N,N,N,N,N,N,N,N,N
3702,27107200911,P,03795,Jovita Tollef                      ,Aarø                               ,N,J,N,J,N,KUNDER OVER 18 ÅR                  ,N,N,N,N,N,N,N,N,N,N,N
3702,26107402925,P,07751,Wieslaw Maj-Britt                  ,Gullaksen                          ,N,J,J,J,N,KUNDER OVER 18 ÅR                  ,N,N,N,N,N,N,N,N,N,N,N
3702,26067614266,P,07751,Ahmed Bianca                       ,Rikardsen                          ,N,J,N,J,N,KUNDER OVER 18 ÅR                  ,N,N,N,N,N,N,N,N,N,N,N
3702,16097924957,P,03700,Eli Folke                          ,Nordmo                             ,N,J,N,J,N,KUNDER OVER 18 ÅR                  ,N,N,N,N,N,N,N,N,N,N,N
3702,03058009325,B,23795,Øydis Anstein                      ,Vestby                             ,N,J,N,J,N,KUNDER OVER 18 ÅR                  ,N,N,N,N,N,N,N,N,N,N,N
3702,05129805597,P,03795,Margret Ion                        ,Sandve                             ,N,N,N,J,N,KUNDER OVER 18 ÅR                  ,N,N,N,N,N,N,N,N,N,N,N
3702,12127002329,P,03704,Ayla Bjørn-Inge                    ,Nordnes                            ,N,J,J,J,N,KUNDER OVER 18 ÅR                  ,N,N,N,N,N,N,N,N,N,N,N
3702,19106402771,P,03700,Nataliia Fernando                  ,Lidal                              ,N,N,N,J,N,KUNDER OVER 18 ÅR                  ,N,N,N,N,N,N,N,N,N,N,N
3702,15095103429,P,03795,Anne-Katrine Viktors               ,Kongshaug                          ,N,N,N,J,N,KUNDER OVER 18 ÅR                  ,N,N,N,N,N,N,N,N,N,N,N
3702,03077903231,P,03741,Robertas Bodhild                   ,Vika                               ,N,J,N,J,N,KUNDER OVER 18 ÅR                  ,N,N,N,N,N,N,N,N,N,N,N
3702,22038111217,P,03700,Ann-Elise Hans                     ,Skjølberg                          ,N,J,J,J,N,KUNDER OVER 18 ÅR                  ,N,N,N,N,N,N,N,N,N,N,N
3702,17014605959,P,03704,Valter Isabella                    ,Weiseth                            ,N,J,N,J,N,KUNDER OVER 18 ÅR                  ,N,N,N,N,N,N,N,N,N,N,N
3702,27098212561,P,03704,Christen Anisa                     ,Melgård                            ,N,N,N,J,N,KUNDER OVER 18 ÅR                  ,N,N,N,N,N,N,N,N,N,N,N
3702,06076501155,P,07751,Marcel Marie                       ,Skjolden                           ,N,J,N,J,N,KUNDER OVER 18 ÅR                  ,N,N,N,N,N,N,N,N,N,N,N
3702,15047918089,P,03700,Ernestas Kjellfrid                 ,Grue                               ,N,J,N,J,N,KUNDER OVER 18 ÅR                  ,N,N,N,N,N,N,N,N,N,N,N
3702,02046300141,P,03700,Sabrina Nabil                      ,Aarrestad                          ,N,J,N,J,N,KUNDER OVER 18 ÅR                  ,N,N,N,N,N,N,N,N,N,N,N
3702,13116600506,P,07751,Kai Huong                          ,Dagsland                           ,N,J,N,J,N,KUNDER OVER 18 ÅR                  ,N,N,N,N,N,N,N,N,N,N,N
3702,18059017019,P,03700,Knud Natalie                       ,Nyheim                             ,N,J,N,J,N,KUNDER OVER 18 ÅR                  ,N,N,N,N,N,N,N,N,N,N,N
3702,24060432879,P,03708,Møyfrid Asbjørn                    ,Rudi                               ,N,N,N,J,N,KUNDER OVER 18 ÅR                  ,N,N,N,N,N,N,N,N,N,N,N
3702,29096817485,P,03795,Cesilie Stein-Erik                 ,Wu                                 ,N,J,N,J,N,KUNDER OVER 18 ÅR                  ,N,N,N,N,N,N,N,N,N,N,N
3702,23087507130,P,03704,Zlatko Tove                        ,Svanevik                           ,N,J,N,J,N,KUNDER OVER 18 ÅR                  ,N,N,N,N,N,N,N,N,N,N,N
3702,27038511942,P,07751,Nina Sylwester                     ,Skjønberg                          ,N,J,J,J,N,KUNDER OVER 18 ÅR                  ,N,N,N,N,N,N,N,N,N,N,N
3702,17068061385,P,03708,Asha Milian                        ,Dahlstrøm                          ,N,J,N,J,N,KUNDER OVER 18 ÅR                  ,N,N,N,N,N,N,N,N,N,N,N
3702,16068003613,P,03700,Fredrikke Rachid                   ,Bergmann                           ,N,J,J,J,N,KUNDER OVER 18 ÅR                  ,N,N,N,N,N,N,N,N,N,N,N
3702,22060006931,P,03700,Nils Bertha                        ,Rist                               ,N,N,N,J,N,KUNDER OVER 18 ÅR                  ,N,N,N,N,N,N,N,N,N,N,N
3702,27120216142,P,03700,Tommy Siril                        ,Viken                              ,N,N,N,J,N,KUNDER OVER 18 ÅR                  ,N,N,N,N,N,N,N,N,N,N,N
3702,05099419328,P,03708,Johan Zainab                       ,Holmstrøm                          ,N,J,N,J,N,KUNDER OVER 18 ÅR                  ,N,N,N,N,N,N,N,N,N,N,N
3702,21076307536,P,03795,Susann Bastian                     ,Rikardsen                          ,N,J,N,J,N,KUNDER OVER 18 ÅR                  ,N,N,N,N,N,N,N,N,N,N,N
3702,07067800634,P,03795,Salih Marzena                      ,Salberg                            ,N,J,J,J,N,KUNDER OVER 18 ÅR                  ,N,N,N,N,N,N,N,N,N,N,N
3702,21106124148,P,03700,Britt Viktors                      ,Sørum                              ,N,J,J,J,N,KUNDER OVER 18 ÅR                  ,N,N,N,N,N,N,N,N,N,N,N
3702,26095310639,P,03708,Renata Leiv                        ,Torsvik                            ,N,J,N,J,N,KUNDER OVER 18 ÅR                  ,N,N,N,N,N,N,N,N,N,N,N
3702,03054413598,P,03741,Miranda Duy                        ,Kydland                            ,N,J,N,J,N,KUNDER OVER 18 ÅR                  ,N,N,N,N,N,N,N,N,N,N,N
3702,19069005236,P,07751,May-Linn Nabil                     ,Rui                                ,N,J,N,J,N,KUNDER OVER 18 ÅR                  ,N,N,N,N,N,N,N,N,N,N,N
3702,10049306666,P,03795,Karwan Lucyna                      ,Bjørdal                            ,J,J,N,J,N,KUNDER OVER 18 ÅR                  ,N,N,N,N,N,N,N,N,N,N,N
3702,10016200315,P,03700,Monika Ingvard                     ,Aksnes                             ,N,J,N,J,N,KUNDER OVER 18 ÅR                  ,N,N,N,N,N,N,N,N,N,N,N
3702,26030365800,P,03795,Stina Jan-Olav                     ,Aspenes                            ,N,N,N,J,N,KUNDER OVER 18 ÅR                  ,N,N,N,N,N,N,N,N,N,N,N
3702,22127707646,P,03704,Robertas Bodhild                   ,Drønen                             ,N,N,N,J,N,KUNDER OVER 18 ÅR                  ,N,N,N,N,N,N,N,N,N,N,N
3702,26077523161,P,03795,Ella Laimonas                      ,Ramsland                           ,N,N,N,J,N,KUNDER OVER 18 ÅR                  ,N,N,N,N,N,N,N,N,N,N,N
3702,03060075912,P,07751,Juan Lorna                         ,Hamre                              ,N,N,N,J,N,KUNDER OVER 18 ÅR                  ,N,N,N,N,N,N,N,N,N,N,N
3702,01039202197,P,03708,Francisca Edward                   ,Honningsvåg                        ,N,J,J,J,N,KUNDER OVER 18 ÅR                  ,N,N,N,N,N,N,N,N,N,N,N
3702,29117810443,P,03741,Liva Viktors                       ,Gill                               ,N,J,J,J,N,KUNDER OVER 18 ÅR                  ,N,N,N,N,N,N,N,N,N,N,N
3702,08096422092,P,03700,Aagot Willy                        ,Khalil                             ,N,N,N,N,N,KUNDER OVER 18 ÅR                  ,N,N,N,N,N,N,N,N,N,N,N
3702,16014516089,P,03704,Torkell Moa                        ,Brenne                             ,N,N,N,J,N,KUNDER OVER 18 ÅR                  ,N,N,N,N,N,N,N,N,N,N,N
3702,22086515478,P,07751,Asle Emely                         ,Bru                                ,N,N,N,J,N,KUNDER OVER 18 ÅR                  ,N,N,N,N,N,N,N,N,N,N,N
3702,22049471517,P,03708,Asif Carola                        ,Friestad                           ,N,N,N,J,N,KUNDER OVER 18 ÅR                  ,N,N,N,N,N,N,N,N,N,N,N
3702,18046604616,P,03741,Eystein Bich                       ,Vigdal                             ,N,N,N,J,N,KUNDER OVER 18 ÅR                  ,N,N,N,N,N,N,N,N,N,N,N
3702,26075210557,P,03708,Siv Biniam                         ,Hotvedt                            ,N,N,N,J,N,KUNDER OVER 18 ÅR                  ,N,N,N,N,N,N,N,N,N,N,N
3702,08068408661,P,03795,Reid Stine                         ,Buraas                             ,N,J,N,J,N,KUNDER OVER 18 ÅR                  ,N,N,N,N,N,N,N,N,N,N,N
3702,02038016736,P,07751,Sead Aida                          ,Melgård                            ,N,N,N,J,N,KUNDER OVER 18 ÅR                  ,N,N,N,N,N,N,N,N,N,N,N
3702,18118512924,P,03741,Olaug Berhane                      ,Kumar                              ,N,J,J,J,N,KUNDER OVER 18 ÅR                  ,N,N,N,N,N,N,N,N,N,N,N
3702,31057410550,P,03795,Håvard Mariya                      ,Thorsrud                           ,N,J,J,J,N,KUNDER OVER 18 ÅR                  ,N,N,N,N,N,N,N,N,N,N,N
3702,31017414774,P,03700,Gertrud Nicolae                    ,Drage                              ,N,J,N,J,N,KUNDER OVER 18 ÅR                  ,N,N,N,N,N,N,N,N,N,N,N
3702,17088100506,P,03741,Ludmila Stig                       ,Bech                               ,N,J,N,J,N,KUNDER OVER 18 ÅR                  ,N,N,N,N,N,N,N,N,N,N,N
3702,06117116814,P,07751,Fillip Elaine                      ,Mundal                             ,N,J,N,J,N,KUNDER OVER 18 ÅR                  ,N,N,N,N,N,N,N,N,N,N,N
3702,10014313732,P,07751,Aigars Fride                       ,Styve                              ,N,J,N,J,N,KUNDER OVER 18 ÅR                  ,N,N,N,N,N,N,N,N,N,N,N
3702,10058016042,B,23795,Diana Odd-Arne                     ,Øverli                             ,N,J,N,J,N,KUNDER OVER 18 ÅR                  ,N,N,N,N,N,N,N,N,N,N,N
3702,05128202759,P,07751,Petr Ina                           ,Isachsen                           ,N,N,N,J,N,KUNDER OVER 18 ÅR                  ,N,N,N,N,N,N,N,N,N,N,N
3702,30065508385,P,03795,Torstein Bjørnhild                 ,Bergan                             ,N,J,N,J,N,KUNDER OVER 18 ÅR                  ,N,N,N,N,N,N,N,N,N,N,N
3702,09017400921,P,03741,Aina Erik                          ,Lind                               ,N,N,N,J,N,KUNDER OVER 18 ÅR                  ,N,N,N,N,N,N,N,N,N,N,N
3702,09129015478,P,03708,Tore Lilly                         ,Huus                               ,N,J,N,J,N,KUNDER OVER 18 ÅR                  ,N,N,N,N,N,N,N,N,N,N,N
3702,15078605186,P,03700,Balder Aagot                       ,Valland                            ,N,J,J,J,N,KUNDER OVER 18 ÅR                  ,N,N,N,N,N,N,N,N,N,N,N
3702,31057602611,P,03795,Renathe Maciej                     ,Sandøy                             ,N,J,J,J,N,KUNDER OVER 18 ÅR                  ,N,N,N,N,N,N,N,N,N,N,N
3702,07028724548,P,03700,Halldis Emilio                     ,Larsen                             ,N,J,N,J,N,KUNDER OVER 18 ÅR                  ,N,N,N,N,N,N,N,N,N,N,N
3702,03086508035,P,03704,Gudlaug Thorolf                    ,Ånestad                            ,N,N,N,J,N,KUNDER OVER 18 ÅR                  ,N,N,N,N,N,N,N,N,N,N,N
3702,26049303938,B,23795,Kamil Martyna                      ,Osen                               ,N,N,N,J,N,KUNDER OVER 18 ÅR                  ,N,N,N,N,N,N,N,N,N,N,N
3702,08129101637,P,03795,Ådne Catrin                        ,Rognan                             ,N,N,N,J,N,KUNDER OVER 18 ÅR                  ,N,N,N,N,N,N,N,N,N,N,N
3702,03068017377,P,03708,Judy Magnus                        ,Angell                             ,N,N,N,J,N,KUNDER OVER 18 ÅR                  ,N,N,N,N,N,N,N,N,N,N,N
3702,02116708046,P,03700,Madelen Roald                      ,Aulie                              ,N,N,N,J,N,KUNDER OVER 18 ÅR                  ,N,N,N,N,N,N,N,N,N,N,N
3702,22059919206,P,03795,Denis Arja                         ,Nordeng                            ,N,N,N,J,N,KUNDER OVER 18 ÅR                  ,N,N,N,N,N,N,N,N,N,N,N
3702,12067807950,P,03708,Oddmar Serina                      ,Storsve                            ,N,N,N,N,N,KUNDER OVER 18 ÅR                  ,N,N,N,N,N,N,N,N,N,N,N
3702,05099509971,P,03795,Angelika Mehran                    ,Braaten                            ,N,N,N,J,N,KUNDER OVER 18 ÅR                  ,N,N,N,N,N,N,N,N,N,N,N
3702,17054904592,B,23795,Galina Lars-Erik                   ,Abraham                            ,N,J,N,J,N,KUNDER OVER 18 ÅR                  ,N,N,N,N,N,N,N,N,N,N,N
3702,09098200867,P,03708,Ole-Jacob Elisabet                 ,Schanche                           ,N,J,N,J,N,KUNDER OVER 18 ÅR                  ,N,N,N,N,N,N,N,N,N,N,N
3702,29098404943,P,03704,Bartosz Ronja                      ,Grønning                           ,N,J,N,J,N,KUNDER OVER 18 ÅR                  ,N,N,N,N,N,N,N,N,N,N,N
3702,14125512640,P,03741,Sissel Jan-Roger                   ,Bjørsvik                           ,N,J,N,J,N,KUNDER OVER 18 ÅR                  ,N,N,N,N,N,N,N,N,N,N,N
3702,09108608207,P,03700,Mateusz Marianne                   ,Schei                              ,N,J,J,J,N,KUNDER OVER 18 ÅR                  ,N,N,N,N,N,N,N,N,N,N,N
3702,06049813196,P,03704,Borghild Bernt                     ,Miljeteig                          ,N,N,N,J,N,KUNDER OVER 18 ÅR                  ,N,N,N,N,N,N,N,N,N,N,N
3702,29016503922,P,07751,Cesar Gunnvor                      ,Leidland                           ,N,J,N,J,N,KUNDER OVER 18 ÅR                  ,N,N,N,N,N,N,N,N,N,N,N
3702,04086413987,P,03708,Torbjørg Mohsen                    ,Nysæther                           ,N,J,N,J,N,KUNDER OVER 18 ÅR                  ,N,N,N,N,N,N,N,N,N,N,N
3702,16067308615,P,03704,Cornelia Carsten                   ,Halleland                          ,N,N,N,J,N,KUNDER OVER 18 ÅR                  ,N,N,N,N,N,N,N,N,N,N,N
3702,04077113539,P,03708,Kristine Kemal                     ,Bergum                             ,N,J,N,J,N,KUNDER OVER 18 ÅR                  ,N,N,N,N,N,N,N,N,N,N,N
3702,25025816172,P,07751,Zeynep Mladen                      ,Solheim                            ,N,N,N,J,N,KUNDER OVER 18 ÅR                  ,N,N,N,N,N,N,N,N,N,N,N
3702,06126215760,P,03708,Hroar Olga                         ,Todal                              ,N,J,N,J,N,KUNDER OVER 18 ÅR                  ,N,N,N,N,N,N,N,N,N,N,N
3702,02010140636,P,03700,Boye Luiza                         ,Aadland                            ,N,J,N,J,N,KUNDER OVER 18 ÅR                  ,N,N,N,N,N,N,N,N,N,N,N
3702,08049953993,P,03741,Ib Annelise                        ,Marstein                           ,N,N,N,J,N,KUNDER OVER 18 ÅR                  ,N,N,N,N,N,N,N,N,N,N,N
3702,01127907001,P,03700,Aylin Matias                       ,Vika                               ,N,J,N,J,N,KUNDER OVER 18 ÅR                  ,N,N,N,N,N,N,N,N,N,N,N
3702,11019560459,P,03741,Møyfrid Asbjørn                    ,Mork                               ,J,J,N,J,N,KUNDER OVER 18 ÅR                  ,N,N,N,N,N,N,N,N,N,N,N
3702,08059811577,P,03795,Joanne Sigve                       ,Myklebust                          ,N,N,N,J,N,KUNDER OVER 18 ÅR                  ,N,N,N,N,N,N,N,N,N,N,N
3702,13110320358,P,03795,Jorun Hallstein                    ,Richter                            ,N,N,N,J,N,KUNDER OVER 18 ÅR                  ,N,N,N,N,N,N,N,N,N,N,N
3702,04037609604,P,03795,Florence Saad                      ,Bergum                             ,N,J,N,J,N,KUNDER OVER 18 ÅR                  ,N,N,N,N,N,N,N,N,N,N,N
3702,06025512780,P,07751,Rimantas Selma                     ,Opdahl                             ,N,N,N,J,N,KUNDER OVER 18 ÅR                  ,N,N,N,N,N,N,N,N,N,N,N
3702,13086021816,P,03795,Cornelia Carsten                   ,Berg                               ,N,N,N,J,N,KUNDER OVER 18 ÅR                  ,N,N,N,N,N,N,N,N,N,N,N
3702,25017211237,P,03704,Juan Yasmin                        ,Røise                              ,N,N,N,J,N,KUNDER OVER 18 ÅR                  ,N,N,N,N,N,N,N,N,N,N,N
3702,02045507990,P,03708,Nataniel Nicole                    ,Daleng                             ,N,J,N,J,N,KUNDER OVER 18 ÅR                  ,N,N,N,N,N,N,N,N,N,N,N
3702,16098919051,P,03708,Ingo Marlene                       ,Harnes                             ,N,J,N,J,N,KUNDER OVER 18 ÅR                  ,N,N,N,N,N,N,N,N,N,N,N
3702,04106711513,P,03708,Thora Nikolai                      ,Lekven                             ,N,J,N,J,N,KUNDER OVER 18 ÅR                  ,N,N,N,N,N,N,N,N,N,N,N
3702,27118823341,P,03741,Adnan Berly                        ,Bach                               ,N,N,N,J,N,KUNDER OVER 18 ÅR                  ,N,N,N,N,N,N,N,N,N,N,N
3702,18109306718,P,03708,Solrun Kamran                      ,Fredheim                           ,N,J,N,J,N,KUNDER OVER 18 ÅR                  ,N,N,N,N,N,N,N,N,N,N,N
3702,22098609303,P,07751,Ayla Bjørn-Inge                    ,Myrene                             ,N,J,N,J,N,KUNDER OVER 18 ÅR                  ,N,N,N,N,N,N,N,N,N,N,N
3702,01019621150,P,03741,Hilde Haakon                       ,Engelstad                          ,N,N,N,J,N,KUNDER OVER 18 ÅR                  ,N,N,N,N,N,N,N,N,N,N,N
3702,26069001520,P,03700,Yosef Lorna                        ,Henningsen                         ,N,J,N,J,N,KUNDER OVER 18 ÅR                  ,N,N,N,N,N,N,N,N,N,N,N
3702,03059511962,P,03708,Senad Kjerstin                     ,Nøkleby                            ,N,J,N,J,N,KUNDER OVER 18 ÅR                  ,N,N,N,N,N,N,N,N,N,N,N
3702,26120136118,P,03708,Thorild Jan-Inge                   ,Sture                              ,J,N,N,J,N,KUNDER OVER 18 ÅR                  ,N,N,N,N,N,N,N,N,N,N,N
3702,10070117911,P,03795,Jorun Hallstein                    ,Myhrer                             ,N,N,N,J,N,KUNDER OVER 18 ÅR                  ,N,N,N,N,N,N,N,N,N,N,N
3702,03035908888,P,03741,Olle Tanja                         ,Kallevik                           ,N,N,N,J,N,KUNDER OVER 18 ÅR                  ,N,N,N,N,N,N,N,N,N,N,N
3702,20119524904,P,03708,Torodd Wenche                      ,Borge                              ,N,J,J,J,N,KUNDER OVER 18 ÅR                  ,N,N,N,N,N,N,N,N,N,N,N
3702,03105301781,P,03700,Lejla Bjørn-Inge                   ,Løvaas                             ,N,N,N,J,N,KUNDER OVER 18 ÅR                  ,N,N,N,N,N,N,N,N,N,N,N
3702,26056514650,P,03741,Anita Torsten                      ,Nielsen                            ,N,J,N,J,N,KUNDER OVER 18 ÅR                  ,N,N,N,N,N,N,N,N,N,N,N
3702,31128604548,P,03700,Wieslaw Eir                        ,Opgård                             ,N,N,N,J,N,KUNDER OVER 18 ÅR                  ,N,N,N,N,N,N,N,N,N,N,N
3702,22129506443,P,07751,Thanh Njål                         ,Alvestad                           ,N,N,N,J,N,KUNDER OVER 18 ÅR                  ,N,N,N,N,N,N,N,N,N,N,N
3702,16119207855,P,03795,Hallgeir Synneva                   ,Bremseth                           ,N,N,N,J,N,KUNDER OVER 18 ÅR                  ,N,N,N,N,N,N,N,N,N,N,N
3702,18078109110,P,07751,Gun Holger                         ,Dyb                                ,N,N,N,J,N,KUNDER OVER 18 ÅR                  ,N,N,N,N,N,N,N,N,N,N,N
3702,12117004854,P,03704,Maryna Torsten                     ,Fedje                              ,N,J,N,J,N,KUNDER OVER 18 ÅR                  ,N,N,N,N,N,N,N,N,N,N,N
3702,21129302299,P,03708,Zlatko Embla                       ,Lind                               ,N,J,N,J,N,KUNDER OVER 18 ÅR                  ,N,N,N,N,N,N,N,N,N,N,N
3702,29097110318,P,03700,Torleiv Evita                      ,Osmundsen                          ,N,J,N,J,N,KUNDER OVER 18 ÅR                  ,N,N,N,N,N,N,N,N,N,N,N
3702,19125503295,P,03700,Geir Ragni                         ,Fagernes                           ,N,N,J,J,N,KUNDER OVER 18 ÅR                  ,N,N,N,N,N,N,N,N,N,N,N
3702,17044710692,P,03700,Møyfrid Asbjørn                    ,Åsheim                             ,N,N,N,J,N,KUNDER OVER 18 ÅR                  ,N,N,N,N,N,N,N,N,N,N,N
3702,13085706947,P,03700,Kai Annike                         ,Afzal                              ,N,N,N,J,N,KUNDER OVER 18 ÅR                  ,N,N,N,N,N,N,N,N,N,N,N
3702,14096110848,P,03741,Torkell Adine                      ,Maudal                             ,N,J,N,J,N,KUNDER OVER 18 ÅR                  ,N,N,N,N,N,N,N,N,N,N,N
3702,24057407421,P,03704,Runa Ahmed                         ,Hanstad                            ,N,J,J,J,N,KUNDER OVER 18 ÅR                  ,N,N,N,N,N,N,N,N,N,N,N
3702,20085307801,P,03795,Cecilie Johnny                     ,Risberg                            ,N,N,J,J,N,KUNDER OVER 18 ÅR                  ,N,N,N,N,N,N,N,N,N,N,N
3702,09017512169,P,03700,Marcelo Filippa                    ,Rødland                            ,N,N,N,J,N,KUNDER OVER 18 ÅR                  ,N,N,N,N,N,N,N,N,N,N,N
3702,05075921782,P,03741,Stener Miranda                     ,Guldahl                            ,N,N,N,J,N,KUNDER OVER 18 ÅR                  ,N,N,N,N,N,N,N,N,N,N,N
3702,10029816471,P,03795,Sead Hodan                         ,Sivertsen                          ,N,N,N,J,N,KUNDER OVER 18 ÅR                  ,N,N,N,N,N,N,N,N,N,N,N
3702,04075407594,P,03741,Raja Nadezda                       ,Tengesdal                          ,N,N,N,J,N,KUNDER OVER 18 ÅR                  ,N,N,N,N,N,N,N,N,N,N,N
3702,09037614685,P,03795,Beth Aslak                         ,Bru                                ,N,N,N,J,N,KUNDER OVER 18 ÅR                  ,N,N,N,N,N,N,N,N,N,N,N
3702,04099114288,P,03700,Marton Ingfrid                     ,Andresen                           ,N,J,N,J,N,KUNDER OVER 18 ÅR                  ,N,N,N,N,N,N,N,N,N,N,N
3702,21086104447,P,03700,Leila Thom                         ,Akselsen                           ,N,N,N,J,N,KUNDER OVER 18 ÅR                  ,N,N,N,N,N,N,N,N,N,N,N
3702,22056219386,B,23700,Skjalg Margaretha                  ,Ismail                             ,N,J,N,J,N,KUNDER OVER 18 ÅR                  ,N,N,N,N,N,N,N,N,N,N,N
3702,14028112018,P,03741,Edgar Kirsten                      ,Aarsand                            ,N,J,N,J,N,KUNDER OVER 18 ÅR                  ,N,N,N,N,N,N,N,N,N,N,N
