4702,55017403582,P,86310,Zdzislaw Jill                      ,Ottesen                            ,N,N,N,J,N,KUNDER OVER 18 ÅR MED D-NUMMER     ,N,N,N,N,N,N,N,N,N,N,N
4702,67048876185,P,72310,Erland Pauline                     ,Tobiassen                          ,N,N,N,J,N,KUNDER OVER 18 ÅR MED D-NUMMER     ,N,N,N,N,N,N,N,N,N,N,N
4702,42108477975,P,31310,Alison Laimonas                    ,Hval                               ,N,N,N,N,N,KUNDER OVER 18 ÅR MED D-NUMMER     ,N,N,N,N,N,N,N,N,N,N,N
4702,48088076195,P,22310,Carina Akram                       ,Nereng                             ,N,N,N,J,N,KUNDER OVER 18 ÅR MED D-NUMMER     ,N,N,N,N,N,N,N,N,N,N,N
4702,57069701851,P,53310,Bettina Dmitri                     ,Hove                               ,N,N,N,J,N,KUNDER OVER 18 ÅR MED D-NUMMER     ,N,N,N,N,N,N,N,N,N,N,N
4702,51046005949,P,53310,Anstein Sahra                      ,Føreland                           ,N,N,N,J,N,KUNDER OVER 18 ÅR MED D-NUMMER     ,N,N,N,N,N,N,N,N,N,N,N
4702,50018054954,P,53310,Heidrun Bastian                    ,Andersen                           ,N,N,N,J,N,KUNDER OVER 18 ÅR MED D-NUMMER     ,N,N,N,N,N,N,N,N,N,N,N
4702,46099156120,P,80310,Janicke Jack                       ,Grindheim                          ,N,N,N,J,N,KUNDER OVER 18 ÅR MED D-NUMMER     ,N,N,N,N,N,N,N,N,N,N,N
4702,62038175551,P,53310,Normann Runa                       ,Bjørgo                             ,N,N,N,J,N,KUNDER OVER 18 ÅR MED D-NUMMER     ,N,N,N,N,N,N,N,N,N,N,N
4702,59059276519,P,77310,Jan-Fredrik Viktorija              ,Dinh                               ,N,N,N,J,N,KUNDER OVER 18 ÅR MED D-NUMMER     ,N,N,N,N,N,N,N,N,N,N,N
4702,56020276164,P,77310,Frithjof Annette                   ,Hilstad                            ,N,N,N,J,N,KUNDER OVER 18 ÅR MED D-NUMMER     ,N,N,N,N,N,N,N,N,N,N,N
4702,48017976780,P,12310,Rasa Sylwester                     ,Westerheim                         ,N,N,N,J,N,KUNDER OVER 18 ÅR MED D-NUMMER     ,N,N,N,N,N,N,N,N,N,N,N
4702,65129507157,P,53310,Fartun Dmitri                      ,Fagervik                           ,N,N,N,J,N,KUNDER OVER 18 ÅR MED D-NUMMER     ,N,N,N,N,N,N,N,N,N,N,N
4702,68098954078,P,12310,Viola Alex                         ,Rossland                           ,N,N,N,J,N,KUNDER OVER 18 ÅR MED D-NUMMER     ,N,N,N,N,N,N,N,N,N,N,N
4702,67029406615,P,53310,Yassin Anne-Kristin                ,Ribe                               ,N,N,N,J,N,KUNDER OVER 18 ÅR MED D-NUMMER     ,N,N,N,N,N,N,N,N,N,N,N
4702,41089704136,P,12310,Emine Dani                         ,Rydningen                          ,N,N,N,J,N,KUNDER OVER 18 ÅR MED D-NUMMER     ,N,N,N,N,N,N,N,N,N,N,N
4702,68127753141,P,68310,Liudmila Pawel                     ,Knutsen                            ,N,N,N,J,N,KUNDER OVER 18 ÅR MED D-NUMMER     ,N,N,N,N,N,N,N,N,N,N,N
4702,56027203731,P,31310,Ramunas Olena                      ,Vevle                              ,N,J,N,N,N,KUNDER OVER 18 ÅR MED D-NUMMER     ,N,N,N,N,N,N,N,N,N,N,N
4702,67019277698,P,68310,Jill Magnus                        ,Austrheim                          ,N,N,N,J,N,KUNDER OVER 18 ÅR MED D-NUMMER     ,N,N,N,N,N,N,N,N,N,N,N
4702,44038855589,P,80310,Hussain Gurine                     ,Høgberg                            ,N,N,N,J,N,KUNDER OVER 18 ÅR MED D-NUMMER     ,N,N,N,N,N,N,N,N,N,N,N
4702,52088054377,P,05310,Mariana Jan-Roger                  ,Sigvartsen                         ,N,N,N,J,N,KUNDER OVER 18 ÅR MED D-NUMMER     ,N,N,N,N,N,N,N,N,N,N,N
4702,55066375543,P,12310,Katinka Sigve                      ,Hellerud                           ,N,N,N,J,N,KUNDER OVER 18 ÅR MED D-NUMMER     ,N,N,N,N,N,N,N,N,N,N,N
4702,54105507901,P,68310,Ståle Eldri                        ,Smistad                            ,N,N,N,J,N,KUNDER OVER 18 ÅR MED D-NUMMER     ,N,N,N,N,N,N,N,N,N,N,N
4702,48017675500,P,53310,Erland Wendy                       ,Sjøvoll                            ,N,J,N,J,N,KUNDER OVER 18 ÅR MED D-NUMMER     ,N,N,N,N,N,N,N,N,N,N,N
4702,63100053405,P,94310,Kamilla Per-Kristian               ,Kavli                              ,N,N,N,N,N,KUNDER OVER 18 ÅR MED D-NUMMER     ,N,N,N,N,N,N,N,N,N,N,N
4702,50127556455,P,86310,Tuva Ben                           ,Dreyer                             ,N,N,N,J,N,KUNDER OVER 18 ÅR MED D-NUMMER     ,N,N,N,N,N,N,N,N,N,N,N
4702,47049401252,P,53310,Knud Trine-Lise                    ,Kjeldsberg                         ,N,N,N,N,N,KUNDER OVER 18 ÅR MED D-NUMMER     ,N,N,N,N,N,N,N,N,N,N,N
4702,63016376703,P,64310,Tom-Arne Mille                     ,Aagaard                            ,N,N,N,J,N,KUNDER OVER 18 ÅR MED D-NUMMER     ,N,N,N,N,N,N,N,N,N,N,N
4702,43069808167,P,53310,Neil Sigrun                        ,Furre                              ,N,N,N,N,N,KUNDER OVER 18 ÅR MED D-NUMMER     ,N,N,N,N,N,N,N,N,N,N,N
4702,68118608112,P,53310,Anne-Marit Kris                    ,Ågotnes                            ,N,N,N,J,N,KUNDER OVER 18 ÅR MED D-NUMMER     ,N,N,N,N,N,N,N,N,N,N,N
4702,67048152535,P,72310,Malgorzata Vincent                 ,Aarum                              ,N,N,N,J,N,KUNDER OVER 18 ÅR MED D-NUMMER     ,N,N,N,N,N,N,N,N,N,N,N
4702,68048256930,P,53310,Judith Sasa                        ,Brenne                             ,N,N,N,J,N,KUNDER OVER 18 ÅR MED D-NUMMER     ,N,N,N,N,N,N,N,N,N,N,N
4702,64076556456,P,68310,Oxana Benn                         ,Kyvik                              ,N,N,N,J,N,KUNDER OVER 18 ÅR MED D-NUMMER     ,N,N,N,N,N,N,N,N,N,N,N
4702,61059905448,P,86310,Weronica Jan-Fredrik               ,Lyse                               ,N,N,N,J,N,KUNDER OVER 18 ÅR MED D-NUMMER     ,N,N,N,N,N,N,N,N,N,N,N
4702,65108956776,P,53310,Mehran Viviann                     ,Thunes                             ,N,J,N,J,N,KUNDER OVER 18 ÅR MED D-NUMMER     ,N,N,N,N,N,N,N,N,N,N,N
4702,48068977552,P,91310,Ole-Kristian Herdis                ,Undheim                            ,N,N,N,J,N,KUNDER OVER 18 ÅR MED D-NUMMER     ,N,N,N,N,N,N,N,N,N,N,N
4702,68096752907,P,53310,Angelica Roald                     ,Opheim                             ,N,N,N,J,N,KUNDER OVER 18 ÅR MED D-NUMMER     ,N,N,N,N,N,N,N,N,N,N,N
4702,47077901341,P,68310,Oluf Snefrid                       ,Figenschou                         ,N,N,N,J,N,KUNDER OVER 18 ÅR MED D-NUMMER     ,N,N,N,N,N,N,N,N,N,N,N
4702,50078007351,P,64310,Edyta Istvan                       ,Våge                               ,N,N,N,N,N,KUNDER OVER 18 ÅR MED D-NUMMER     ,N,N,N,N,N,N,N,N,N,N,N
4702,66119601518,P,64310,Neil Sigrun                        ,Seldal                             ,N,N,N,J,N,KUNDER OVER 18 ÅR MED D-NUMMER     ,N,N,N,N,N,N,N,N,N,N,N
4702,59099502570,P,91310,Torsten Mariola                    ,Dybdal                             ,N,N,N,J,N,KUNDER OVER 18 ÅR MED D-NUMMER     ,N,N,N,N,N,N,N,N,N,N,N
4702,60119901394,P,53310,Elliot Agneta                      ,Skarstein                          ,N,N,N,J,N,KUNDER OVER 18 ÅR MED D-NUMMER     ,N,N,N,N,N,N,N,N,N,N,N
4702,50087854822,P,53310,Ingegerd Yaser                     ,Muren                              ,N,N,N,J,N,KUNDER OVER 18 ÅR MED D-NUMMER     ,N,N,N,N,N,N,N,N,N,N,N
4702,64077305554,P,64310,Kolbjørn My                        ,Vadseth                            ,N,N,N,J,N,KUNDER OVER 18 ÅR MED D-NUMMER     ,N,N,N,N,N,N,N,N,N,N,N
4702,61128453597,P,12310,Sahra Lars-Erik                    ,Nordstrøm                          ,N,N,N,J,N,KUNDER OVER 18 ÅR MED D-NUMMER     ,N,N,N,N,N,N,N,N,N,N,N
4702,66018657164,P,68310,Mattis Carmen                      ,Walstad                            ,N,N,N,J,N,KUNDER OVER 18 ÅR MED D-NUMMER     ,N,N,N,N,N,N,N,N,N,N,N
4702,58120304303,P,80310,Andrej Gjertrud                    ,Andersson                          ,N,N,N,J,N,KUNDER OVER 18 ÅR MED D-NUMMER     ,N,N,N,N,N,N,N,N,N,N,N
4702,67069701318,P,53310,Inez Nikolai                       ,Landsverk                          ,N,N,N,J,N,KUNDER OVER 18 ÅR MED D-NUMMER     ,N,N,N,N,N,N,N,N,N,N,N
4702,56079505469,P,53310,Egle Leiv                          ,Kongsvik                           ,J,N,N,J,N,KUNDER OVER 18 ÅR MED D-NUMMER     ,N,N,N,N,N,N,N,N,N,N,N
4702,48069007301,P,91310,Kine Roald                         ,Vabø                               ,N,N,N,J,N,KUNDER OVER 18 ÅR MED D-NUMMER     ,N,N,N,N,N,N,N,N,N,N,N
4702,42108455343,P,77310,Gretha Istvan                      ,Molvær                             ,J,N,N,J,N,KUNDER OVER 18 ÅR MED D-NUMMER     ,N,N,N,N,N,N,N,N,N,N,N
4702,65128703572,P,53310,Karen Rune                         ,Klepp                              ,N,N,N,N,N,KUNDER OVER 18 ÅR MED D-NUMMER     ,N,N,N,N,N,N,N,N,N,N,N
4702,55018650419,P,31310,Shahla Sasa                        ,Birkelund                          ,N,N,N,J,N,KUNDER OVER 18 ÅR MED D-NUMMER     ,N,N,N,N,N,N,N,N,N,N,N
4702,47088503720,P,22310,Carita Mindaugas                   ,Roos                               ,J,N,N,N,N,KUNDER OVER 18 ÅR MED D-NUMMER     ,N,N,N,N,N,N,N,N,N,N,N
4702,54090077069,P,80310,Hussain Maricel                    ,Opdahl                             ,N,N,N,J,N,KUNDER OVER 18 ÅR MED D-NUMMER     ,N,N,N,N,N,N,N,N,N,N,N
4702,51128852372,P,68310,Heine Minna                        ,Høye                               ,N,N,N,J,N,KUNDER OVER 18 ÅR MED D-NUMMER     ,N,N,N,N,N,N,N,N,N,N,N
4702,65029176986,P,91310,Ninni Ingvard                      ,Dahir                              ,N,N,N,J,N,KUNDER OVER 18 ÅR MED D-NUMMER     ,N,N,N,N,N,N,N,N,N,N,N
4702,64037801990,P,12310,Frithjof Elbjørg                   ,Landsem                            ,N,N,N,N,N,KUNDER OVER 18 ÅR MED D-NUMMER     ,N,N,N,N,N,N,N,N,N,N,N
4702,46019608182,P,64310,Ådne Synne                         ,Ottersen                           ,N,N,N,J,N,KUNDER OVER 18 ÅR MED D-NUMMER     ,N,N,N,N,N,N,N,N,N,N,N
4702,63058555780,P,94310,Renee Sinisa                       ,Gustavsen                          ,N,N,N,J,N,KUNDER OVER 18 ÅR MED D-NUMMER     ,N,N,N,N,N,N,N,N,N,N,N
4702,49017104984,P,68310,Nadja Bruno                        ,Myhre                              ,N,N,N,J,N,KUNDER OVER 18 ÅR MED D-NUMMER     ,N,N,N,N,N,N,N,N,N,N,N
4702,61029077621,P,31310,Michelle Torsten                   ,Salamonsen                         ,N,N,N,J,N,KUNDER OVER 18 ÅR MED D-NUMMER     ,N,N,N,N,N,N,N,N,N,N,N
4702,42037903145,P,77310,Morteza Milica                     ,Nerhus                             ,N,N,N,J,N,KUNDER OVER 18 ÅR MED D-NUMMER     ,N,N,N,N,N,N,N,N,N,N,N
4702,46088204441,P,12310,Dyveke Mathis                      ,Isaksen                            ,N,N,N,J,N,KUNDER OVER 18 ÅR MED D-NUMMER     ,N,N,N,N,N,N,N,N,N,N,N
4702,68096975183,P,68310,Ernestas Neda                      ,Håland                             ,N,N,N,N,N,KUNDER OVER 18 ÅR MED D-NUMMER     ,N,N,N,N,N,N,N,N,N,N,N
4702,71056104350,P,05310,Kolbjørn Sari                      ,Zimmermann                         ,J,N,N,J,N,KUNDER OVER 18 ÅR MED D-NUMMER     ,N,N,N,N,N,N,N,N,N,N,N
4702,62089352903,P,53310,Heiko Kirsten                      ,Hernæs                             ,N,N,N,J,N,KUNDER OVER 18 ÅR MED D-NUMMER     ,N,N,N,N,N,N,N,N,N,N,N
4702,51017701073,P,68310,Anne-Kristin Aleksandrs            ,Skare                              ,N,N,N,J,N,KUNDER OVER 18 ÅR MED D-NUMMER     ,N,N,N,N,N,N,N,N,N,N,N
4702,68117003969,P,64310,Bernhard Oddhild                   ,Doan                               ,N,N,N,J,N,KUNDER OVER 18 ÅR MED D-NUMMER     ,N,N,N,N,N,N,N,N,N,N,N
4702,53069701058,P,80310,Sigridur Ask                       ,Winje                              ,N,N,N,J,N,KUNDER OVER 18 ÅR MED D-NUMMER     ,N,N,N,N,N,N,N,N,N,N,N
4702,66100458544,P,12310,Janicke Jack                       ,Bauge                              ,N,N,N,N,N,KUNDER OVER 18 ÅR MED D-NUMMER     ,N,N,N,N,N,N,N,N,N,N,N
4702,43077905740,P,64310,Margaretha Frederik                ,Melbø                              ,N,N,N,J,N,KUNDER OVER 18 ÅR MED D-NUMMER     ,N,N,N,N,N,N,N,N,N,N,N
4702,66096855169,P,05310,Emilio Mirja                       ,Bjørdal                            ,N,N,N,J,N,KUNDER OVER 18 ÅR MED D-NUMMER     ,N,N,N,N,N,N,N,N,N,N,N
4702,44076958227,P,68310,Ravn Edita                         ,Wold                               ,N,N,N,J,N,KUNDER OVER 18 ÅR MED D-NUMMER     ,N,N,N,N,N,N,N,N,N,N,N
4702,46056113592,P,68310,Biljana Donald                     ,Miljeteig                          ,N,N,N,J,N,KUNDER OVER 18 ÅR MED D-NUMMER     ,N,N,N,N,N,N,N,N,N,N,N
4702,42097806998,P,68310,Knut-Erik Annike                   ,Haugvaldstad                       ,N,N,N,N,N,KUNDER OVER 18 ÅR MED D-NUMMER     ,N,N,N,N,N,N,N,N,N,N,N
4702,63019105328,P,86310,Senad Rikke                        ,Pihl                               ,N,N,N,J,N,KUNDER OVER 18 ÅR MED D-NUMMER     ,N,N,N,N,N,N,N,N,N,N,N
4702,52119608902,P,31310,Aiste Istvan                       ,Palm                               ,N,N,N,N,N,KUNDER OVER 18 ÅR MED D-NUMMER     ,N,N,N,N,N,N,N,N,N,N,N
4702,45059503468,P,53310,Alva Thorolf                       ,Fleischer                          ,N,N,N,J,N,KUNDER OVER 18 ÅR MED D-NUMMER     ,N,N,N,N,N,N,N,N,N,N,N
4702,65079407571,P,80310,Elfrida Ole-Marius                 ,Stadheim                           ,N,N,N,J,N,KUNDER OVER 18 ÅR MED D-NUMMER     ,N,N,N,N,N,N,N,N,N,N,N
4702,44059701298,P,53310,Karen-Marie Ted                    ,Wagner                             ,N,N,N,J,N,KUNDER OVER 18 ÅR MED D-NUMMER     ,N,N,N,N,N,N,N,N,N,N,N
4702,45027478518,P,53310,Eivin Yulia                        ,Glad                               ,N,N,N,J,N,KUNDER OVER 18 ÅR MED D-NUMMER     ,N,N,N,N,N,N,N,N,N,N,N
4702,50119901151,P,53310,Jamila Tristan                     ,Bøyum                              ,J,N,N,J,N,KUNDER OVER 18 ÅR MED D-NUMMER     ,N,N,N,N,N,N,N,N,N,N,N
4702,66037510409,P,53310,Mimmi Janne                        ,Engebråten                         ,N,J,N,J,N,KUNDER OVER 18 ÅR MED D-NUMMER     ,N,N,N,N,N,N,N,N,N,N,N
4702,55110375149,P,80310,Hallgeir Isa                       ,Svellingen                         ,N,N,N,J,N,KUNDER OVER 18 ÅR MED D-NUMMER     ,N,N,N,N,N,N,N,N,N,N,N
4702,44108558722,P,53310,Karwan Nikoline                    ,Fimland                            ,N,N,N,J,N,KUNDER OVER 18 ÅR MED D-NUMMER     ,N,N,N,N,N,N,N,N,N,N,N
4702,50057502956,P,12310,Radoslaw Sigrunn                   ,Roland                             ,N,N,N,N,N,KUNDER OVER 18 ÅR MED D-NUMMER     ,N,N,N,N,N,N,N,N,N,N,N
4702,53087600196,P,31310,Rana Christer                      ,Knapstad                           ,N,N,N,J,N,KUNDER OVER 18 ÅR MED D-NUMMER     ,N,N,N,N,N,N,N,N,N,N,N
4702,43038650379,P,53310,Biniam Eldrid                      ,Idsøe                              ,N,N,N,J,N,KUNDER OVER 18 ÅR MED D-NUMMER     ,N,N,N,N,N,N,N,N,N,N,N
4702,62037602189,P,31310,Nerijus Ann-Mari                   ,Aasland                            ,N,N,N,J,N,KUNDER OVER 18 ÅR MED D-NUMMER     ,N,N,N,N,N,N,N,N,N,N,N
4702,54109600876,P,80310,Christiane Kim-Andre               ,Gravdal                            ,N,N,N,J,N,KUNDER OVER 18 ÅR MED D-NUMMER     ,N,N,N,N,N,N,N,N,N,N,N
4702,61027258394,P,68310,Ole-Kristian May-Liss              ,Vestnes                            ,N,N,N,N,N,KUNDER OVER 18 ÅR MED D-NUMMER     ,N,N,N,N,N,N,N,N,N,N,N
4702,56047317636,P,53310,Stefanie Birger                    ,Gram                               ,N,J,N,J,N,KUNDER OVER 18 ÅR MED D-NUMMER     ,N,N,N,N,N,N,N,N,N,N,N
4702,51079378961,P,53310,Emad Sheila                        ,Øen                                ,N,N,N,J,N,KUNDER OVER 18 ÅR MED D-NUMMER     ,N,N,N,N,N,N,N,N,N,N,N
4702,62029602579,P,77310,Mariel Gregor                      ,Tallaksen                          ,N,N,N,J,N,KUNDER OVER 18 ÅR MED D-NUMMER     ,N,N,N,N,N,N,N,N,N,N,N
4702,50028008942,P,68310,Julio Sharon                       ,Didriksen                          ,N,N,N,J,N,KUNDER OVER 18 ÅR MED D-NUMMER     ,N,N,N,N,N,N,N,N,N,N,N
4702,63059602820,P,53310,Hussain Ingrida                    ,Indergård                          ,N,N,N,J,N,KUNDER OVER 18 ÅR MED D-NUMMER     ,N,N,N,N,N,N,N,N,N,N,N
4702,50129407503,P,53310,Nils Maren                         ,Roald                              ,N,N,N,J,N,KUNDER OVER 18 ÅR MED D-NUMMER     ,N,N,N,N,N,N,N,N,N,N,N
4702,60039808121,P,22310,Madelene Miguel                    ,Kjeldsen                           ,N,N,N,J,N,KUNDER OVER 18 ÅR MED D-NUMMER     ,N,N,N,N,N,N,N,N,N,N,N
4702,56119504320,P,64310,Carita Mindaugas                   ,Pettersson                         ,N,N,N,J,N,KUNDER OVER 18 ÅR MED D-NUMMER     ,N,N,N,N,N,N,N,N,N,N,N
4702,62048307545,P,64310,Anbjørg Dovydas                    ,Norum                              ,N,N,N,N,N,KUNDER OVER 18 ÅR MED D-NUMMER     ,N,N,N,N,N,N,N,N,N,N,N
4702,63058957412,P,68310,Paal Tale                          ,Juliussen                          ,N,N,N,J,N,KUNDER OVER 18 ÅR MED D-NUMMER     ,N,N,N,N,N,N,N,N,N,N,N
4702,47039277979,P,53310,Frithjof Elbjørg                   ,Lundekvam                          ,N,N,N,N,N,KUNDER OVER 18 ÅR MED D-NUMMER     ,N,N,N,N,N,N,N,N,N,N,N
4702,54028878632,P,80310,Hallstein Marija                   ,Meier                              ,N,N,N,J,N,KUNDER OVER 18 ÅR MED D-NUMMER     ,N,N,N,N,N,N,N,N,N,N,N
4702,58077552357,P,05310,Arnulf Diane                       ,Jordet                             ,J,N,N,J,N,KUNDER OVER 18 ÅR MED D-NUMMER     ,N,N,N,N,N,N,N,N,N,N,N
4702,55038101012,P,68310,Edel Ulrik                         ,Lunde                              ,N,N,N,N,N,KUNDER OVER 18 ÅR MED D-NUMMER     ,N,N,N,N,N,N,N,N,N,N,N
4702,43057653125,P,53310,Borger Anne-Lene                   ,Do                                 ,N,N,N,J,N,KUNDER OVER 18 ÅR MED D-NUMMER     ,N,N,N,N,N,N,N,N,N,N,N
4702,53046407144,P,53310,Ernestas Oddfrid                   ,Østhus                             ,N,J,J,J,N,KUNDER OVER 18 ÅR MED D-NUMMER     ,N,N,N,N,N,N,N,N,N,N,N
4702,51039607364,P,53310,Ingelin Styrk                      ,Markhus                            ,N,N,N,J,N,KUNDER OVER 18 ÅR MED D-NUMMER     ,N,N,N,N,N,N,N,N,N,N,N
4702,63129900689,P,53310,Inger Carsten                      ,Heia                               ,N,N,N,J,N,KUNDER OVER 18 ÅR MED D-NUMMER     ,N,N,N,N,N,N,N,N,N,N,N
4702,51050155904,P,22310,Biniam Safia                       ,Nymark                             ,N,N,N,N,N,KUNDER OVER 18 ÅR MED D-NUMMER     ,N,N,N,N,N,N,N,N,N,N,N
4702,67098356115,P,53310,Øygunn Julio                       ,Eidissen                           ,N,N,N,J,N,KUNDER OVER 18 ÅR MED D-NUMMER     ,N,N,N,N,N,N,N,N,N,N,N
4702,65078754715,P,53310,Ingvill Bjørge                     ,Ali                                ,N,N,N,J,N,KUNDER OVER 18 ÅR MED D-NUMMER     ,N,N,N,N,N,N,N,N,N,N,N
4702,44108112503,P,53310,Luiza Mahdi                        ,Hestvik                            ,N,N,N,J,N,KUNDER OVER 18 ÅR MED D-NUMMER     ,N,N,N,N,N,N,N,N,N,N,N
4702,64049354760,P,53310,Rønnaug Søren                      ,Brown                              ,N,N,N,J,N,KUNDER OVER 18 ÅR MED D-NUMMER     ,N,N,N,N,N,N,N,N,N,N,N
4702,45049303789,P,53310,Eve Kris                           ,Fremstad                           ,N,N,N,J,N,KUNDER OVER 18 ÅR MED D-NUMMER     ,N,N,N,N,N,N,N,N,N,N,N
4702,57126054485,P,31310,Szymon Åsta                        ,Lillemo                            ,N,N,N,J,N,KUNDER OVER 18 ÅR MED D-NUMMER     ,N,N,N,N,N,N,N,N,N,N,N
4702,48037257683,P,53310,Maylinn Noel                       ,Sæbø                               ,N,N,N,J,N,KUNDER OVER 18 ÅR MED D-NUMMER     ,N,N,N,N,N,N,N,N,N,N,N
4702,53098302162,P,53310,Jofrid Kim-Andre                   ,Øverbø                             ,N,N,N,J,N,KUNDER OVER 18 ÅR MED D-NUMMER     ,N,N,N,N,N,N,N,N,N,N,N
4702,60108805377,P,53310,Vebjørn Leila                      ,Molstad                            ,J,N,N,J,N,KUNDER OVER 18 ÅR MED D-NUMMER     ,N,N,N,N,N,N,N,N,N,N,N
4702,66078057441,P,86310,Neil Daiva                         ,Haukland                           ,N,N,N,J,N,KUNDER OVER 18 ÅR MED D-NUMMER     ,N,N,N,N,N,N,N,N,N,N,N
4702,64039051166,P,68310,Torsten Joy                        ,Fossnes                            ,N,N,N,J,N,KUNDER OVER 18 ÅR MED D-NUMMER     ,N,N,N,N,N,N,N,N,N,N,N
4702,50067456375,P,68310,Torstein Merete                    ,Chen                               ,N,N,N,J,N,KUNDER OVER 18 ÅR MED D-NUMMER     ,N,N,N,N,N,N,N,N,N,N,N
4702,63048602993,P,68310,Usman Danielle                     ,Rolfsnes                           ,N,N,N,J,N,KUNDER OVER 18 ÅR MED D-NUMMER     ,N,N,N,N,N,N,N,N,N,N,N
4702,46079500763,P,42310,Petr Kamila                        ,Skavhaug                           ,N,N,N,J,N,KUNDER OVER 18 ÅR MED D-NUMMER     ,N,N,N,N,N,N,N,N,N,N,N
4702,60095957733,P,68310,Liselotte Torbjørn                 ,Wagner                             ,N,N,N,J,N,KUNDER OVER 18 ÅR MED D-NUMMER     ,N,N,N,N,N,N,N,N,N,N,N
4702,66098301942,P,94310,Oluf Snefrid                       ,Aronsen                            ,N,N,N,J,N,KUNDER OVER 18 ÅR MED D-NUMMER     ,N,N,N,N,N,N,N,N,N,N,N
4702,44079707896,P,53310,Amela Haakon                       ,Lomeland                           ,N,N,N,J,N,KUNDER OVER 18 ÅR MED D-NUMMER     ,N,N,N,N,N,N,N,N,N,N,N
4702,44116954475,P,12310,Weronica Bjørge                    ,Øynes                              ,N,N,N,J,N,KUNDER OVER 18 ÅR MED D-NUMMER     ,N,N,N,N,N,N,N,N,N,N,N
4702,47058803118,P,12310,Darius Margreta                    ,Kleppa                             ,N,N,N,J,N,KUNDER OVER 18 ÅR MED D-NUMMER     ,N,N,N,N,N,N,N,N,N,N,N
4702,50058708000,B,53310,Mogens Jasmina                     ,Gran                               ,J,N,N,J,N,KUNDER OVER 18 ÅR MED D-NUMMER     ,N,N,N,N,N,N,N,N,N,N,N
4702,47127502745,P,68310,Hallstein Senait                   ,Martin                             ,N,N,N,J,N,KUNDER OVER 18 ÅR MED D-NUMMER     ,N,N,N,N,N,N,N,N,N,N,N
4702,45098756926,P,68310,Oluf Snefrid                       ,Eiken                              ,N,N,N,N,N,KUNDER OVER 18 ÅR MED D-NUMMER     ,N,N,N,N,N,N,N,N,N,N,N
4702,55024852368,P,68310,Siril Dani                         ,Berisha                            ,N,N,N,J,N,KUNDER OVER 18 ÅR MED D-NUMMER     ,N,N,N,N,N,N,N,N,N,N,N
4702,66069408738,P,53310,Ann-Sofie Marton                   ,Storeide                           ,N,N,N,J,N,KUNDER OVER 18 ÅR MED D-NUMMER     ,N,N,N,N,N,N,N,N,N,N,N
4702,62038376972,P,64310,Dawid Hildur                       ,Fagerhaug                          ,N,N,N,J,N,KUNDER OVER 18 ÅR MED D-NUMMER     ,N,N,N,N,N,N,N,N,N,N,N
4702,49108758588,P,53310,Petr Ina                           ,Sævareid                           ,N,N,N,J,N,KUNDER OVER 18 ÅR MED D-NUMMER     ,N,N,N,N,N,N,N,N,N,N,N
4702,53129803815,P,12310,Bereket Ann-Lisbeth                ,Sagstad                            ,N,N,N,J,N,KUNDER OVER 18 ÅR MED D-NUMMER     ,N,N,N,N,N,N,N,N,N,N,N
4702,42088003831,P,91310,Mehmed Ester                       ,Gjessing                           ,N,N,N,J,N,KUNDER OVER 18 ÅR MED D-NUMMER     ,N,N,N,N,N,N,N,N,N,N,N
4702,51126858349,P,86310,Bartosz Nadia                      ,Baumann                            ,N,N,N,J,N,KUNDER OVER 18 ÅR MED D-NUMMER     ,N,N,N,N,N,N,N,N,N,N,N
4702,64094350253,P,68310,Amanda Joakim                      ,Vikan                              ,N,N,N,J,N,KUNDER OVER 18 ÅR MED D-NUMMER     ,N,N,N,N,N,N,N,N,N,N,N
4702,55087456179,P,68310,Kathe Thom                         ,Fagerås                            ,N,N,N,J,N,KUNDER OVER 18 ÅR MED D-NUMMER     ,N,N,N,N,N,N,N,N,N,N,N
4702,63129901472,P,12310,Malgorzata Fabio                   ,Tømte                              ,N,N,N,J,N,KUNDER OVER 18 ÅR MED D-NUMMER     ,N,N,N,N,N,N,N,N,N,N,N
4702,43020256150,P,68310,Bettina Jan-Olav                   ,Mong                               ,N,N,N,J,N,KUNDER OVER 18 ÅR MED D-NUMMER     ,N,N,N,N,N,N,N,N,N,N,N
4702,63075753030,P,31310,Perly Oddmund                      ,Elvebakk                           ,N,N,N,J,N,KUNDER OVER 18 ÅR MED D-NUMMER     ,N,N,N,N,N,N,N,N,N,N,N
4702,41057104951,P,42310,Eivin Iman                         ,Fidje                              ,N,N,N,J,N,KUNDER OVER 18 ÅR MED D-NUMMER     ,N,N,N,N,N,N,N,N,N,N,N
4702,55098053580,P,12310,Ingelin Styrk                      ,Lerøy                              ,N,N,N,J,N,KUNDER OVER 18 ÅR MED D-NUMMER     ,N,N,N,N,N,N,N,N,N,N,N
4702,46109001309,P,12310,Carita Mindaugas                   ,Hammervold                         ,N,N,N,J,N,KUNDER OVER 18 ÅR MED D-NUMMER     ,N,N,N,N,N,N,N,N,N,N,N
4702,70097508729,P,05310,Mattis Ann-Cathrin                 ,Zakariassen                        ,N,N,N,J,N,KUNDER OVER 18 ÅR MED D-NUMMER     ,N,N,N,N,N,N,N,N,N,N,N
4702,53015155953,P,68310,Laila Duy                          ,Melsom                             ,N,N,N,J,N,KUNDER OVER 18 ÅR MED D-NUMMER     ,N,N,N,N,N,N,N,N,N,N,N
4702,41050407045,P,53310,Asmund Teresa                      ,Storsve                            ,N,N,N,J,N,KUNDER OVER 18 ÅR MED D-NUMMER     ,N,N,N,N,N,N,N,N,N,N,N
4702,66017312902,P,53310,Siw Njål                           ,Wilberg                            ,N,N,N,J,N,KUNDER OVER 18 ÅR MED D-NUMMER     ,N,N,N,N,N,N,N,N,N,N,N
4702,52079101346,P,64310,Carita Mindaugas                   ,Duong                              ,N,N,N,J,N,KUNDER OVER 18 ÅR MED D-NUMMER     ,N,N,N,N,N,N,N,N,N,N,N
4702,42079350456,P,53310,Bjarte Mailinn                     ,Refsnes                            ,N,N,N,N,N,KUNDER OVER 18 ÅR MED D-NUMMER     ,N,N,N,N,N,N,N,N,N,N,N
4702,62019178051,P,31310,Oscar Aileen                       ,Granum                             ,N,N,N,J,N,KUNDER OVER 18 ÅR MED D-NUMMER     ,N,N,N,N,N,N,N,N,N,N,N
4702,58039807945,P,53310,Hawa Alex                          ,Sæbø                               ,N,N,N,J,N,KUNDER OVER 18 ÅR MED D-NUMMER     ,N,N,N,N,N,N,N,N,N,N,N
4702,64118077154,P,41310,Oddveig Kato                       ,Kile                               ,N,N,N,J,N,KUNDER OVER 18 ÅR MED D-NUMMER     ,N,N,N,N,N,N,N,N,N,N,N
4702,59017601479,P,53310,Janna Jahn                         ,Fjelldal                           ,N,N,N,J,N,KUNDER OVER 18 ÅR MED D-NUMMER     ,N,N,N,N,N,N,N,N,N,N,N
4702,61019800651,P,53310,Kristin Cesar                      ,Gunnerud                           ,N,N,N,J,N,KUNDER OVER 18 ÅR MED D-NUMMER     ,N,N,N,N,N,N,N,N,N,N,N
4702,65128252708,P,31310,Ann-Katrin Kolbein                 ,Grønn                              ,N,N,N,J,N,KUNDER OVER 18 ÅR MED D-NUMMER     ,N,N,N,N,N,N,N,N,N,N,N
4702,68038451239,P,22310,Biniam Margarita                   ,Bøen                               ,N,N,N,J,N,KUNDER OVER 18 ÅR MED D-NUMMER     ,N,N,N,N,N,N,N,N,N,N,N
4702,62076101766,P,68310,Hussain Ann-Lisbeth                ,Grøneng                            ,N,N,N,J,N,KUNDER OVER 18 ÅR MED D-NUMMER     ,N,N,N,N,N,N,N,N,N,N,N
4702,49117852457,P,53310,Roza Jann                          ,Grønlund                           ,N,N,N,J,N,KUNDER OVER 18 ÅR MED D-NUMMER     ,N,N,N,N,N,N,N,N,N,N,N
4702,48047407349,P,68310,Zdzislaw Kitty                     ,Os                                 ,N,N,N,J,N,KUNDER OVER 18 ÅR MED D-NUMMER     ,N,N,N,N,N,N,N,N,N,N,N
4702,52087375382,P,68310,Tyra Ricardo                       ,Lofthus                            ,N,N,N,J,N,KUNDER OVER 18 ÅR MED D-NUMMER     ,N,N,N,N,N,N,N,N,N,N,N
4702,41056918955,P,68310,Tony Faiza                         ,Mæhre                              ,N,N,N,J,N,KUNDER OVER 18 ÅR MED D-NUMMER     ,N,N,N,N,N,N,N,N,N,N,N
4702,45076578994,P,68310,Tor-Inge Wivi                      ,Rognlien                           ,N,N,N,J,N,KUNDER OVER 18 ÅR MED D-NUMMER     ,N,N,N,N,N,N,N,N,N,N,N
4702,53118150151,P,53310,Ibrahim Torhild                    ,Haugo                              ,N,N,N,J,N,KUNDER OVER 18 ÅR MED D-NUMMER     ,N,N,N,N,N,N,N,N,N,N,N
4702,49070256044,P,53310,Augusta Maciej                     ,Øvrevik                            ,N,N,N,J,N,KUNDER OVER 18 ÅR MED D-NUMMER     ,N,N,N,N,N,N,N,N,N,N,N
4702,59045755872,P,53310,Julio Edyta                        ,Rong                               ,N,N,N,J,N,KUNDER OVER 18 ÅR MED D-NUMMER     ,N,N,N,N,N,N,N,N,N,N,N
4702,65107800780,P,53310,Jens Anna                          ,Braastad                           ,N,N,N,J,N,KUNDER OVER 18 ÅR MED D-NUMMER     ,N,N,N,N,N,N,N,N,N,N,N
4702,42106203592,P,53310,Elfrida Ole-Marius                 ,Aslam                              ,N,N,N,J,N,KUNDER OVER 18 ÅR MED D-NUMMER     ,N,N,N,N,N,N,N,N,N,N,N
4702,48104776984,P,05310,Franziska Ionut                    ,Tørstad                            ,J,N,N,J,N,KUNDER OVER 18 ÅR MED D-NUMMER     ,N,N,N,N,N,N,N,N,N,N,N
4702,49029157749,P,12310,Fridtjov Katinka                   ,Fimreite                           ,N,N,N,N,N,KUNDER OVER 18 ÅR MED D-NUMMER     ,N,N,N,N,N,N,N,N,N,N,N
4702,60109301984,P,31310,Fatima Hans                        ,Holgersen                          ,N,N,N,J,N,KUNDER OVER 18 ÅR MED D-NUMMER     ,N,N,N,N,N,N,N,N,N,N,N
4702,65128956594,P,68310,Jens Anna                          ,Birkelund                          ,N,N,N,J,N,KUNDER OVER 18 ÅR MED D-NUMMER     ,N,N,N,N,N,N,N,N,N,N,N
4702,49015806965,P,68310,Arnlaug Rytis                      ,Bakkejord                          ,N,N,N,J,N,KUNDER OVER 18 ÅR MED D-NUMMER     ,N,N,N,N,N,N,N,N,N,N,N
4702,54059358963,P,22310,Mika Astri                         ,Bjørlo                             ,N,N,N,J,N,KUNDER OVER 18 ÅR MED D-NUMMER     ,N,N,N,N,N,N,N,N,N,N,N
4702,43096000929,P,68310,Emilio Mirja                       ,Hægeland                           ,N,N,N,J,N,KUNDER OVER 18 ÅR MED D-NUMMER     ,N,N,N,N,N,N,N,N,N,N,N
4702,42080408352,P,91310,Edgar Jelena                       ,Meland                             ,N,N,N,N,N,KUNDER OVER 18 ÅR MED D-NUMMER     ,N,N,N,N,N,N,N,N,N,N,N
4702,63128454782,P,68310,Søren Rakel                        ,Steindal                           ,N,N,N,J,N,KUNDER OVER 18 ÅR MED D-NUMMER     ,N,N,N,N,N,N,N,N,N,N,N
4702,59117378815,P,86310,Franz Ulrika                       ,Haugvaldstad                       ,N,N,N,J,N,KUNDER OVER 18 ÅR MED D-NUMMER     ,N,N,N,N,N,N,N,N,N,N,N
4702,49047307952,P,31310,Alma Kim-Andre                     ,Farooq                             ,N,N,N,J,N,KUNDER OVER 18 ÅR MED D-NUMMER     ,N,N,N,N,N,N,N,N,N,N,N
4702,48049301009,P,68310,Eduardo Idunn                      ,Skjong                             ,N,N,N,J,N,KUNDER OVER 18 ÅR MED D-NUMMER     ,N,N,N,N,N,N,N,N,N,N,N
4702,45128276118,P,53310,Gretha Istvan                      ,Skeide                             ,N,N,N,J,N,KUNDER OVER 18 ÅR MED D-NUMMER     ,N,N,N,N,N,N,N,N,N,N,N
4702,70067609997,P,80310,Christel Kim-Andre                 ,Malde                              ,N,N,N,J,N,KUNDER OVER 18 ÅR MED D-NUMMER     ,N,N,N,N,N,N,N,N,N,N,N
4702,48115452730,P,53310,Heine Elizabeth                    ,Hebnes                             ,N,N,N,N,N,KUNDER OVER 18 ÅR MED D-NUMMER     ,N,N,N,N,N,N,N,N,N,N,N
4702,47015504176,P,77310,Wojciech Milena                    ,Enoksen                            ,N,N,N,J,N,KUNDER OVER 18 ÅR MED D-NUMMER     ,N,N,N,N,N,N,N,N,N,N,N
4702,51068405282,P,53310,Frithjof Mirjana                   ,Løvlie                             ,N,N,N,J,N,KUNDER OVER 18 ÅR MED D-NUMMER     ,N,N,N,N,N,N,N,N,N,N,N
4702,45079051970,P,68310,Ariana Ted                         ,Solheim                            ,N,N,N,J,N,KUNDER OVER 18 ÅR MED D-NUMMER     ,N,N,N,N,N,N,N,N,N,N,N
4702,66109901157,P,86310,Simona Marcelo                     ,Arvesen                            ,N,N,N,J,N,KUNDER OVER 18 ÅR MED D-NUMMER     ,N,N,N,N,N,N,N,N,N,N,N
4702,66028355786,P,64310,Johanne Birger                     ,Flø                                ,N,N,N,J,N,KUNDER OVER 18 ÅR MED D-NUMMER     ,N,N,N,N,N,N,N,N,N,N,N
4702,59119257950,P,53310,Gregor Sabine                      ,Nordhagen                          ,N,N,N,J,N,KUNDER OVER 18 ÅR MED D-NUMMER     ,N,N,N,N,N,N,N,N,N,N,N
4702,41126653369,P,68310,Frithjof Elbjørg                   ,Søreng                             ,N,N,N,J,N,KUNDER OVER 18 ÅR MED D-NUMMER     ,N,N,N,N,N,N,N,N,N,N,N
4702,45026507263,P,12310,Tony Telma                         ,Jordet                             ,N,N,N,J,N,KUNDER OVER 18 ÅR MED D-NUMMER     ,N,N,N,N,N,N,N,N,N,N,N
4702,51129605654,P,22310,Skjalg An-Magritt                  ,Lyngmo                             ,N,N,N,J,N,KUNDER OVER 18 ÅR MED D-NUMMER     ,N,N,N,N,N,N,N,N,N,N,N
4702,52038957422,P,05310,Alicia Kato                        ,Nystrand                           ,J,N,N,J,N,KUNDER OVER 18 ÅR MED D-NUMMER     ,N,N,N,N,N,N,N,N,N,N,N
4702,71019200617,P,68310,Mia Henri                          ,Lilleås                            ,N,N,N,J,N,KUNDER OVER 18 ÅR MED D-NUMMER     ,N,N,N,N,N,N,N,N,N,N,N
4702,48018458880,P,53310,Iben Beret                         ,Aamodt                             ,N,J,N,J,N,KUNDER OVER 18 ÅR MED D-NUMMER     ,N,N,N,N,N,N,N,N,N,N,N
4702,47059803227,P,80310,Hodan Julian                       ,Skøien                             ,N,N,N,N,N,KUNDER OVER 18 ÅR MED D-NUMMER     ,N,N,N,N,N,N,N,N,N,N,N
4702,42010251235,P,86310,Szymon Melinda                     ,Harsvik                            ,N,N,N,N,N,KUNDER OVER 18 ÅR MED D-NUMMER     ,N,N,N,N,N,N,N,N,N,N,N
4702,67098654752,P,68310,Lis Maciej                         ,Lian                               ,N,N,N,J,N,KUNDER OVER 18 ÅR MED D-NUMMER     ,N,N,N,N,N,N,N,N,N,N,N
4702,63088802057,P,53310,Karna Abdulkadir                   ,Lindqvist                          ,N,N,N,J,N,KUNDER OVER 18 ÅR MED D-NUMMER     ,N,N,N,N,N,N,N,N,N,N,N
4702,67037357526,P,12310,Kine Roald                         ,Stenstad                           ,N,N,N,J,N,KUNDER OVER 18 ÅR MED D-NUMMER     ,N,N,N,N,N,N,N,N,N,N,N
4702,62107275784,P,12310,Fatma Adem                         ,Enger                              ,N,N,N,J,N,KUNDER OVER 18 ÅR MED D-NUMMER     ,N,N,N,N,N,N,N,N,N,N,N
4702,58069104760,P,12310,Indre Gheorghe                     ,Lynum                              ,N,N,N,J,N,KUNDER OVER 18 ÅR MED D-NUMMER     ,N,N,N,N,N,N,N,N,N,N,N
4702,63128903536,P,86310,Mattis Belinda                     ,Holmvik                            ,N,N,N,J,N,KUNDER OVER 18 ÅR MED D-NUMMER     ,N,N,N,N,N,N,N,N,N,N,N
4702,61048308138,P,53310,Senad Rikke                        ,Stokstad                           ,N,N,N,J,N,KUNDER OVER 18 ÅR MED D-NUMMER     ,N,N,N,N,N,N,N,N,N,N,N
4702,63047752142,P,53310,Fillip Anne-Marthe                 ,Østli                              ,N,N,N,J,N,KUNDER OVER 18 ÅR MED D-NUMMER     ,N,N,N,N,N,N,N,N,N,N,N
4702,42029301357,P,68310,Marton Violeta                     ,Våge                               ,N,N,N,J,N,KUNDER OVER 18 ÅR MED D-NUMMER     ,N,N,N,N,N,N,N,N,N,N,N
4702,63117607587,P,05310,Maren Jann                         ,Dreyer                             ,J,N,N,J,N,KUNDER OVER 18 ÅR MED D-NUMMER     ,N,N,N,N,N,N,N,N,N,N,N
4702,63129902851,P,53310,Stein Rebecka                      ,Hagos                              ,N,N,N,J,N,KUNDER OVER 18 ÅR MED D-NUMMER     ,N,N,N,N,N,N,N,N,N,N,N
4702,44018655567,P,72310,Borger My                          ,Lundekvam                          ,N,N,N,J,N,KUNDER OVER 18 ÅR MED D-NUMMER     ,N,N,N,N,N,N,N,N,N,N,N
4702,65019355785,P,31310,Hallgeir Isa                       ,Ibrahim                            ,N,N,N,J,N,KUNDER OVER 18 ÅR MED D-NUMMER     ,N,N,N,N,N,N,N,N,N,N,N
4702,51079376365,P,31310,Carita Mindaugas                   ,Stokkan                            ,N,N,N,J,N,KUNDER OVER 18 ÅR MED D-NUMMER     ,N,N,N,N,N,N,N,N,N,N,N
4702,61128651437,B,53310,Vasile Moa                         ,Krosby                             ,N,J,N,J,N,KUNDER OVER 18 ÅR MED D-NUMMER     ,N,N,N,N,N,N,N,N,N,N,N
4702,67099355945,P,64310,Raimonda Istvan                    ,Berggren                           ,N,N,N,J,N,KUNDER OVER 18 ÅR MED D-NUMMER     ,N,N,N,N,N,N,N,N,N,N,N
4702,53118950522,P,53310,Eli Boye                           ,Mollan                             ,N,N,N,J,N,KUNDER OVER 18 ÅR MED D-NUMMER     ,N,N,N,N,N,N,N,N,N,N,N
4702,62038003157,P,80310,Aiste Istvan                       ,Refsland                           ,N,N,N,J,N,KUNDER OVER 18 ÅR MED D-NUMMER     ,N,N,N,N,N,N,N,N,N,N,N
4702,65028857580,P,53310,Iben Gurid                         ,Rosenvinge                         ,N,N,N,J,N,KUNDER OVER 18 ÅR MED D-NUMMER     ,N,N,N,N,N,N,N,N,N,N,N
4702,60076053025,P,53310,Margreta Umar                      ,Følstad                            ,N,N,N,J,N,KUNDER OVER 18 ÅR MED D-NUMMER     ,N,N,N,N,N,N,N,N,N,N,N
4702,64049078593,P,53310,Benn Wibeche                       ,Flø                                ,N,N,N,J,N,KUNDER OVER 18 ÅR MED D-NUMMER     ,N,N,N,N,N,N,N,N,N,N,N
4702,61019501654,P,77310,Andre Milda                        ,Nazari                             ,N,N,N,J,N,KUNDER OVER 18 ÅR MED D-NUMMER     ,N,N,N,N,N,N,N,N,N,N,N
4702,44077877123,P,72310,Endre Edel                         ,Størkersen                         ,N,N,N,J,N,KUNDER OVER 18 ÅR MED D-NUMMER     ,N,N,N,N,N,N,N,N,N,N,N
4702,54059800658,P,86310,Mattis Ann-Iren                    ,Ås                                 ,N,N,N,J,N,KUNDER OVER 18 ÅR MED D-NUMMER     ,N,N,N,N,N,N,N,N,N,N,N
4702,56078451411,P,68310,Solfrid Francisco                  ,Eid                                ,N,N,N,J,N,KUNDER OVER 18 ÅR MED D-NUMMER     ,N,N,N,N,N,N,N,N,N,N,N
4702,50019376386,P,53310,Cristina Julian                    ,Warsame                            ,N,N,N,N,N,KUNDER OVER 18 ÅR MED D-NUMMER     ,N,N,N,N,N,N,N,N,N,N,N
4702,41109201799,P,53310,Matilda Angel                      ,Aglen                              ,N,N,N,J,N,KUNDER OVER 18 ÅR MED D-NUMMER     ,N,N,N,N,N,N,N,N,N,N,N
4702,48016707131,P,68310,Kate Jan-Olav                      ,Skauge                             ,N,N,N,J,N,KUNDER OVER 18 ÅR MED D-NUMMER     ,N,N,N,N,N,N,N,N,N,N,N
4702,71089500529,P,80310,Halvar Ann-Karin                   ,Austbø                             ,N,N,N,J,N,KUNDER OVER 18 ÅR MED D-NUMMER     ,N,N,N,N,N,N,N,N,N,N,N
4702,64027677345,P,68310,Rimantas Rutt                      ,Rømo                               ,N,N,N,N,N,KUNDER OVER 18 ÅR MED D-NUMMER     ,N,N,N,N,N,N,N,N,N,N,N
4702,56067006130,P,72310,Jorge Celina                       ,Honningsvåg                        ,N,N,N,J,N,KUNDER OVER 18 ÅR MED D-NUMMER     ,N,N,N,N,N,N,N,N,N,N,N
4702,62096808327,P,12310,Alicia Florian                     ,Valle                              ,N,N,N,J,N,KUNDER OVER 18 ÅR MED D-NUMMER     ,N,N,N,N,N,N,N,N,N,N,N
4702,44059806448,P,53310,Aileen Yaser                       ,Habberstad                         ,N,N,N,J,N,KUNDER OVER 18 ÅR MED D-NUMMER     ,N,N,N,N,N,N,N,N,N,N,N
4702,67015652494,P,91310,Ben Elina                          ,Vea                                ,N,N,N,J,N,KUNDER OVER 18 ÅR MED D-NUMMER     ,N,N,N,N,N,N,N,N,N,N,N
4702,59077407833,P,86310,Azad Lejla                         ,Skoge                              ,N,N,N,J,N,KUNDER OVER 18 ÅR MED D-NUMMER     ,N,N,N,N,N,N,N,N,N,N,N
4702,66118858361,P,68310,Ragna Styrk                        ,Rogstad                            ,N,N,N,J,N,KUNDER OVER 18 ÅR MED D-NUMMER     ,N,N,N,N,N,N,N,N,N,N,N
4702,51057250198,P,31310,Sonja Trond                        ,Granli                             ,N,N,N,J,N,KUNDER OVER 18 ÅR MED D-NUMMER     ,N,N,N,N,N,N,N,N,N,N,N
4702,57129205190,P,53310,Luna Rytis                         ,Kaspersen                          ,N,N,N,J,N,KUNDER OVER 18 ÅR MED D-NUMMER     ,N,N,N,N,N,N,N,N,N,N,N
4702,46069158323,P,64310,Franz Erika                        ,Aarnes                             ,N,N,N,J,N,KUNDER OVER 18 ÅR MED D-NUMMER     ,N,N,N,N,N,N,N,N,N,N,N
4702,52025806549,P,68310,Ann-Helen Jari                     ,Lavik                              ,N,N,N,J,N,KUNDER OVER 18 ÅR MED D-NUMMER     ,N,N,N,N,N,N,N,N,N,N,N
4702,67128403164,P,53310,Gladys Ole-Morten                  ,Hagland                            ,N,N,N,J,N,KUNDER OVER 18 ÅR MED D-NUMMER     ,N,N,N,N,N,N,N,N,N,N,N
4702,60127308139,P,68310,Otilie Nicolae                     ,Lygre                              ,N,N,N,J,N,KUNDER OVER 18 ÅR MED D-NUMMER     ,N,N,N,N,N,N,N,N,N,N,N
4702,54109608648,P,22310,Caroline Geir-Arne                 ,Sørgård                            ,N,N,N,J,N,KUNDER OVER 18 ÅR MED D-NUMMER     ,N,N,N,N,N,N,N,N,N,N,N
4702,64068300868,P,53310,Myrna Yosef                        ,Lerøy                              ,N,N,N,J,N,KUNDER OVER 18 ÅR MED D-NUMMER     ,N,N,N,N,N,N,N,N,N,N,N
4702,59028408948,P,68310,Adina Ionut                        ,Raastad                            ,N,N,N,N,N,KUNDER OVER 18 ÅR MED D-NUMMER     ,N,N,N,N,N,N,N,N,N,N,N
4702,63067178760,P,31310,Arnulf Diane                       ,Vatne                              ,N,N,N,J,N,KUNDER OVER 18 ÅR MED D-NUMMER     ,N,N,N,N,N,N,N,N,N,N,N
4702,56038776598,P,31310,Ådne Synne                         ,Jæger                              ,N,N,N,J,N,KUNDER OVER 18 ÅR MED D-NUMMER     ,N,N,N,N,N,N,N,N,N,N,N
4702,49049177592,P,12310,Jeanette Torbjørn                  ,Telle                              ,N,N,N,J,N,KUNDER OVER 18 ÅR MED D-NUMMER     ,N,N,N,N,N,N,N,N,N,N,N
4702,67047855095,P,64310,Torun Trond                        ,Sjo                                ,N,N,N,J,N,KUNDER OVER 18 ÅR MED D-NUMMER     ,N,N,N,N,N,N,N,N,N,N,N
4702,52086906961,P,64310,Franz Ada                          ,Sjøthun                            ,N,N,N,J,N,KUNDER OVER 18 ÅR MED D-NUMMER     ,N,N,N,N,N,N,N,N,N,N,N
4702,50028677356,P,68310,Rahel Julian                       ,Amdam                              ,N,N,N,J,N,KUNDER OVER 18 ÅR MED D-NUMMER     ,N,N,N,N,N,N,N,N,N,N,N
4702,68090156873,P,53310,Danijela Ricardo                   ,Bakk                               ,N,N,N,J,N,KUNDER OVER 18 ÅR MED D-NUMMER     ,N,N,N,N,N,N,N,N,N,N,N
4702,45109101714,P,05310,Margreta Cesar                     ,Michaelsen                         ,J,N,N,J,N,KUNDER OVER 18 ÅR MED D-NUMMER     ,N,N,N,N,N,N,N,N,N,N,N
4702,42020207900,P,12310,Denis Janine                       ,Ho                                 ,N,N,N,J,N,KUNDER OVER 18 ÅR MED D-NUMMER     ,N,N,N,N,N,N,N,N,N,N,N
4702,45050006739,P,77310,Reid Elise                         ,Alvær                              ,N,N,N,J,N,KUNDER OVER 18 ÅR MED D-NUMMER     ,N,N,N,N,N,N,N,N,N,N,N
4702,41098758133,P,68310,Beate Donald                       ,Johanson                           ,N,N,N,J,N,KUNDER OVER 18 ÅR MED D-NUMMER     ,N,N,N,N,N,N,N,N,N,N,N
4702,65096404691,P,22310,Elisabeth Milian                   ,Aasland                            ,N,N,N,J,N,KUNDER OVER 18 ÅR MED D-NUMMER     ,N,N,N,N,N,N,N,N,N,N,N
4702,60117158554,P,05310,Åste Ramin                         ,Natvik                             ,J,N,N,J,N,KUNDER OVER 18 ÅR MED D-NUMMER     ,N,N,N,N,N,N,N,N,N,N,N
4702,68068304907,P,68310,Gunnvor Aslan                      ,Anda                               ,N,N,N,J,N,KUNDER OVER 18 ÅR MED D-NUMMER     ,N,N,N,N,N,N,N,N,N,N,N
4702,41065617313,P,05310,Elise Dmitri                       ,Haagensen                          ,J,N,N,N,N,KUNDER OVER 18 ÅR MED D-NUMMER     ,N,N,N,N,N,N,N,N,N,N,N
4702,66028357525,P,86310,Cynthia Florian                    ,Værnes                             ,N,N,N,J,N,KUNDER OVER 18 ÅR MED D-NUMMER     ,N,N,N,N,N,N,N,N,N,N,N
4702,48117101927,P,53310,Lisbeth Valentin                   ,Buvik                              ,N,N,N,J,N,KUNDER OVER 18 ÅR MED D-NUMMER     ,N,N,N,N,N,N,N,N,N,N,N
4702,59066553595,P,72310,Stein Serina                       ,Ivanov                             ,N,N,N,J,N,KUNDER OVER 18 ÅR MED D-NUMMER     ,N,N,N,N,N,N,N,N,N,N,N
4702,48038957204,P,91310,Frode Celin                        ,Frøysa                             ,N,N,N,J,N,KUNDER OVER 18 ÅR MED D-NUMMER     ,N,N,N,N,N,N,N,N,N,N,N
4702,45078851566,P,53310,Angela Maciej                      ,Storsve                            ,N,N,N,J,N,KUNDER OVER 18 ÅR MED D-NUMMER     ,N,N,N,N,N,N,N,N,N,N,N
4702,47106708459,P,53310,Joar Urszula                       ,Dammen                             ,N,N,N,J,N,KUNDER OVER 18 ÅR MED D-NUMMER     ,N,N,N,N,N,N,N,N,N,N,N
4702,41107478963,P,53310,Britha Abdulahi                    ,Roland                             ,N,N,N,J,N,KUNDER OVER 18 ÅR MED D-NUMMER     ,N,N,N,N,N,N,N,N,N,N,N
4702,41030177647,P,53310,Iryna Mieczyslaw                   ,Berntzen                           ,N,N,N,J,N,KUNDER OVER 18 ÅR MED D-NUMMER     ,N,N,N,N,N,N,N,N,N,N,N
4702,60128702531,P,86310,Haldis Idris                       ,Haukenes                           ,N,N,N,J,N,KUNDER OVER 18 ÅR MED D-NUMMER     ,N,N,N,N,N,N,N,N,N,N,N
4702,59059256917,P,77310,Lucas Carol                        ,Karstensen                         ,N,N,N,J,N,KUNDER OVER 18 ÅR MED D-NUMMER     ,N,N,N,N,N,N,N,N,N,N,N
4702,52039707586,P,53310,Aleksandra Francisco               ,Bilstad                            ,N,N,N,J,N,KUNDER OVER 18 ÅR MED D-NUMMER     ,N,N,N,N,N,N,N,N,N,N,N
4702,45067555345,P,53310,Donatas Madina                     ,Borgen                             ,N,N,N,N,N,KUNDER OVER 18 ÅR MED D-NUMMER     ,N,N,N,N,N,N,N,N,N,N,N
4702,64126301411,P,53310,Inger Jan-Olav                     ,Kolnes                             ,N,N,N,J,N,KUNDER OVER 18 ÅR MED D-NUMMER     ,N,N,N,N,N,N,N,N,N,N,N
4702,66128478141,P,31310,Petras Rahma                       ,Kjeldsen                           ,N,N,N,J,N,KUNDER OVER 18 ÅR MED D-NUMMER     ,N,N,N,N,N,N,N,N,N,N,N
4702,48058175938,P,91310,Zlatko Minda                       ,Reinertsen                         ,N,N,N,J,N,KUNDER OVER 18 ÅR MED D-NUMMER     ,N,N,N,N,N,N,N,N,N,N,N
4702,70127702584,P,68310,Niklas Jutta                       ,Axelsen                            ,N,N,N,J,N,KUNDER OVER 18 ÅR MED D-NUMMER     ,N,N,N,N,N,N,N,N,N,N,N
4702,68118258758,P,68310,Aigars Betty                       ,Espedal                            ,N,N,N,J,N,KUNDER OVER 18 ÅR MED D-NUMMER     ,N,N,N,N,N,N,N,N,N,N,N
4702,67084203030,P,68310,Tony Eline                         ,Brænden                            ,N,N,N,J,N,KUNDER OVER 18 ÅR MED D-NUMMER     ,N,N,N,N,N,N,N,N,N,N,N
4702,62097958551,P,80310,Berge Wanda                        ,Wilhelmsen                         ,N,N,N,J,N,KUNDER OVER 18 ÅR MED D-NUMMER     ,N,N,N,N,N,N,N,N,N,N,N
4702,45087054385,P,12310,Tora Danny                         ,Leira                              ,N,N,N,J,N,KUNDER OVER 18 ÅR MED D-NUMMER     ,N,N,N,N,N,N,N,N,N,N,N
4702,64079307198,P,94310,Yassin Agathe                      ,Nørstebø                           ,N,N,N,J,N,KUNDER OVER 18 ÅR MED D-NUMMER     ,N,N,N,N,N,N,N,N,N,N,N
4702,57079503144,P,72310,Endre Trudi                        ,Paulsrud                           ,N,N,N,J,N,KUNDER OVER 18 ÅR MED D-NUMMER     ,N,N,N,N,N,N,N,N,N,N,N
4702,66067609698,P,42310,Aslak Christiane                   ,Lona                               ,N,N,N,J,N,KUNDER OVER 18 ÅR MED D-NUMMER     ,N,N,N,N,N,N,N,N,N,N,N
4702,41098151301,P,68310,Ragnfrid Wiktor                    ,Malik                              ,N,N,N,J,N,KUNDER OVER 18 ÅR MED D-NUMMER     ,N,N,N,N,N,N,N,N,N,N,N
4702,49079257124,P,68310,Vasile Aneta                       ,Lillestøl                          ,N,N,N,J,N,KUNDER OVER 18 ÅR MED D-NUMMER     ,N,N,N,N,N,N,N,N,N,N,N
4702,52097552312,P,68310,Torsten Eir                        ,Almli                              ,N,N,N,J,N,KUNDER OVER 18 ÅR MED D-NUMMER     ,N,N,N,N,N,N,N,N,N,N,N
4702,45076651306,P,53310,Dumitru Antonia                    ,Saleem                             ,N,N,N,J,N,KUNDER OVER 18 ÅR MED D-NUMMER     ,N,N,N,N,N,N,N,N,N,N,N
4702,69076003467,P,80310,Natalja Sigve                      ,Høvik                              ,N,N,N,J,N,KUNDER OVER 18 ÅR MED D-NUMMER     ,N,N,N,N,N,N,N,N,N,N,N
4702,49047108976,P,68310,Beate Christer                     ,Dybvik                             ,N,N,N,J,N,KUNDER OVER 18 ÅR MED D-NUMMER     ,N,N,N,N,N,N,N,N,N,N,N
4702,53097811802,P,68310,Reid Susanne                       ,Homme                              ,N,N,N,J,N,KUNDER OVER 18 ÅR MED D-NUMMER     ,N,N,N,N,N,N,N,N,N,N,N
4702,47088458296,P,53310,Shahla Sasa                        ,Kvien                              ,N,N,N,J,N,KUNDER OVER 18 ÅR MED D-NUMMER     ,N,N,N,N,N,N,N,N,N,N,N
4702,63074750712,P,68310,Niklas Hana                        ,Stensvold                          ,N,N,N,J,N,KUNDER OVER 18 ÅR MED D-NUMMER     ,N,N,N,N,N,N,N,N,N,N,N
4702,44037850311,P,91310,Geir Leah                          ,Undrum                             ,N,N,N,J,N,KUNDER OVER 18 ÅR MED D-NUMMER     ,N,N,N,N,N,N,N,N,N,N,N
4702,58109150418,P,53310,Torunn Donald                      ,Holmøy                             ,N,N,N,N,N,KUNDER OVER 18 ÅR MED D-NUMMER     ,N,N,N,N,N,N,N,N,N,N,N
4702,47104503736,P,68310,Julio Aneta                        ,Mogstad                            ,N,N,N,N,N,KUNDER OVER 18 ÅR MED D-NUMMER     ,N,N,N,N,N,N,N,N,N,N,N
4702,43046178034,P,68310,Asmund Margun                      ,Lillebø                            ,N,N,N,J,N,KUNDER OVER 18 ÅR MED D-NUMMER     ,N,N,N,N,N,N,N,N,N,N,N
4702,63038677162,P,12310,Eir Francisco                      ,Forsberg                           ,N,N,N,J,N,KUNDER OVER 18 ÅR MED D-NUMMER     ,N,N,N,N,N,N,N,N,N,N,N
4702,57100003114,P,22310,Ravn Eileen                        ,Lande                              ,N,N,N,J,N,KUNDER OVER 18 ÅR MED D-NUMMER     ,N,N,N,N,N,N,N,N,N,N,N
4702,65040252481,P,64310,Alise Odd-Arne                     ,Safi                               ,N,N,N,J,N,KUNDER OVER 18 ÅR MED D-NUMMER     ,N,N,N,N,N,N,N,N,N,N,N
4702,64039708904,P,72310,Phuong Ole-Morten                  ,Furnes                             ,N,N,N,J,N,KUNDER OVER 18 ÅR MED D-NUMMER     ,N,N,N,N,N,N,N,N,N,N,N
4702,49078808143,P,68310,Lillann Kris                       ,Michalsen                          ,N,N,N,J,N,KUNDER OVER 18 ÅR MED D-NUMMER     ,N,N,N,N,N,N,N,N,N,N,N
4702,57047501964,P,53310,Christen Anne-Lise                 ,Ludvigsen                          ,N,N,N,J,N,KUNDER OVER 18 ÅR MED D-NUMMER     ,N,N,N,N,N,N,N,N,N,N,N
4702,67067453171,P,80310,Torunn Aleksandrs                  ,Emberland                          ,N,N,N,J,N,KUNDER OVER 18 ÅR MED D-NUMMER     ,N,N,N,N,N,N,N,N,N,N,N
4702,63107807790,P,31310,Steven Uzma                        ,Valla                              ,N,N,N,J,N,KUNDER OVER 18 ÅR MED D-NUMMER     ,N,N,N,N,N,N,N,N,N,N,N
4702,48027410262,P,68310,Oskar Anke                         ,Elstad                             ,N,N,N,N,N,KUNDER OVER 18 ÅR MED D-NUMMER     ,N,N,N,N,N,N,N,N,N,N,N
4702,63068454613,P,80310,Lone Yaser                         ,Brynjulfsen                        ,N,N,N,J,N,KUNDER OVER 18 ÅR MED D-NUMMER     ,N,N,N,N,N,N,N,N,N,N,N
4702,41096256777,P,05310,Emad Sheila                        ,Christensen                        ,N,N,N,J,N,KUNDER OVER 18 ÅR MED D-NUMMER     ,N,N,N,N,N,N,N,N,N,N,N
4702,49080203992,P,53310,Lars-Kristian Norunn               ,Nicolaysen                         ,N,N,N,J,N,KUNDER OVER 18 ÅR MED D-NUMMER     ,N,N,N,N,N,N,N,N,N,N,N
4702,42038654785,P,72310,Synnøve Cesar                      ,Sperre                             ,N,N,N,J,N,KUNDER OVER 18 ÅR MED D-NUMMER     ,N,N,N,N,N,N,N,N,N,N,N
4702,63107753771,P,72310,Johan Kristi                       ,Dalsbø                             ,N,N,N,J,N,KUNDER OVER 18 ÅR MED D-NUMMER     ,N,N,N,N,N,N,N,N,N,N,N
4702,67096358684,P,91310,Marith Gudbrand                    ,Araya                              ,N,N,N,J,N,KUNDER OVER 18 ÅR MED D-NUMMER     ,N,N,N,N,N,N,N,N,N,N,N
4702,46127575630,P,05310,Iryna Mieczyslaw                   ,Åmodt                              ,N,N,N,N,N,KUNDER OVER 18 ÅR MED D-NUMMER     ,N,N,N,N,N,N,N,N,N,N,N
4702,63018300607,P,05310,Minh Ask                           ,Ottersen                           ,J,N,N,J,N,KUNDER OVER 18 ÅR MED D-NUMMER     ,N,N,N,N,N,N,N,N,N,N,N
4702,41116675577,P,05310,Guro Dovydas                       ,Hallingstad                        ,J,N,N,J,N,KUNDER OVER 18 ÅR MED D-NUMMER     ,N,N,N,N,N,N,N,N,N,N,N
4702,63128152719,P,53310,Kathrin Eigil                      ,Braseth                            ,N,N,N,J,N,KUNDER OVER 18 ÅR MED D-NUMMER     ,N,N,N,N,N,N,N,N,N,N,N
4702,67025202225,P,68310,Stein Lisa-Mari                    ,Hilstad                            ,N,N,N,J,N,KUNDER OVER 18 ÅR MED D-NUMMER     ,N,N,N,N,N,N,N,N,N,N,N
4702,41076601850,P,12310,Valdemar Bianca                    ,Samnøy                             ,N,N,N,J,N,KUNDER OVER 18 ÅR MED D-NUMMER     ,N,N,N,N,N,N,N,N,N,N,N
4702,56067676780,P,64310,Pablo Linh                         ,Tvete                              ,N,N,N,J,N,KUNDER OVER 18 ÅR MED D-NUMMER     ,N,N,N,N,N,N,N,N,N,N,N
4702,65079304756,P,72310,Gunnvor Aslan                      ,Schjerven                          ,N,N,N,J,N,KUNDER OVER 18 ÅR MED D-NUMMER     ,N,N,N,N,N,N,N,N,N,N,N
4702,67098776386,P,12310,Valter Carine                      ,Grøndalen                          ,N,N,N,J,N,KUNDER OVER 18 ÅR MED D-NUMMER     ,N,N,N,N,N,N,N,N,N,N,N
4702,59097208322,P,68310,Laila Nikolai                      ,Reime                              ,J,N,N,J,N,KUNDER OVER 18 ÅR MED D-NUMMER     ,N,N,N,N,N,N,N,N,N,N,N
4702,51098476761,P,91310,Knud Dagfrid                       ,Fyhn                               ,N,N,N,J,N,KUNDER OVER 18 ÅR MED D-NUMMER     ,N,N,N,N,N,N,N,N,N,N,N
4702,43047155828,P,12310,Eleni Oddmund                      ,Fauske                             ,N,N,N,J,N,KUNDER OVER 18 ÅR MED D-NUMMER     ,N,N,N,N,N,N,N,N,N,N,N
4702,58085309313,P,68310,Bergliot Dovydas                   ,Kjølstad                           ,N,N,N,N,N,KUNDER OVER 18 ÅR MED D-NUMMER     ,N,N,N,N,N,N,N,N,N,N,N
4702,59087500947,P,68310,Marna Kemal                        ,Risberg                            ,N,N,N,J,N,KUNDER OVER 18 ÅR MED D-NUMMER     ,N,N,N,N,N,N,N,N,N,N,N
4702,66015655926,P,42310,Aleksandra Roald                   ,Torvund                            ,N,N,N,J,N,KUNDER OVER 18 ÅR MED D-NUMMER     ,N,N,N,N,N,N,N,N,N,N,N
4702,58099003764,P,80310,Szymon Hallfrid                    ,Huus                               ,N,N,N,J,N,KUNDER OVER 18 ÅR MED D-NUMMER     ,N,N,N,N,N,N,N,N,N,N,N
4702,67068952996,P,77310,Lucas Jovita                       ,Brekke                             ,N,N,N,J,N,KUNDER OVER 18 ÅR MED D-NUMMER     ,N,N,N,N,N,N,N,N,N,N,N
4702,57037778429,P,68310,Gabriella Bruno                    ,Grønlund                           ,N,N,N,J,N,KUNDER OVER 18 ÅR MED D-NUMMER     ,N,N,N,N,N,N,N,N,N,N,N
4702,63010400440,P,80310,Ole-Jacob Anne-Kristin             ,Grøndal                            ,N,N,N,N,N,KUNDER OVER 18 ÅR MED D-NUMMER     ,N,N,N,N,N,N,N,N,N,N,N
4702,41127155494,P,53310,Denis Tara                         ,Hallingstad                        ,N,N,N,J,N,KUNDER OVER 18 ÅR MED D-NUMMER     ,N,N,N,N,N,N,N,N,N,N,N
4702,46120102664,P,86310,Eirunn Bernt                       ,Torvund                            ,N,N,N,J,N,KUNDER OVER 18 ÅR MED D-NUMMER     ,N,N,N,N,N,N,N,N,N,N,N
4702,47037207116,P,53310,Nadia Ingvard                      ,Dyb                                ,N,N,N,N,N,KUNDER OVER 18 ÅR MED D-NUMMER     ,N,N,N,N,N,N,N,N,N,N,N
4702,53107205299,P,86310,Tommy Katherine                    ,Asphaug                            ,N,N,N,J,N,KUNDER OVER 18 ÅR MED D-NUMMER     ,N,N,N,N,N,N,N,N,N,N,N
4702,64049000500,P,68310,Hansine Kian                       ,Kvinge                             ,N,N,N,J,N,KUNDER OVER 18 ÅR MED D-NUMMER     ,N,N,N,N,N,N,N,N,N,N,N
4702,52108450185,P,68310,Loreta Thom                        ,Rønningen                          ,N,N,N,J,N,KUNDER OVER 18 ÅR MED D-NUMMER     ,N,N,N,N,N,N,N,N,N,N,N
4702,46059402935,P,68310,Dumitru Wally                      ,Brataas                            ,N,N,N,J,N,KUNDER OVER 18 ÅR MED D-NUMMER     ,N,N,N,N,N,N,N,N,N,N,N
4702,53109604182,P,12310,Bernhard Dragana                   ,Grov                               ,N,N,N,J,N,KUNDER OVER 18 ÅR MED D-NUMMER     ,N,N,N,N,N,N,N,N,N,N,N
4702,47119057627,P,80310,Agata Stuart                       ,Demir                              ,N,N,N,J,N,KUNDER OVER 18 ÅR MED D-NUMMER     ,N,N,N,N,N,N,N,N,N,N,N
4702,59119304134,P,68310,Therese Asbjørn                    ,Skjerven                           ,N,N,N,J,N,KUNDER OVER 18 ÅR MED D-NUMMER     ,N,N,N,N,N,N,N,N,N,N,N
4702,46068901855,P,53310,Jill Gheorghe                      ,Ulset                              ,N,N,N,N,N,KUNDER OVER 18 ÅR MED D-NUMMER     ,N,N,N,N,N,N,N,N,N,N,N
4702,64078275500,P,53310,Francesco Margith                  ,Skjerve                            ,N,N,N,J,N,KUNDER OVER 18 ÅR MED D-NUMMER     ,N,N,N,N,N,N,N,N,N,N,N
4702,59019800754,P,91310,Jorge Gunnveig                     ,Lundal                             ,N,N,N,J,N,KUNDER OVER 18 ÅR MED D-NUMMER     ,N,N,N,N,N,N,N,N,N,N,N
4702,51018805700,P,53310,Tadeusz Danuta                     ,Landsverk                          ,N,N,N,J,N,KUNDER OVER 18 ÅR MED D-NUMMER     ,N,N,N,N,N,N,N,N,N,N,N
4702,56057103790,P,80310,Ehsan Edle                         ,Grønlund                           ,N,J,N,J,N,KUNDER OVER 18 ÅR MED D-NUMMER     ,N,N,N,N,N,N,N,N,N,N,N
4702,63056513681,P,90610,Brigt Camille                      ,Kråkenes                           ,N,N,N,N,N,KUNDER OVER 18 ÅR MED D-NUMMER     ,N,N,N,N,N,N,N,N,N,N,N
4702,52115705873,P,53310,Tyra Jorulf                        ,Nielsen                            ,N,N,N,J,N,KUNDER OVER 18 ÅR MED D-NUMMER     ,N,N,N,N,N,N,N,N,N,N,N
4702,45037904108,P,91310,Joacim Fay                         ,Reksten                            ,N,N,N,J,N,KUNDER OVER 18 ÅR MED D-NUMMER     ,N,N,N,N,N,N,N,N,N,N,N
4702,63129901553,P,53310,Nikita Vivian                      ,Stavik                             ,N,N,N,J,N,KUNDER OVER 18 ÅR MED D-NUMMER     ,N,N,N,N,N,N,N,N,N,N,N
4702,41088278850,P,31310,Eduardo Raquel                     ,Abukar                             ,N,N,N,N,N,KUNDER OVER 18 ÅR MED D-NUMMER     ,N,N,N,N,N,N,N,N,N,N,N
4702,60078675880,P,86310,An-Magritt Johnny                  ,Bjørnevik                          ,N,N,N,J,N,KUNDER OVER 18 ÅR MED D-NUMMER     ,N,N,N,N,N,N,N,N,N,N,N
4702,63048178709,P,53310,Pernilla Torbjørn                  ,Ulseth                             ,N,N,N,J,N,KUNDER OVER 18 ÅR MED D-NUMMER     ,N,N,N,N,N,N,N,N,N,N,N
4702,45027906633,P,31310,Hild Stuart                        ,Jones                              ,N,N,N,J,N,KUNDER OVER 18 ÅR MED D-NUMMER     ,N,N,N,N,N,N,N,N,N,N,N
4702,53019001233,P,53310,Robertas Bodhild                   ,Kjørsvik                           ,N,N,N,N,N,KUNDER OVER 18 ÅR MED D-NUMMER     ,N,N,N,N,N,N,N,N,N,N,N
4702,68059708698,P,91310,May Kamran                         ,Lysø                               ,N,N,N,J,N,KUNDER OVER 18 ÅR MED D-NUMMER     ,N,N,N,N,N,N,N,N,N,N,N
4702,42030107122,P,91310,Oluf Snefrid                       ,Vik                                ,N,N,N,J,N,KUNDER OVER 18 ÅR MED D-NUMMER     ,N,N,N,N,N,N,N,N,N,N,N
4702,65059207983,P,68310,Jardar Izabela                     ,Thorvaldsen                        ,N,N,N,J,N,KUNDER OVER 18 ÅR MED D-NUMMER     ,N,N,N,N,N,N,N,N,N,N,N
4702,50039255526,P,05310,Senad Rikke                        ,Knarvik                            ,J,N,N,J,N,KUNDER OVER 18 ÅR MED D-NUMMER     ,N,N,N,N,N,N,N,N,N,N,N
4702,46047602920,P,68310,Gretha Istvan                      ,Holsen                             ,N,N,N,J,N,KUNDER OVER 18 ÅR MED D-NUMMER     ,N,N,N,N,N,N,N,N,N,N,N
4702,55048575128,P,64310,Glen Siri                          ,Reistad                            ,N,N,N,J,N,KUNDER OVER 18 ÅR MED D-NUMMER     ,N,N,N,N,N,N,N,N,N,N,N
4702,42128453584,P,68310,Mantas Fay                         ,Skansen                            ,N,N,N,J,N,KUNDER OVER 18 ÅR MED D-NUMMER     ,N,N,N,N,N,N,N,N,N,N,N
4702,49119505312,P,12310,Seline Halstein                    ,Kommedal                           ,J,N,N,J,N,KUNDER OVER 18 ÅR MED D-NUMMER     ,N,N,N,N,N,N,N,N,N,N,N
4702,50089151705,P,53310,Kirstin Stig                       ,Sigvartsen                         ,N,N,N,J,N,KUNDER OVER 18 ÅR MED D-NUMMER     ,N,N,N,N,N,N,N,N,N,N,N
4702,42034750348,P,68310,Amra Oddmund                       ,Blomvik                            ,N,N,N,J,N,KUNDER OVER 18 ÅR MED D-NUMMER     ,N,N,N,N,N,N,N,N,N,N,N
4702,68088950732,P,12310,Madelen Francisco                  ,Afzal                              ,N,N,N,J,N,KUNDER OVER 18 ÅR MED D-NUMMER     ,N,N,N,N,N,N,N,N,N,N,N
4702,55108453906,P,68310,Fridtjov Øyvor                     ,Saltnes                            ,N,N,N,J,N,KUNDER OVER 18 ÅR MED D-NUMMER     ,N,N,N,N,N,N,N,N,N,N,N
4702,66089507198,P,31310,Mattis Belinda                     ,Ulven                              ,N,N,N,J,N,KUNDER OVER 18 ÅR MED D-NUMMER     ,N,N,N,N,N,N,N,N,N,N,N
4702,51068104274,P,86310,Oddfrid Mieczyslaw                 ,Albrigtsen                         ,N,N,N,J,N,KUNDER OVER 18 ÅR MED D-NUMMER     ,N,N,N,N,N,N,N,N,N,N,N
4702,56040255325,P,64310,Ole-Kristian Herdis                ,Tvedt                              ,N,N,N,N,N,KUNDER OVER 18 ÅR MED D-NUMMER     ,N,N,N,N,N,N,N,N,N,N,N
4702,54080008913,P,53310,Telma Nils-Petter                  ,Raja                               ,N,N,N,N,N,KUNDER OVER 18 ÅR MED D-NUMMER     ,N,N,N,N,N,N,N,N,N,N,N
4702,45090277573,P,12310,Eli Boye                           ,Broch                              ,N,N,N,J,N,KUNDER OVER 18 ÅR MED D-NUMMER     ,N,N,N,N,N,N,N,N,N,N,N
4702,66096705396,P,68310,Johan Siril                        ,Grønlund                           ,N,N,N,J,N,KUNDER OVER 18 ÅR MED D-NUMMER     ,N,N,N,N,N,N,N,N,N,N,N
4702,58099178025,P,68310,Kine Geir-Arne                     ,Skogsrud                           ,N,N,N,J,N,KUNDER OVER 18 ÅR MED D-NUMMER     ,N,N,N,N,N,N,N,N,N,N,N
4702,47128556547,P,68310,Rodrigo Hermine                    ,Braastad                           ,N,N,N,J,N,KUNDER OVER 18 ÅR MED D-NUMMER     ,N,N,N,N,N,N,N,N,N,N,N
4702,60088905531,P,80310,Ingvill Attila                     ,Bergheim                           ,N,N,N,N,N,KUNDER OVER 18 ÅR MED D-NUMMER     ,N,N,N,N,N,N,N,N,N,N,N
4702,56038150362,P,05310,Tony Wenche                        ,Kvande                             ,J,N,N,J,N,KUNDER OVER 18 ÅR MED D-NUMMER     ,N,N,N,N,N,N,N,N,N,N,N
4702,66019156061,P,53310,Raja Tonje                         ,Urdal                              ,N,J,N,J,N,KUNDER OVER 18 ÅR MED D-NUMMER     ,N,N,N,N,N,N,N,N,N,N,N
4702,63029105318,P,68310,Gretha Istvan                      ,Østreng                            ,N,N,N,J,N,KUNDER OVER 18 ÅR MED D-NUMMER     ,N,N,N,N,N,N,N,N,N,N,N
4702,64106277492,P,68310,Cathinka Geir-Arne                 ,Hammersland                        ,N,N,N,J,N,KUNDER OVER 18 ÅR MED D-NUMMER     ,N,N,N,N,N,N,N,N,N,N,N
4702,56089900021,P,91310,Sollaug Syed                       ,Guttormsen                         ,N,N,N,J,N,KUNDER OVER 18 ÅR MED D-NUMMER     ,N,N,N,N,N,N,N,N,N,N,N
4702,45039001059,P,53310,Oskar Anke                         ,Tyldum                             ,N,N,N,J,N,KUNDER OVER 18 ÅR MED D-NUMMER     ,N,N,N,N,N,N,N,N,N,N,N
4702,41026254726,P,12310,Gordon Milena                      ,Nærø                               ,N,N,N,J,N,KUNDER OVER 18 ÅR MED D-NUMMER     ,N,N,N,N,N,N,N,N,N,N,N
4702,44068656653,P,53310,Bjarte Amalia                      ,Aarsand                            ,N,J,N,J,N,KUNDER OVER 18 ÅR MED D-NUMMER     ,N,N,N,N,N,N,N,N,N,N,N
4702,57065805539,P,53310,Elham Tristan                      ,Anderson                           ,N,N,N,N,N,KUNDER OVER 18 ÅR MED D-NUMMER     ,N,N,N,N,N,N,N,N,N,N,N
4702,62080002640,P,77310,Gordon Adelheid                    ,Eidsvik                            ,N,N,N,J,N,KUNDER OVER 18 ÅR MED D-NUMMER     ,N,N,N,N,N,N,N,N,N,N,N
4702,47097001606,B,53310,Ambjørg Frederik                   ,Lande                              ,N,N,N,J,N,KUNDER OVER 18 ÅR MED D-NUMMER     ,N,N,N,N,N,N,N,N,N,N,N
4702,43129357038,P,64310,Kari Biniam                        ,Winsnes                            ,N,N,N,J,N,KUNDER OVER 18 ÅR MED D-NUMMER     ,N,N,N,N,N,N,N,N,N,N,N
4702,42127552198,P,68310,Sienna Vegar                       ,Vågen                              ,N,N,N,J,N,KUNDER OVER 18 ÅR MED D-NUMMER     ,N,N,N,N,N,N,N,N,N,N,N
4702,68078604798,P,53310,Ernestas Liza                      ,Bjørkheim                          ,N,N,N,J,N,KUNDER OVER 18 ÅR MED D-NUMMER     ,N,N,N,N,N,N,N,N,N,N,N
4702,56116151591,P,68310,Oline Stein-Erik                   ,Ulriksen                           ,N,N,N,J,N,KUNDER OVER 18 ÅR MED D-NUMMER     ,N,N,N,N,N,N,N,N,N,N,N
4702,65079800486,P,53310,Senait Thom                        ,Nilsen                             ,N,N,N,N,N,KUNDER OVER 18 ÅR MED D-NUMMER     ,N,N,N,N,N,N,N,N,N,N,N
4702,46078211296,P,53310,Salma Kato                         ,Figenschau                         ,N,N,N,J,N,KUNDER OVER 18 ÅR MED D-NUMMER     ,N,N,N,N,N,N,N,N,N,N,N
4702,50018900391,P,68310,Alina Istvan                       ,Torp                               ,N,N,N,J,N,KUNDER OVER 18 ÅR MED D-NUMMER     ,N,N,N,N,N,N,N,N,N,N,N
4702,45016854607,P,53310,Ahmed Ann-Cathrin                  ,Løset                              ,N,N,N,J,N,KUNDER OVER 18 ÅR MED D-NUMMER     ,N,N,N,N,N,N,N,N,N,N,N
4702,41036650344,P,91310,Danijela Fabio                     ,Wulff                              ,N,N,N,J,N,KUNDER OVER 18 ÅR MED D-NUMMER     ,N,N,N,N,N,N,N,N,N,N,N
4702,59129702510,P,91310,Odd-Erik Amra                      ,Gilje                              ,N,N,N,J,N,KUNDER OVER 18 ÅR MED D-NUMMER     ,N,N,N,N,N,N,N,N,N,N,N
4702,66089706093,P,68310,Ingebjørg Bernt                    ,Lohne                              ,N,N,N,J,N,KUNDER OVER 18 ÅR MED D-NUMMER     ,N,N,N,N,N,N,N,N,N,N,N
4702,47047477510,P,68310,Biljana Donald                     ,Bjelland                           ,N,N,N,J,N,KUNDER OVER 18 ÅR MED D-NUMMER     ,N,N,N,N,N,N,N,N,N,N,N
4702,43038078322,P,22310,Frøydis Frank                      ,Jama                               ,N,N,N,J,N,KUNDER OVER 18 ÅR MED D-NUMMER     ,N,N,N,N,N,N,N,N,N,N,N
4702,44096203532,P,68310,Lillian Alex                       ,Kvame                              ,N,N,N,N,N,KUNDER OVER 18 ÅR MED D-NUMMER     ,N,N,N,N,N,N,N,N,N,N,N
4702,51027751915,P,68310,Julie Jann                         ,Fonn                               ,N,N,N,J,N,KUNDER OVER 18 ÅR MED D-NUMMER     ,N,N,N,N,N,N,N,N,N,N,N
4702,55058004129,P,68310,Håvard Hong                        ,Jentoft                            ,N,N,N,J,N,KUNDER OVER 18 ÅR MED D-NUMMER     ,N,N,N,N,N,N,N,N,N,N,N
4702,68048655878,P,53310,Knud Minda                         ,Øye                                ,N,N,N,J,N,KUNDER OVER 18 ÅR MED D-NUMMER     ,N,N,N,N,N,N,N,N,N,N,N
4702,66030401655,P,80310,Wenche Ivo                         ,Weiseth                            ,N,N,N,J,N,KUNDER OVER 18 ÅR MED D-NUMMER     ,N,N,N,N,N,N,N,N,N,N,N
4702,56030100919,P,53310,Dick Mirela                        ,Kaasa                              ,N,N,N,J,N,KUNDER OVER 18 ÅR MED D-NUMMER     ,N,N,N,N,N,N,N,N,N,N,N
4702,46027903959,P,53310,Jorund Ari                         ,Jøssang                            ,N,N,N,J,N,KUNDER OVER 18 ÅR MED D-NUMMER     ,N,N,N,N,N,N,N,N,N,N,N
4702,50088803539,P,91310,Francesco Rosemarie                ,Nymark                             ,N,N,N,J,N,KUNDER OVER 18 ÅR MED D-NUMMER     ,N,N,N,N,N,N,N,N,N,N,N
4702,54078608954,P,53310,Oluf Snefrid                       ,Våge                               ,N,N,N,J,N,KUNDER OVER 18 ÅR MED D-NUMMER     ,N,N,N,N,N,N,N,N,N,N,N
4702,52106418101,P,64310,Ingo Shahnaz                       ,Bjørvik                            ,N,N,N,J,N,KUNDER OVER 18 ÅR MED D-NUMMER     ,N,N,N,N,N,N,N,N,N,N,N
4702,64088055614,P,53310,Thorsten Lykke                     ,Erstad                             ,N,N,N,N,N,KUNDER OVER 18 ÅR MED D-NUMMER     ,N,N,N,N,N,N,N,N,N,N,N
4702,68029252614,P,53310,Benn Amalie                        ,Kydland                            ,N,N,N,N,N,KUNDER OVER 18 ÅR MED D-NUMMER     ,N,N,N,N,N,N,N,N,N,N,N
4702,66077206133,P,42310,Esther Sylwester                   ,Fidjeland                          ,N,N,N,J,N,KUNDER OVER 18 ÅR MED D-NUMMER     ,N,N,N,N,N,N,N,N,N,N,N
4702,59129055493,P,31310,Ester Romas                        ,Myre                               ,N,N,N,N,N,KUNDER OVER 18 ÅR MED D-NUMMER     ,N,N,N,N,N,N,N,N,N,N,N
4702,65018078958,P,53310,Heine Annelin                      ,Helgestad                          ,N,N,N,N,N,KUNDER OVER 18 ÅR MED D-NUMMER     ,N,N,N,N,N,N,N,N,N,N,N
4702,66088351976,P,68310,Oskar Gullborg                     ,Langli                             ,N,N,N,J,N,KUNDER OVER 18 ÅR MED D-NUMMER     ,N,N,N,N,N,N,N,N,N,N,N
4702,52098953965,P,53310,Mantas Marith                      ,Rynning                            ,N,N,N,J,N,KUNDER OVER 18 ÅR MED D-NUMMER     ,N,N,N,N,N,N,N,N,N,N,N
4702,59089900039,P,86310,Ib Iselinn                         ,Edland                             ,N,N,N,N,N,KUNDER OVER 18 ÅR MED D-NUMMER     ,N,N,N,N,N,N,N,N,N,N,N
4702,51118875293,P,05310,Thorbjørn Carolina                 ,Høgås                              ,J,N,N,J,N,KUNDER OVER 18 ÅR MED D-NUMMER     ,N,N,N,N,N,N,N,N,N,N,N
4702,41040503720,P,53310,Rino Brit                          ,Aasland                            ,N,N,N,J,N,KUNDER OVER 18 ÅR MED D-NUMMER     ,N,N,N,N,N,N,N,N,N,N,N
4702,65127258702,P,77310,Harald Undis                       ,Grannes                            ,N,N,N,J,N,KUNDER OVER 18 ÅR MED D-NUMMER     ,N,N,N,N,N,N,N,N,N,N,N
4702,62047304399,P,53310,Edgars Kari-Ann                    ,Monge                              ,N,N,N,N,N,KUNDER OVER 18 ÅR MED D-NUMMER     ,N,N,N,N,N,N,N,N,N,N,N
4702,61077602886,P,68310,Stefanie Pieter                    ,Lehne                              ,N,N,N,N,N,KUNDER OVER 18 ÅR MED D-NUMMER     ,N,N,N,N,N,N,N,N,N,N,N
4702,66079602575,P,77310,Denis Ilze                         ,Tjessem                            ,N,N,N,J,N,KUNDER OVER 18 ÅR MED D-NUMMER     ,N,N,N,N,N,N,N,N,N,N,N
4702,62077508584,P,68310,Torsten Adriana                    ,Salte                              ,N,N,N,J,N,KUNDER OVER 18 ÅR MED D-NUMMER     ,N,N,N,N,N,N,N,N,N,N,N
4702,61110053931,P,80310,Roxana Thorvald                    ,Tjemsland                          ,N,N,N,J,N,KUNDER OVER 18 ÅR MED D-NUMMER     ,N,N,N,N,N,N,N,N,N,N,N
4702,69057602708,P,77310,Tuyet Pawel                        ,Åkre                               ,N,N,N,J,N,KUNDER OVER 18 ÅR MED D-NUMMER     ,N,N,N,N,N,N,N,N,N,N,N
4702,59028477699,P,68310,Mahad Wenche                       ,Ottem                              ,N,N,N,J,N,KUNDER OVER 18 ÅR MED D-NUMMER     ,N,N,N,N,N,N,N,N,N,N,N
4702,57044856419,P,22310,Anne-Lise Agnar                    ,Hjelm                              ,N,N,N,J,N,KUNDER OVER 18 ÅR MED D-NUMMER     ,N,N,N,N,N,N,N,N,N,N,N
4702,44019158990,P,91310,Hasan Emely                        ,Fjell                              ,N,N,N,J,N,KUNDER OVER 18 ÅR MED D-NUMMER     ,N,N,N,N,N,N,N,N,N,N,N
4702,62069504952,P,53310,Oskar Gullborg                     ,Schjetne                           ,N,N,N,N,N,KUNDER OVER 18 ÅR MED D-NUMMER     ,N,N,N,N,N,N,N,N,N,N,N
4702,68037976974,P,80310,Jens Anna                          ,Fallet                             ,N,N,N,J,N,KUNDER OVER 18 ÅR MED D-NUMMER     ,N,N,N,N,N,N,N,N,N,N,N
4702,62067056774,P,80310,Cathrin Frank                      ,Fischer                            ,N,N,N,N,N,KUNDER OVER 18 ÅR MED D-NUMMER     ,N,N,N,N,N,N,N,N,N,N,N
4702,61127307384,P,05310,Benedikte Varg                     ,Gunnestad                          ,J,N,N,J,N,KUNDER OVER 18 ÅR MED D-NUMMER     ,N,N,N,N,N,N,N,N,N,N,N
4702,67079056887,P,53310,Valdemar Milly                     ,Sørum                              ,N,N,N,J,N,KUNDER OVER 18 ÅR MED D-NUMMER     ,N,N,N,N,N,N,N,N,N,N,N
4702,49076101263,P,53310,Gregor Beatrice                    ,Magerøy                            ,N,N,N,J,N,KUNDER OVER 18 ÅR MED D-NUMMER     ,N,N,N,N,N,N,N,N,N,N,N
4702,53067077551,P,80310,Yosef Clara                        ,Lysaker                            ,N,N,N,J,N,KUNDER OVER 18 ÅR MED D-NUMMER     ,N,N,N,N,N,N,N,N,N,N,N
4702,41098401855,P,94310,Mario Sigri                        ,Kristiansen                        ,N,N,N,J,N,KUNDER OVER 18 ÅR MED D-NUMMER     ,N,N,N,N,N,N,N,N,N,N,N
4702,44128350303,P,53310,Herbjørg Sune                      ,Kruse                              ,N,N,N,J,N,KUNDER OVER 18 ÅR MED D-NUMMER     ,N,N,N,N,N,N,N,N,N,N,N
4702,48016951164,P,68310,Dorthea Asbjørn                    ,Leira                              ,N,N,N,N,N,KUNDER OVER 18 ÅR MED D-NUMMER     ,N,N,N,N,N,N,N,N,N,N,N
4702,60027777743,P,22310,Justina Abdifatah                  ,Kjelsrud                           ,N,N,N,N,N,KUNDER OVER 18 ÅR MED D-NUMMER     ,N,N,N,N,N,N,N,N,N,N,N
4702,66057652129,P,64310,Noel Berthe                        ,Opedal                             ,N,N,N,J,N,KUNDER OVER 18 ÅR MED D-NUMMER     ,N,N,N,N,N,N,N,N,N,N,N
4702,59069255951,P,12310,Ernestas Liza                      ,Brække                             ,N,N,N,J,N,KUNDER OVER 18 ÅR MED D-NUMMER     ,N,N,N,N,N,N,N,N,N,N,N
4702,62128854555,P,80310,Eystein Signhild                   ,Samuelsen                          ,N,N,N,J,N,KUNDER OVER 18 ÅR MED D-NUMMER     ,N,N,N,N,N,N,N,N,N,N,N
4702,68056751800,P,80310,Yohannes Agnethe                   ,Vatne                              ,N,N,N,J,N,KUNDER OVER 18 ÅR MED D-NUMMER     ,N,N,N,N,N,N,N,N,N,N,N
4702,53069402131,P,68310,Madelen Francisco                  ,Akhtar                             ,N,N,N,J,N,KUNDER OVER 18 ÅR MED D-NUMMER     ,N,N,N,N,N,N,N,N,N,N,N
4702,53059401781,P,86310,Ben Pamela                         ,Fredheim                           ,N,N,N,J,N,KUNDER OVER 18 ÅR MED D-NUMMER     ,N,N,N,N,N,N,N,N,N,N,N
4702,51088376327,P,80310,Bjørgunn Jan-Inge                  ,Rakvåg                             ,N,N,N,J,N,KUNDER OVER 18 ÅR MED D-NUMMER     ,N,N,N,N,N,N,N,N,N,N,N
4702,50099501917,P,68310,Lindis Marcelo                     ,Synnevåg                           ,N,N,N,J,N,KUNDER OVER 18 ÅR MED D-NUMMER     ,N,N,N,N,N,N,N,N,N,N,N
4702,55126955188,P,91310,Yassin Agathe                      ,Sørmo                              ,N,N,N,J,N,KUNDER OVER 18 ÅR MED D-NUMMER     ,N,N,N,N,N,N,N,N,N,N,N
4702,48086758817,P,22310,Afrim Ina                          ,Hella                              ,N,N,N,J,N,KUNDER OVER 18 ÅR MED D-NUMMER     ,N,N,N,N,N,N,N,N,N,N,N
4702,68038052997,P,53310,Ramunas Maureen                    ,Claussen                           ,N,N,N,J,N,KUNDER OVER 18 ÅR MED D-NUMMER     ,N,N,N,N,N,N,N,N,N,N,N
4702,47097902700,P,53310,Edgar Marion                       ,Storsve                            ,N,N,N,J,N,KUNDER OVER 18 ÅR MED D-NUMMER     ,N,N,N,N,N,N,N,N,N,N,N
4702,44036458191,P,68310,Donna Varg                         ,Wroldsen                           ,N,N,N,J,N,KUNDER OVER 18 ÅR MED D-NUMMER     ,N,N,N,N,N,N,N,N,N,N,N
4702,46017708732,P,53310,Elfrida Ole-Marius                 ,Hammeren                           ,N,N,N,J,N,KUNDER OVER 18 ÅR MED D-NUMMER     ,N,N,N,N,N,N,N,N,N,N,N
4702,68059405830,P,68310,Azad Enya                          ,Heggedal                           ,N,N,N,J,N,KUNDER OVER 18 ÅR MED D-NUMMER     ,N,N,N,N,N,N,N,N,N,N,N
4702,57027578316,P,68310,Paal Rine                          ,Alnes                              ,N,N,N,J,N,KUNDER OVER 18 ÅR MED D-NUMMER     ,N,N,N,N,N,N,N,N,N,N,N
4702,56128453925,P,68310,Brenda Stig                        ,Sjøblom                            ,N,N,N,J,N,KUNDER OVER 18 ÅR MED D-NUMMER     ,N,N,N,N,N,N,N,N,N,N,N
4702,59049607185,P,31310,Brigt Selamawit                    ,Aure                               ,N,N,N,J,N,KUNDER OVER 18 ÅR MED D-NUMMER     ,N,N,N,N,N,N,N,N,N,N,N
4702,58016552540,P,53310,Sadia Ari                          ,Follestad                          ,N,N,N,J,N,KUNDER OVER 18 ÅR MED D-NUMMER     ,N,N,N,N,N,N,N,N,N,N,N
4702,65119303375,P,77310,Elfrida Fabio                      ,Holter                             ,N,N,N,J,N,KUNDER OVER 18 ÅR MED D-NUMMER     ,N,N,N,N,N,N,N,N,N,N,N
4702,41086757999,P,68310,Amira Dmitri                       ,Reime                              ,N,N,N,J,N,KUNDER OVER 18 ÅR MED D-NUMMER     ,N,N,N,N,N,N,N,N,N,N,N
4702,45058601792,P,91310,Ingalill Mateo                     ,Berntsen                           ,N,N,N,J,N,KUNDER OVER 18 ÅR MED D-NUMMER     ,N,N,N,N,N,N,N,N,N,N,N
4702,47067707180,P,68310,Gunnvor Aslan                      ,Bruaset                            ,N,N,N,J,N,KUNDER OVER 18 ÅR MED D-NUMMER     ,N,N,N,N,N,N,N,N,N,N,N
4702,43047907781,P,22310,Berge Gina                         ,Emberland                          ,N,N,N,J,N,KUNDER OVER 18 ÅR MED D-NUMMER     ,N,N,N,N,N,N,N,N,N,N,N
4702,60027357744,P,68310,Svitlana Mahad                     ,Kvernberg                          ,N,N,N,J,N,KUNDER OVER 18 ÅR MED D-NUMMER     ,N,N,N,N,N,N,N,N,N,N,N
4702,63104455907,P,68310,Tony Nora                          ,Baltzersen                         ,N,N,N,J,N,KUNDER OVER 18 ÅR MED D-NUMMER     ,N,N,N,N,N,N,N,N,N,N,N
4702,52067603990,P,12310,Ernestas Liza                      ,Våga                               ,N,N,N,J,N,KUNDER OVER 18 ÅR MED D-NUMMER     ,N,N,N,N,N,N,N,N,N,N,N
4702,59118276811,P,22310,Mogens Rannei                      ,Schjerven                          ,N,N,N,N,N,KUNDER OVER 18 ÅR MED D-NUMMER     ,N,N,N,N,N,N,N,N,N,N,N
4702,54060006418,P,86310,Layla Trym                         ,Barth                              ,N,N,N,J,N,KUNDER OVER 18 ÅR MED D-NUMMER     ,N,N,N,N,N,N,N,N,N,N,N
4702,66109200175,P,72310,Rizwan Tania                       ,Krane                              ,N,N,N,J,N,KUNDER OVER 18 ÅR MED D-NUMMER     ,N,N,N,N,N,N,N,N,N,N,N
4702,55129407165,P,94310,Andrej Silvia                      ,Igland                             ,N,N,N,J,N,KUNDER OVER 18 ÅR MED D-NUMMER     ,N,N,N,N,N,N,N,N,N,N,N
4702,56118208795,P,53310,Hildur Boye                        ,Hylland                            ,N,N,N,J,N,KUNDER OVER 18 ÅR MED D-NUMMER     ,N,N,N,N,N,N,N,N,N,N,N
4702,68108808911,P,31310,Janicke Jack                       ,Hopland                            ,N,N,N,J,N,KUNDER OVER 18 ÅR MED D-NUMMER     ,N,N,N,N,N,N,N,N,N,N,N
4702,68109351052,P,05310,Elliot Aneta                       ,Winge                              ,N,N,N,J,N,KUNDER OVER 18 ÅR MED D-NUMMER     ,N,N,N,N,N,N,N,N,N,N,N
4702,66089505853,P,68310,Borghild Tord                      ,Toverud                            ,N,N,N,J,N,KUNDER OVER 18 ÅR MED D-NUMMER     ,N,N,N,N,N,N,N,N,N,N,N
4702,50068156936,P,53310,Bettina Babak                      ,Skår                               ,N,N,N,J,N,KUNDER OVER 18 ÅR MED D-NUMMER     ,N,N,N,N,N,N,N,N,N,N,N
4702,64069204544,P,12310,Hoa Jann                           ,Fagernes                           ,N,N,N,J,N,KUNDER OVER 18 ÅR MED D-NUMMER     ,N,N,N,N,N,N,N,N,N,N,N
4702,59129200787,P,68310,Ole-Jacob Franziska                ,Halvorsen                          ,N,N,N,J,N,KUNDER OVER 18 ÅR MED D-NUMMER     ,N,N,N,N,N,N,N,N,N,N,N
4702,43030553803,P,64310,Beatriz Almar                      ,Sørhus                             ,N,N,N,N,N,KUNDER OVER 18 ÅR MED D-NUMMER     ,N,N,N,N,N,N,N,N,N,N,N
4702,42068006222,P,86310,Ingvild Fridtjov                   ,Kjærvik                            ,N,N,N,J,N,KUNDER OVER 18 ÅR MED D-NUMMER     ,N,N,N,N,N,N,N,N,N,N,N
4702,51036851574,P,80310,Biljana Donald                     ,Søbstad                            ,N,N,N,J,N,KUNDER OVER 18 ÅR MED D-NUMMER     ,N,N,N,N,N,N,N,N,N,N,N
4702,51128002573,P,68310,Wiktoria Stuart                    ,Skogvoll                           ,N,N,N,J,N,KUNDER OVER 18 ÅR MED D-NUMMER     ,N,N,N,N,N,N,N,N,N,N,N
4702,63107676580,P,53310,Lillann Skule                      ,Sakariassen                        ,N,N,N,J,N,KUNDER OVER 18 ÅR MED D-NUMMER     ,N,N,N,N,N,N,N,N,N,N,N
4702,63089900095,P,53310,Iryna Mieczyslaw                   ,Trinh                              ,N,N,N,N,N,KUNDER OVER 18 ÅR MED D-NUMMER     ,N,N,N,N,N,N,N,N,N,N,N
4702,51119153844,P,05310,Krystyna Kemal                     ,Istad                              ,J,N,N,N,N,KUNDER OVER 18 ÅR MED D-NUMMER     ,N,N,N,N,N,N,N,N,N,N,N
4702,49017953566,P,80310,Andrius Franziska                  ,Stenberg                           ,N,N,N,J,N,KUNDER OVER 18 ÅR MED D-NUMMER     ,N,N,N,N,N,N,N,N,N,N,N
4702,65018278647,P,68310,Sigrunn Wiktor                     ,Lyshaug                            ,N,N,N,J,N,KUNDER OVER 18 ÅR MED D-NUMMER     ,N,N,N,N,N,N,N,N,N,N,N
4702,59038504260,P,91310,Eleni Oddmund                      ,Løset                              ,N,N,N,N,N,KUNDER OVER 18 ÅR MED D-NUMMER     ,N,N,N,N,N,N,N,N,N,N,N
4702,52067600177,P,53310,Danijela Fabio                     ,Fjeldberg                          ,N,N,N,J,N,KUNDER OVER 18 ÅR MED D-NUMMER     ,N,N,N,N,N,N,N,N,N,N,N
4702,60110050502,P,77310,Hussain Åse                        ,Bakkerud                           ,N,N,N,J,N,KUNDER OVER 18 ÅR MED D-NUMMER     ,N,N,N,N,N,N,N,N,N,N,N
4702,55026854597,P,53310,Kamil Khadija                      ,Breivik                            ,N,N,N,J,N,KUNDER OVER 18 ÅR MED D-NUMMER     ,N,N,N,N,N,N,N,N,N,N,N
4702,60049607043,P,22310,Rimantas Oxana                     ,Løseth                             ,N,N,N,J,N,KUNDER OVER 18 ÅR MED D-NUMMER     ,N,N,N,N,N,N,N,N,N,N,N
4702,50076700777,P,31310,Yassin Agathe                      ,Gustavsen                          ,N,N,N,J,N,KUNDER OVER 18 ÅR MED D-NUMMER     ,N,N,N,N,N,N,N,N,N,N,N
4702,47029050690,P,68310,Sanne Biniam                       ,Østerbø                            ,N,N,N,J,N,KUNDER OVER 18 ÅR MED D-NUMMER     ,N,N,N,N,N,N,N,N,N,N,N
4702,45049352747,P,68310,Mimmi Paulo                        ,Krasniqi                           ,N,N,N,J,N,KUNDER OVER 18 ÅR MED D-NUMMER     ,N,N,N,N,N,N,N,N,N,N,N
4702,53058257334,P,53310,Eilen Frank                        ,Eik                                ,N,N,N,J,N,KUNDER OVER 18 ÅR MED D-NUMMER     ,N,N,N,N,N,N,N,N,N,N,N
4702,55027677303,P,68310,Tony Faiza                         ,Nakken                             ,N,N,N,J,N,KUNDER OVER 18 ÅR MED D-NUMMER     ,N,N,N,N,N,N,N,N,N,N,N
4702,66129501910,P,68310,Kaisa Sigve                        ,Lauritsen                          ,N,N,N,J,N,KUNDER OVER 18 ÅR MED D-NUMMER     ,N,N,N,N,N,N,N,N,N,N,N
