1801,01124105745,P,21110,Anbjørg Jack                       ,Dyrseth                            ,N,N,N,J,N,KUNDER MED BEVILGNING              ,N,N,N,N,N,N,N,N,N,N,N
1801,26115808450,P,35000,Olina Gudbrand                     ,Hjortland                          ,J,J,J,J,N,KUNDER MED BEVILGNING              ,N,N,N,N,N,N,N,N,N,N,N
1801,30058514906,P,16110,Audrius Wigdis                     ,Lundgård                           ,N,N,N,J,N,KUNDER MED BEVILGNING              ,N,N,N,N,N,N,N,N,N,N,N
1801,30086309307,P,16110,Ingebjørg Vilius                   ,Valla                              ,N,N,N,J,N,KUNDER MED BEVILGNING              ,N,N,N,N,N,N,N,N,N,N,N
1801,20035510363,P,35100,Gertrud Nicolae                    ,Myran                              ,J,N,N,J,N,KUNDER MED BEVILGNING              ,N,N,N,N,N,N,N,N,N,N,N
1801,02114813934,P,35000,Anstein Åste                       ,Hodne                              ,N,N,N,J,N,KUNDER MED BEVILGNING              ,N,N,N,N,N,N,N,N,N,N,N
1801,13075609226,P,35100,Tore May-Kristin                   ,Tonstad                            ,N,J,N,J,N,KUNDER MED BEVILGNING              ,N,N,N,N,N,N,N,N,N,N,N
1801,24055302487,P,41110,Leni Søren                         ,Fardal                             ,N,J,J,J,N,KUNDER MED BEVILGNING              ,N,N,N,N,N,N,N,N,N,N,N
1801,15055300787,P,67248,Raja Nadezda                       ,Røvik                              ,N,N,N,J,N,KUNDER MED BEVILGNING              ,N,N,N,N,N,N,N,N,N,N,N
1801,26046005820,P,16110,Rodrigo Stine                      ,Safi                               ,N,J,N,J,N,KUNDER MED BEVILGNING              ,N,N,N,N,N,N,N,N,N,N,N
1801,27105314375,P,36110,Eduardo Ellinor                    ,Aurstad                            ,N,N,N,J,N,KUNDER MED BEVILGNING              ,N,N,N,N,N,N,N,N,N,N,N
1801,27066813253,P,34013,Audrius Inez                       ,Ims                                ,N,J,N,J,N,KUNDER MED BEVILGNING              ,N,N,N,N,N,N,N,N,N,N,N
1801,03064511911,P,16110,Eiril Leszek                       ,Kårstad                            ,N,N,N,J,N,KUNDER MED BEVILGNING              ,N,N,N,N,N,N,N,N,N,N,N
1801,27115209863,P,31110,Vibeke Torgny                      ,Frøseth                            ,N,J,N,J,N,KUNDER MED BEVILGNING              ,N,N,N,N,N,N,N,N,N,N,N
1801,10037203632,P,35000,Dagrun Sverre                      ,Kraft                              ,N,J,N,J,N,KUNDER MED BEVILGNING              ,N,N,N,N,N,N,N,N,N,N,N
1801,25096114608,P,35001,Gerda Christer                     ,Tetlie                             ,J,J,J,J,N,KUNDER MED BEVILGNING              ,N,N,N,N,N,N,N,N,N,N,N
1801,04114817681,P,35100,Margreta Reidar                    ,Gaup                               ,J,N,N,J,N,KUNDER MED BEVILGNING              ,N,N,N,N,N,N,N,N,N,N,N
1801,07125503084,P,34013,Yohannes Sally                     ,Sundal                             ,N,N,N,J,N,KUNDER MED BEVILGNING              ,N,N,N,N,N,N,N,N,N,N,N
1801,07055615181,P,47110,Søren Joanne                       ,Negård                             ,N,J,N,J,N,KUNDER MED BEVILGNING              ,N,N,N,N,N,N,N,N,N,N,N
1801,01094721918,P,35000,Ståle Gurli                        ,Arvesen                            ,J,J,N,J,N,KUNDER MED BEVILGNING              ,N,N,N,N,N,N,N,N,N,N,N
1801,17035005609,P,26110,Sofia Maciej                       ,Brekke                             ,N,N,N,J,N,KUNDER MED BEVILGNING              ,N,N,N,N,N,N,N,N,N,N,N
1801,22036803154,P,11110,Alia Abdulahi                      ,Storsve                            ,N,N,N,J,N,KUNDER MED BEVILGNING              ,N,N,N,N,N,N,N,N,N,N,N
1801,07054515809,P,13110,Ramune Sune                        ,Tømmervik                          ,N,N,N,J,N,KUNDER MED BEVILGNING              ,N,N,N,N,N,N,N,N,N,N,N
1801,09126814132,P,46110,Julio Anja                         ,Hjelmeland                         ,N,J,N,J,N,KUNDER MED BEVILGNING              ,N,N,N,N,N,N,N,N,N,N,N
1801,26035302041,P,26110,Juozas Norah                       ,Endresen                           ,N,N,N,J,N,KUNDER MED BEVILGNING              ,N,N,N,N,N,N,N,N,N,N,N
1801,21046911854,P,35500,Bjarte Amalia                      ,Homme                              ,N,N,J,J,N,KUNDER MED BEVILGNING              ,N,N,N,N,N,N,N,N,N,N,N
1801,05119002402,P,36800,Oluf Jelena                        ,Engvik                             ,J,N,J,J,N,KUNDER MED BEVILGNING              ,N,N,N,N,N,N,N,N,N,N,N
1801,26086204362,P,34013,Nadja Jan-Fredrik                  ,Skotte                             ,N,N,N,J,N,KUNDER MED BEVILGNING              ,N,N,N,N,N,N,N,N,N,N,N
1801,13027802286,P,71110,Gunn Umar                          ,Haji                               ,N,N,N,J,N,KUNDER MED BEVILGNING              ,N,N,N,N,N,N,N,N,N,N,N
1801,07124905383,P,13110,Amelie Tristan                     ,Øverby                             ,N,N,N,J,N,KUNDER MED BEVILGNING              ,N,N,N,N,N,N,N,N,N,N,N
1801,09025119379,P,35500,Sana Aslan                         ,Nyhus                              ,N,N,N,J,N,KUNDER MED BEVILGNING              ,N,N,N,N,N,N,N,N,N,N,N
1801,03125616320,P,36110,Sana Aslan                         ,Aarnes                             ,J,J,N,J,N,KUNDER MED BEVILGNING              ,N,N,N,N,N,N,N,N,N,N,N
1801,20115804929,P,35400,Yohannes Madina                    ,Innvær                             ,N,N,N,J,N,KUNDER MED BEVILGNING              ,N,N,N,N,N,N,N,N,N,N,N
1801,13024708041,P,76110,Ståle Anne-Kari                    ,Helland                            ,N,J,J,J,N,KUNDER MED BEVILGNING              ,N,N,N,N,N,N,N,N,N,N,N
1801,01096715095,P,11110,Mateusz Eirunn                     ,Hojem                              ,N,J,N,J,N,KUNDER MED BEVILGNING              ,N,N,N,N,N,N,N,N,N,N,N
1801,04015616674,P,67248,Ernestas Leni                      ,Langlo                             ,J,J,N,J,N,KUNDER MED BEVILGNING              ,N,N,N,N,N,N,N,N,N,N,N
1801,16106910387,P,35500,Lars-Kristian Judith               ,Skorstad                           ,N,J,N,J,N,KUNDER MED BEVILGNING              ,N,N,N,N,N,N,N,N,N,N,N
1801,06078009231,P,35000,Adelina Mladen                     ,Strande                            ,J,J,N,J,N,KUNDER MED BEVILGNING              ,N,N,N,N,N,N,N,N,N,N,N
1801,22026104355,P,35900,Bibbi Kenny                        ,Kleveland                          ,N,N,N,J,N,KUNDER MED BEVILGNING              ,N,N,N,N,N,N,N,N,N,N,N
1801,10016911289,P,67248,Amira Eduard                       ,Fretheim                           ,N,N,N,J,N,KUNDER MED BEVILGNING              ,N,N,N,N,N,N,N,N,N,N,N
1801,17064220640,P,13110,Aadne Monika                       ,Dahlstrøm                          ,N,J,N,J,N,KUNDER MED BEVILGNING              ,N,N,N,N,N,N,N,N,N,N,N
1801,23115217879,P,11110,Borger Emily                       ,Mjønes                             ,N,N,N,J,N,KUNDER MED BEVILGNING              ,N,N,N,N,N,N,N,N,N,N,N
1801,07088208751,P,71110,Oddmar Serina                      ,Nordnes                            ,N,J,N,J,N,KUNDER MED BEVILGNING              ,N,N,N,N,N,N,N,N,N,N,N
1801,14018005272,P,31110,Gunn Kaj                           ,Fjellstad                          ,N,J,N,J,N,KUNDER MED BEVILGNING              ,N,N,N,N,N,N,N,N,N,N,N
1801,10058456662,P,35201,Gregor Wibeke                      ,Bergum                             ,N,N,N,J,N,KUNDER MED BEVILGNING              ,N,N,N,N,N,N,N,N,N,N,N
1801,23057354186,P,35400,Jens Ylva                          ,Wolden                             ,N,J,J,J,N,KUNDER MED BEVILGNING              ,N,N,N,N,N,N,N,N,N,N,N
1801,11015518547,P,35400,Gregor Anne-Line                   ,Hjelle                             ,J,N,N,J,N,KUNDER MED BEVILGNING              ,N,N,N,N,N,N,N,N,N,N,N
1801,03104611698,P,36300,Wibeche Istvan                     ,Finnesand                          ,N,N,J,J,N,KUNDER MED BEVILGNING              ,N,N,N,N,N,N,N,N,N,N,N
1801,07086409520,P,31110,Kolbjørn Sari                      ,Skavhaug                           ,N,N,N,J,N,KUNDER MED BEVILGNING              ,N,N,N,N,N,N,N,N,N,N,N
1801,15018702514,B,71230,Mehran Mina                        ,Spilde                             ,N,J,N,J,N,KUNDER MED BEVILGNING              ,N,N,N,N,N,N,N,N,N,N,N
1801,13058805755,P,51110,Thorunn Reidar                     ,Lillevik                           ,N,N,N,J,N,KUNDER MED BEVILGNING              ,N,N,N,N,N,N,N,N,N,N,N
1801,03056517587,P,11110,Bibbi Kenny                        ,Sønderland                         ,N,N,N,J,N,KUNDER MED BEVILGNING              ,N,N,N,N,N,N,N,N,N,N,N
1801,29016609461,P,31110,Alexandre May                      ,Straume                            ,N,N,N,J,N,KUNDER MED BEVILGNING              ,N,N,N,N,N,N,N,N,N,N,N
1801,10126009815,P,56110,Adnan Sara                         ,Rusten                             ,N,J,N,J,N,KUNDER MED BEVILGNING              ,N,N,N,N,N,N,N,N,N,N,N
1801,05074706411,P,36300,Cristian Bich                      ,Viken                              ,N,N,N,J,N,KUNDER MED BEVILGNING              ,N,N,N,N,N,N,N,N,N,N,N
1801,29097800896,P,34013,Herlaug Borger                     ,Ahmad                              ,N,J,N,J,N,KUNDER MED BEVILGNING              ,N,N,N,N,N,N,N,N,N,N,N
1801,26087606960,P,80150,Benthe Kemal                       ,Grotle                             ,J,J,N,J,N,KUNDER MED BEVILGNING              ,N,N,N,N,N,N,N,N,N,N,N
1801,19129409633,P,36500,Halldis Laimonas                   ,Valstad                            ,N,N,N,J,N,KUNDER MED BEVILGNING              ,N,N,N,N,N,N,N,N,N,N,N
1801,01095217326,B,35400,Steffan Annike                     ,Juvik                              ,J,N,N,J,N,KUNDER MED BEVILGNING              ,N,N,N,N,N,N,N,N,N,N,N
1801,18094506790,P,34013,Zeynep Kato                        ,Knotten                            ,N,N,N,J,N,KUNDER MED BEVILGNING              ,N,N,N,N,N,N,N,N,N,N,N
1801,14084904202,P,35000,Håvard Kathrin                     ,Dybdal                             ,N,N,N,J,N,KUNDER MED BEVILGNING              ,N,N,N,N,N,N,N,N,N,N,N
1801,13026902783,B,56230,Ole-Kristian Sabrina               ,Kleiven                            ,N,N,N,J,N,KUNDER MED BEVILGNING              ,N,N,N,N,N,N,N,N,N,N,N
1801,20087407536,P,16110,Maksim Aslaug                      ,Taranger                           ,J,N,N,J,N,KUNDER MED BEVILGNING              ,N,N,N,N,N,N,N,N,N,N,N
1801,10116202021,P,16110,Mehran Ekaterina                   ,Brekke                             ,N,N,N,J,N,KUNDER MED BEVILGNING              ,N,N,N,N,N,N,N,N,N,N,N
1801,27013916468,P,35100,Liubov Mantas                      ,Ali                                ,N,N,N,J,N,KUNDER MED BEVILGNING              ,N,N,N,N,N,N,N,N,N,N,N
1801,28057406331,P,21110,Zuzanna Mikko                      ,Fjelde                             ,N,N,N,J,N,KUNDER MED BEVILGNING              ,N,N,N,N,N,N,N,N,N,N,N
1801,31088706733,P,11110,Skjalg Senait                      ,Rui                                ,N,N,N,J,N,KUNDER MED BEVILGNING              ,N,N,N,N,N,N,N,N,N,N,N
1801,26066508004,P,37400,Joacim Ilze                        ,Bækken                             ,N,J,J,J,N,KUNDER MED BEVILGNING              ,N,N,N,N,N,N,N,N,N,N,N
1801,23086010879,P,34013,Oscar Audny                        ,Sundfær                            ,J,J,N,J,N,KUNDER MED BEVILGNING              ,N,N,N,N,N,N,N,N,N,N,N
1801,10076807278,P,35000,Solbjørg Florian                   ,Egge                               ,J,N,N,J,N,KUNDER MED BEVILGNING              ,N,N,N,N,N,N,N,N,N,N,N
1801,15076401419,P,21110,Ole-Morten Elham                   ,Leivestad                          ,N,N,N,J,N,KUNDER MED BEVILGNING              ,N,N,N,N,N,N,N,N,N,N,N
1801,02015713812,P,67248,Kjellaug Kris                      ,Grøndahl                           ,N,N,N,J,N,KUNDER MED BEVILGNING              ,N,N,N,N,N,N,N,N,N,N,N
1801,15087408768,P,71110,Pauline Hai                        ,Olaussen                           ,N,N,J,J,N,KUNDER MED BEVILGNING              ,N,N,N,N,N,N,N,N,N,N,N
1801,12126816918,P,17110,Gunlaug Thorolf                    ,Magerøy                            ,N,J,N,J,N,KUNDER MED BEVILGNING              ,N,N,N,N,N,N,N,N,N,N,N
1801,18036916733,P,35000,Endre Agnete                       ,Vigdal                             ,N,N,N,J,N,KUNDER MED BEVILGNING              ,N,N,N,N,N,N,N,N,N,N,N
1801,30064810924,P,36300,Zeynep Kato                        ,Høines                             ,N,N,N,J,N,KUNDER MED BEVILGNING              ,N,N,N,N,N,N,N,N,N,N,N
1801,26127510635,P,31110,Irma Sindre                        ,Skaug                              ,N,J,J,J,N,KUNDER MED BEVILGNING              ,N,N,N,N,N,N,N,N,N,N,N
1801,12025107231,P,31110,Ingmar Kristianne                  ,Martinsen                          ,N,N,N,J,N,KUNDER MED BEVILGNING              ,N,N,N,N,N,N,N,N,N,N,N
1801,03024410713,P,35900,Malena Yosef                       ,Oma                                ,N,N,N,J,N,KUNDER MED BEVILGNING              ,N,N,N,N,N,N,N,N,N,N,N
1801,10086819584,P,19110,Usman Sigrunn                      ,Kirkerud                           ,N,N,N,J,N,KUNDER MED BEVILGNING              ,N,N,N,N,N,N,N,N,N,N,N
1801,30015319220,P,37400,Kristofer Eirin                    ,Bru                                ,N,J,J,J,N,KUNDER MED BEVILGNING              ,N,N,N,N,N,N,N,N,N,N,N
1801,11106909832,P,31110,Liubov Mantas                      ,Strømberg                          ,N,N,N,J,N,KUNDER MED BEVILGNING              ,N,N,N,N,N,N,N,N,N,N,N
1801,07015600262,P,35400,Abdirashid Kristin                 ,Stavenes                           ,N,J,J,J,N,KUNDER MED BEVILGNING              ,N,N,N,N,N,N,N,N,N,N,N
1801,30036604413,P,80150,Jardar Elham                       ,Synnevåg                           ,N,J,N,J,N,KUNDER MED BEVILGNING              ,N,N,N,N,N,N,N,N,N,N,N
1801,27126804143,P,16110,Samantha Sture                     ,Wolden                             ,N,N,N,J,N,KUNDER MED BEVILGNING              ,N,N,N,N,N,N,N,N,N,N,N
1801,06024319537,P,35500,Ruth Jan-Olav                      ,Leidland                           ,J,J,N,J,N,KUNDER MED BEVILGNING              ,N,N,N,N,N,N,N,N,N,N,N
1801,13033019429,P,35100,Ståle Mathea                       ,Sevaldsen                          ,N,N,N,J,N,KUNDER MED BEVILGNING              ,N,N,N,N,N,N,N,N,N,N,N
1801,08047607397,P,51110,Margot Ion                         ,Bostad                             ,N,J,N,J,N,KUNDER MED BEVILGNING              ,N,N,N,N,N,N,N,N,N,N,N
1801,04116407359,P,35400,Patric Margaret                    ,Thuen                              ,N,N,N,J,N,KUNDER MED BEVILGNING              ,N,N,N,N,N,N,N,N,N,N,N
1801,22085520192,P,35000,Khadija Arthur                     ,Mohamed                            ,J,N,N,J,N,KUNDER MED BEVILGNING              ,N,N,N,N,N,N,N,N,N,N,N
1801,22087309766,P,11110,Bitten Sinisa                      ,Hofstad                            ,N,J,J,J,N,KUNDER MED BEVILGNING              ,N,N,N,N,N,N,N,N,N,N,N
1801,15015416138,P,78110,Solgunn Frank                      ,Thorbjørnsen                       ,N,N,N,J,N,KUNDER MED BEVILGNING              ,N,N,N,N,N,N,N,N,N,N,N
1801,10027304376,B,35000,Valter Lidia                       ,Ringheim                           ,N,J,N,J,N,KUNDER MED BEVILGNING              ,N,N,N,N,N,N,N,N,N,N,N
1801,29075722018,P,16110,Conny Hallgeir                     ,Egge                               ,N,N,N,J,N,KUNDER MED BEVILGNING              ,N,N,N,N,N,N,N,N,N,N,N
1801,19066809644,P,36400,Tor-Inge Marte                     ,Antonsen                           ,J,N,N,J,N,KUNDER MED BEVILGNING              ,N,N,N,N,N,N,N,N,N,N,N
1801,06065400241,P,18110,Ben Emina                          ,Fjeldberg                          ,N,N,J,J,N,KUNDER MED BEVILGNING              ,N,N,N,N,N,N,N,N,N,N,N
1801,30117918951,B,71230,Amna Ingvard                       ,Mohammed                           ,N,N,N,J,N,KUNDER MED BEVILGNING              ,N,N,N,N,N,N,N,N,N,N,N
1801,08114726290,P,31110,Yohannes Sally                     ,Dalby                              ,N,N,N,J,N,KUNDER MED BEVILGNING              ,N,N,N,N,N,N,N,N,N,N,N
1801,14015113937,P,35900,Giske Elvis                        ,Slettum                            ,N,N,N,J,N,KUNDER MED BEVILGNING              ,N,N,N,N,N,N,N,N,N,N,N
1801,21087918669,P,67248,Rina Syed                          ,Herland                            ,N,N,N,J,N,KUNDER MED BEVILGNING              ,N,N,N,N,N,N,N,N,N,N,N
1801,24087100975,P,13110,Aadne Lisbet                       ,Fosse                              ,N,N,N,J,N,KUNDER MED BEVILGNING              ,N,N,N,N,N,N,N,N,N,N,N
1801,27126111970,P,80155,Paal Hana                          ,Aanestad                           ,N,J,N,J,N,KUNDER MED BEVILGNING              ,N,N,N,N,N,N,N,N,N,N,N
1801,16118403332,B,71230,Ole-Kristian Thelma                ,Hellebust                          ,N,N,N,J,N,KUNDER MED BEVILGNING              ,N,N,N,N,N,N,N,N,N,N,N
1801,01015703063,P,35000,Edgars Ramune                      ,Skoglund                           ,N,N,N,J,N,KUNDER MED BEVILGNING              ,N,N,N,N,N,N,N,N,N,N,N
1801,28014400607,P,35000,Fredrik Martha                     ,Skjervold                          ,N,N,N,J,N,KUNDER MED BEVILGNING              ,N,N,N,N,N,N,N,N,N,N,N
1801,07095411945,P,35000,Valdemar Reidunn                   ,Moldskred                          ,N,J,J,J,N,KUNDER MED BEVILGNING              ,N,N,N,N,N,N,N,N,N,N,N
1801,24108315721,P,67248,Kristiane Sinisa                   ,Kvamme                             ,N,J,N,J,N,KUNDER MED BEVILGNING              ,N,N,N,N,N,N,N,N,N,N,N
1801,07117404409,P,31110,Vebjørn Wencke                     ,Nyrud                              ,N,J,N,J,N,KUNDER MED BEVILGNING              ,N,N,N,N,N,N,N,N,N,N,N
1801,07126212229,P,51110,Rimantas Fredrikke                 ,Nordang                            ,N,J,N,J,N,KUNDER MED BEVILGNING              ,N,N,N,N,N,N,N,N,N,N,N
1801,01028213944,P,35900,Wendy Nikolai                      ,Fjørtoft                           ,N,J,N,J,N,KUNDER MED BEVILGNING              ,N,N,N,N,N,N,N,N,N,N,N
1801,23036200626,P,21110,Amer Karina                        ,Rye                                ,N,J,N,J,N,KUNDER MED BEVILGNING              ,N,N,N,N,N,N,N,N,N,N,N
1801,28045709223,P,71110,Isa Emilio                         ,Turøy                              ,N,N,N,J,N,KUNDER MED BEVILGNING              ,N,N,N,N,N,N,N,N,N,N,N
1801,07055605380,P,31250,Bartosz Ayan                       ,Drivenes                           ,N,J,N,J,N,KUNDER MED BEVILGNING              ,N,N,N,N,N,N,N,N,N,N,N
1801,22106914838,P,36800,Olaug Jorulf                       ,Solhaug                            ,J,N,N,J,N,KUNDER MED BEVILGNING              ,N,N,N,N,N,N,N,N,N,N,N
1801,24087108070,P,36110,Bodhild Helmut                     ,Fardal                             ,N,N,N,J,N,KUNDER MED BEVILGNING              ,N,N,N,N,N,N,N,N,N,N,N
1801,11126612844,P,35900,Edgar Irena                        ,Brænden                            ,N,N,N,J,N,KUNDER MED BEVILGNING              ,N,N,N,N,N,N,N,N,N,N,N
1801,21036709631,P,26110,Frode Agneta                       ,Sulen                              ,N,J,N,J,N,KUNDER MED BEVILGNING              ,N,N,N,N,N,N,N,N,N,N,N
1801,31058004998,P,35500,Asha Milian                        ,Braut                              ,J,J,N,J,N,KUNDER MED BEVILGNING              ,N,N,N,N,N,N,N,N,N,N,N
1801,19044504173,P,21110,Ingrun Muhamed                     ,Mikaelsen                          ,J,N,N,J,N,KUNDER MED BEVILGNING              ,N,N,N,N,N,N,N,N,N,N,N
1801,21127108576,P,37200,Martin Izabela                     ,Skeie                              ,N,J,N,J,N,KUNDER MED BEVILGNING              ,N,N,N,N,N,N,N,N,N,N,N
1801,28084311725,P,35000,Jo Yvonne                          ,Lilleås                            ,J,N,N,J,N,KUNDER MED BEVILGNING              ,N,N,N,N,N,N,N,N,N,N,N
1801,07088417105,P,35000,Natalja Mateo                      ,Drage                              ,J,N,N,J,N,KUNDER MED BEVILGNING              ,N,N,N,N,N,N,N,N,N,N,N
1801,11094805653,P,11110,Ingmar Anne-Grethe                 ,Vevang                             ,N,N,N,J,N,KUNDER MED BEVILGNING              ,N,N,N,N,N,N,N,N,N,N,N
1801,17015308990,P,11110,Ernestas Emma                      ,Knapstad                           ,N,J,N,J,N,KUNDER MED BEVILGNING              ,N,N,N,N,N,N,N,N,N,N,N
1801,22045718720,P,16110,Susana Aslan                       ,Westgård                           ,N,N,N,J,N,KUNDER MED BEVILGNING              ,N,N,N,N,N,N,N,N,N,N,N
1801,16045213149,P,35000,Olga Leszek                        ,Langåker                           ,J,J,N,J,N,KUNDER MED BEVILGNING              ,N,N,N,N,N,N,N,N,N,N,N
1801,02057205035,P,74110,Annichen Ireneusz                  ,Minge                              ,N,J,J,J,N,KUNDER MED BEVILGNING              ,N,N,N,N,N,N,N,N,N,N,N
1801,13075318604,P,71110,Ragna Ask                          ,Klavenes                           ,N,N,N,J,N,KUNDER MED BEVILGNING              ,N,N,N,N,N,N,N,N,N,N,N
1801,01055510179,P,35100,Ragne Haakon                       ,Almaas                             ,J,N,N,J,N,KUNDER MED BEVILGNING              ,N,N,N,N,N,N,N,N,N,N,N
1801,20084802477,P,21110,Valter Ramune                      ,Sandvik                            ,N,J,N,J,N,KUNDER MED BEVILGNING              ,N,N,N,N,N,N,N,N,N,N,N
1801,15107003220,P,80151,Olina Saad                         ,Otnes                              ,N,J,N,J,N,KUNDER MED BEVILGNING              ,N,N,N,N,N,N,N,N,N,N,N
1801,18107906777,P,41110,Agnete Folke                       ,Truong                             ,N,J,N,J,N,KUNDER MED BEVILGNING              ,N,N,N,N,N,N,N,N,N,N,N
1801,14016303934,B,73230,Victor Veronica                    ,Vassdal                            ,J,J,N,J,N,KUNDER MED BEVILGNING              ,N,N,N,N,N,N,N,N,N,N,N
1801,14047007144,P,47110,Elke Mindaugas                     ,Mellem                             ,N,J,N,J,N,KUNDER MED BEVILGNING              ,N,N,N,N,N,N,N,N,N,N,N
1801,14107011162,P,74110,Torolf Anisa                       ,Bjørklund                          ,N,J,J,J,N,KUNDER MED BEVILGNING              ,N,N,N,N,N,N,N,N,N,N,N
1801,24024412977,P,37100,Cristina Francisco                 ,Fagerheim                          ,N,J,N,J,N,KUNDER MED BEVILGNING              ,N,N,N,N,N,N,N,N,N,N,N
1801,19035307489,B,35000,Sofie Mladen                       ,Kolnes                             ,J,N,N,J,N,KUNDER MED BEVILGNING              ,N,N,N,N,N,N,N,N,N,N,N
1801,25125403037,P,34013,Bjarte Amalia                      ,Borge                              ,N,N,N,J,N,KUNDER MED BEVILGNING              ,N,N,N,N,N,N,N,N,N,N,N
1801,15085918254,B,56230,Kristofer Samira                   ,Rist                               ,N,N,N,J,N,KUNDER MED BEVILGNING              ,N,N,N,N,N,N,N,N,N,N,N
1801,20085613139,P,34013,Julio Anja                         ,Teigen                             ,N,N,N,J,N,KUNDER MED BEVILGNING              ,N,N,N,N,N,N,N,N,N,N,N
1801,18038921351,P,56110,Karina Bastian                     ,Røkke                              ,N,N,N,J,N,KUNDER MED BEVILGNING              ,N,N,N,N,N,N,N,N,N,N,N
1801,29034519194,P,13110,Karna Ioan                         ,Skjerve                            ,N,J,N,J,N,KUNDER MED BEVILGNING              ,N,N,N,N,N,N,N,N,N,N,N
1801,26125922707,P,80150,Magna Nabil                        ,Vaa                                ,J,N,N,J,N,KUNDER MED BEVILGNING              ,N,N,N,N,N,N,N,N,N,N,N
1801,11106508722,P,67248,Denis Rahel                        ,Rong                               ,N,N,J,J,N,KUNDER MED BEVILGNING              ,N,N,N,N,N,N,N,N,N,N,N
1801,03094406047,P,16110,Bjørghild Helmut                   ,Hammersland                        ,N,N,N,J,N,KUNDER MED BEVILGNING              ,N,N,N,N,N,N,N,N,N,N,N
1801,20116509971,P,11110,Angelika Francisco                 ,Flønes                             ,N,N,N,J,N,KUNDER MED BEVILGNING              ,N,N,N,N,N,N,N,N,N,N,N
1801,26087101303,P,73110,Line Romualdas                     ,Brænden                            ,N,J,J,J,N,KUNDER MED BEVILGNING              ,N,N,N,N,N,N,N,N,N,N,N
1801,04045500638,P,35900,Asif Therese                       ,Opsal                              ,N,N,N,J,N,KUNDER MED BEVILGNING              ,N,N,N,N,N,N,N,N,N,N,N
1801,30094517687,P,35000,Harald Marlin                      ,Olafsen                            ,J,N,N,J,N,KUNDER MED BEVILGNING              ,N,N,N,N,N,N,N,N,N,N,N
1801,02036412650,B,56230,Mindor Muna                        ,Norberg                            ,N,N,N,J,N,KUNDER MED BEVILGNING              ,N,N,N,N,N,N,N,N,N,N,N
1801,26026905485,P,80155,Kjellaug Kris                      ,Ravn                               ,N,J,N,J,N,KUNDER MED BEVILGNING              ,N,N,N,N,N,N,N,N,N,N,N
1801,13015306348,P,26110,Valter Angela                      ,Flage                              ,N,N,N,J,N,KUNDER MED BEVILGNING              ,N,N,N,N,N,N,N,N,N,N,N
1801,15085618110,P,16110,Lise-Lotte Trond                   ,Homme                              ,N,J,N,J,N,KUNDER MED BEVILGNING              ,N,N,N,N,N,N,N,N,N,N,N
1801,03087606820,P,74110,Jekaterina Trond                   ,Bratlie                            ,N,J,N,J,N,KUNDER MED BEVILGNING              ,N,N,N,N,N,N,N,N,N,N,N
1801,15078415883,P,11110,Stener Lin                         ,Pollestad                          ,N,J,N,J,N,KUNDER MED BEVILGNING              ,N,N,N,N,N,N,N,N,N,N,N
1801,12115120318,P,36800,Ståle Gurli                        ,Angelsen                           ,N,N,N,J,N,KUNDER MED BEVILGNING              ,N,N,N,N,N,N,N,N,N,N,N
1801,11056909763,P,16110,Isabel Wiktor                      ,Wathne                             ,N,N,N,J,N,KUNDER MED BEVILGNING              ,N,N,N,N,N,N,N,N,N,N,N
1801,07034909932,P,13110,Silke Øyvind                       ,Skauen                             ,N,N,N,J,N,KUNDER MED BEVILGNING              ,N,N,N,N,N,N,N,N,N,N,N
1801,09067915906,P,35100,Berge Wanda                        ,Grini                              ,J,J,N,J,N,KUNDER MED BEVILGNING              ,N,N,N,N,N,N,N,N,N,N,N
1801,31086807672,P,35000,Bjørg Thorgeir                     ,Drabløs                            ,N,N,N,J,N,KUNDER MED BEVILGNING              ,N,N,N,N,N,N,N,N,N,N,N
1801,10125915391,P,34013,Natalija Dani                      ,Gustad                             ,J,J,N,J,N,KUNDER MED BEVILGNING              ,N,N,N,N,N,N,N,N,N,N,N
1801,05045016163,P,36300,Tristan Wigdis                     ,Fimland                            ,N,N,N,J,N,KUNDER MED BEVILGNING              ,N,N,N,N,N,N,N,N,N,N,N
1801,25034702058,P,36400,Brit Bastian                       ,Edvardsen                          ,N,N,N,J,N,KUNDER MED BEVILGNING              ,N,N,N,N,N,N,N,N,N,N,N
1801,15016303469,P,80150,Barbro Magnus                      ,Gran                               ,N,J,N,J,N,KUNDER MED BEVILGNING              ,N,N,N,N,N,N,N,N,N,N,N
1801,28128109775,P,78110,Sonia Jahn                         ,Hassel                             ,N,N,N,J,N,KUNDER MED BEVILGNING              ,N,N,N,N,N,N,N,N,N,N,N
1801,06024510903,P,11110,Anne-Kristine Trym                 ,Hval                               ,N,N,N,J,N,KUNDER MED BEVILGNING              ,N,N,N,N,N,N,N,N,N,N,N
1801,20067708130,P,13110,Ernestas Lykke                     ,Flaten                             ,N,J,N,J,N,KUNDER MED BEVILGNING              ,N,N,N,N,N,N,N,N,N,N,N
1801,31108918171,P,16110,Patric Margaret                    ,Sara                               ,N,J,N,J,N,KUNDER MED BEVILGNING              ,N,N,N,N,N,N,N,N,N,N,N
1801,05036703018,P,11250,Benny Dragana                      ,Grøndal                            ,N,J,J,J,N,KUNDER MED BEVILGNING              ,N,N,N,N,N,N,N,N,N,N,N
1801,31077004354,B,56230,Balder Lorna                       ,Hassel                             ,N,N,N,J,N,KUNDER MED BEVILGNING              ,N,N,N,N,N,N,N,N,N,N,N
1801,09033104887,P,37500,Ingmar Ada                         ,Bjerk                              ,J,N,N,J,N,KUNDER MED BEVILGNING              ,N,N,N,N,N,N,N,N,N,N,N
1801,08045801773,P,58110,Marika Hans-Christian              ,Skjolden                           ,N,J,N,J,N,KUNDER MED BEVILGNING              ,N,N,N,N,N,N,N,N,N,N,N
1801,07106012126,P,35000,Torun Aslan                        ,Bjørgen                            ,J,N,N,J,N,KUNDER MED BEVILGNING              ,N,N,N,N,N,N,N,N,N,N,N
1801,12107008029,P,67248,Shazia Mindaugas                   ,Mellemstrand                       ,J,N,N,J,N,KUNDER MED BEVILGNING              ,N,N,N,N,N,N,N,N,N,N,N
1801,10045110732,P,36500,Ståle Carine                       ,Storlien                           ,N,N,N,J,N,KUNDER MED BEVILGNING              ,N,N,N,N,N,N,N,N,N,N,N
1801,01125516331,B,31230,Afrim Danielle                     ,Bru                                ,N,N,N,J,N,KUNDER MED BEVILGNING              ,N,N,N,N,N,N,N,N,N,N,N
1801,22016602500,P,35100,Ruth Jan-Olav                      ,Rudolfsen                          ,N,N,N,J,N,KUNDER MED BEVILGNING              ,N,N,N,N,N,N,N,N,N,N,N
1801,03077309763,P,13110,Maksim Antonie                     ,Hassel                             ,N,J,N,J,N,KUNDER MED BEVILGNING              ,N,N,N,N,N,N,N,N,N,N,N
1801,10016816901,P,51110,Hellen Mehran                      ,Botnen                             ,N,N,N,J,N,KUNDER MED BEVILGNING              ,N,N,N,N,N,N,N,N,N,N,N
1801,24097708238,B,71230,Shahid Odny                        ,Støylen                            ,N,J,J,J,N,KUNDER MED BEVILGNING              ,N,N,N,N,N,N,N,N,N,N,N
1801,02044904112,P,71110,Odd-Erik Angelica                  ,Wolden                             ,N,N,N,J,N,KUNDER MED BEVILGNING              ,N,N,N,N,N,N,N,N,N,N,N
1801,17074316964,P,35000,Alfhild Mladen                     ,Langholm                           ,N,J,N,J,N,KUNDER MED BEVILGNING              ,N,N,N,N,N,N,N,N,N,N,N
1801,04067010480,P,35900,Kamil Torny                        ,Berthelsen                         ,N,J,J,J,N,KUNDER MED BEVILGNING              ,N,N,N,N,N,N,N,N,N,N,N
1801,08106417297,P,80150,Jocelyn Milian                     ,Nergaard                           ,N,N,N,J,N,KUNDER MED BEVILGNING              ,N,N,N,N,N,N,N,N,N,N,N
1801,26097613361,B,46230,Nadja Jan-Fredrik                  ,Kvamsdal                           ,N,J,N,J,N,KUNDER MED BEVILGNING              ,N,N,N,N,N,N,N,N,N,N,N
1801,09084615282,P,35100,Annichen Jann                      ,Andreassen                         ,J,N,N,J,N,KUNDER MED BEVILGNING              ,N,N,N,N,N,N,N,N,N,N,N
1801,15066109167,P,35100,Silke Øyvind                       ,Øiestad                            ,J,J,N,J,N,KUNDER MED BEVILGNING              ,N,N,N,N,N,N,N,N,N,N,N
1801,28046409622,P,16110,Frode Maryan                       ,Lidal                              ,N,N,N,J,N,KUNDER MED BEVILGNING              ,N,N,N,N,N,N,N,N,N,N,N
1801,10116120297,P,34013,Rolandas Lajla                     ,Østrem                             ,J,J,N,J,N,KUNDER MED BEVILGNING              ,N,N,N,N,N,N,N,N,N,N,N
1801,15056507482,P,58110,Shahid Ethel                       ,Engeseth                           ,N,N,N,J,N,KUNDER MED BEVILGNING              ,N,N,N,N,N,N,N,N,N,N,N
1801,27128211786,B,76230,Hamed Joanne                       ,Aunan                              ,N,N,N,J,N,KUNDER MED BEVILGNING              ,N,N,N,N,N,N,N,N,N,N,N
1801,17027320333,P,34013,Franz Ada                          ,Mollan                             ,N,N,N,J,N,KUNDER MED BEVILGNING              ,N,N,N,N,N,N,N,N,N,N,N
1801,15089317387,P,16250,Ahmet Daniella                     ,Aakvik                             ,N,N,N,J,N,KUNDER MED BEVILGNING              ,N,N,N,N,N,N,N,N,N,N,N
1801,17115805886,P,35500,Sajjad Erle                        ,Mittet                             ,N,N,N,J,N,KUNDER MED BEVILGNING              ,N,N,N,N,N,N,N,N,N,N,N
1801,29027602582,B,41230,Halfrid Adem                       ,Nordli                             ,N,J,N,J,N,KUNDER MED BEVILGNING              ,N,N,N,N,N,N,N,N,N,N,N
1801,07128114356,P,74110,Nataniel Martine                   ,Sæland                             ,N,J,J,J,N,KUNDER MED BEVILGNING              ,N,N,N,N,N,N,N,N,N,N,N
1801,04037200056,B,59230,Faiza Trond                        ,Ofstad                             ,N,N,N,J,N,KUNDER MED BEVILGNING              ,N,N,N,N,N,N,N,N,N,N,N
1801,22016115545,P,31110,Patric Margaret                    ,Mikalsen                           ,N,N,N,J,N,KUNDER MED BEVILGNING              ,N,N,N,N,N,N,N,N,N,N,N
1801,22096866570,P,13110,Gudny Øyvind                       ,Aunan                              ,N,J,N,J,N,KUNDER MED BEVILGNING              ,N,N,N,N,N,N,N,N,N,N,N
1801,08034426199,P,35000,Kerstin Istvan                     ,Sørheim                            ,J,N,N,J,N,KUNDER MED BEVILGNING              ,N,N,N,N,N,N,N,N,N,N,N
1801,28086217521,P,67248,Karsten Gunda                      ,Holen                              ,N,N,N,J,N,KUNDER MED BEVILGNING              ,N,N,N,N,N,N,N,N,N,N,N
1801,24105524443,P,35000,Runi Vegar                         ,Homme                              ,J,N,N,J,N,KUNDER MED BEVILGNING              ,N,N,N,N,N,N,N,N,N,N,N
1801,26125612368,B,31230,Ann-Katrin Dovydas                 ,Tenold                             ,N,N,N,J,N,KUNDER MED BEVILGNING              ,N,N,N,N,N,N,N,N,N,N,N
1801,08083220237,P,13110,Undis Cesar                        ,Bjerkvik                           ,N,N,N,J,N,KUNDER MED BEVILGNING              ,N,N,N,N,N,N,N,N,N,N,N
1801,13028601993,P,80150,Serine Kenny                       ,Bakkeli                            ,N,J,N,J,N,KUNDER MED BEVILGNING              ,N,N,N,N,N,N,N,N,N,N,N
1801,13083911837,P,21110,Jeremy Birgit                      ,Herheim                            ,N,N,N,J,N,KUNDER MED BEVILGNING              ,N,N,N,N,N,N,N,N,N,N,N
1801,10124811169,P,35000,Nikita Eldbjørg                    ,Sanden                             ,N,N,N,J,N,KUNDER MED BEVILGNING              ,N,N,N,N,N,N,N,N,N,N,N
1801,21118209661,B,57230,Mindor Marianne                    ,Bergan                             ,N,J,N,J,N,KUNDER MED BEVILGNING              ,N,N,N,N,N,N,N,N,N,N,N
1801,27125922827,P,11110,Mattis Lydia                       ,Holmefjord                         ,N,J,N,J,N,KUNDER MED BEVILGNING              ,N,N,N,N,N,N,N,N,N,N,N
1801,04106905695,P,11110,Kristofer Eirin                    ,Tveten                             ,N,J,J,J,N,KUNDER MED BEVILGNING              ,N,N,N,N,N,N,N,N,N,N,N
1801,16037507893,P,35000,Tuyet Mirza                        ,Osmundsen                          ,N,N,N,J,N,KUNDER MED BEVILGNING              ,N,N,N,N,N,N,N,N,N,N,N
1801,12086702752,P,11110,Hani Francisco                     ,Nervik                             ,N,J,N,J,N,KUNDER MED BEVILGNING              ,N,N,N,N,N,N,N,N,N,N,N
1801,11128619102,P,31110,Gro Helmer                         ,Rudi                               ,N,J,N,J,N,KUNDER MED BEVILGNING              ,N,N,N,N,N,N,N,N,N,N,N
1801,19025303981,P,35001,Hilde Egon                         ,Lyse                               ,N,N,N,J,N,KUNDER MED BEVILGNING              ,N,N,N,N,N,N,N,N,N,N,N
1801,08017415418,P,11110,Fariba Yosef                       ,Egge                               ,J,J,N,J,N,KUNDER MED BEVILGNING              ,N,N,N,N,N,N,N,N,N,N,N
1801,14016700860,P,71110,Mika Barbara                       ,Fredriksen                         ,N,J,N,J,N,KUNDER MED BEVILGNING              ,N,N,N,N,N,N,N,N,N,N,N
1801,21085105393,P,67248,Elke Vincent                       ,Moum                               ,N,N,N,J,N,KUNDER MED BEVILGNING              ,N,N,N,N,N,N,N,N,N,N,N
1801,25050164511,B,16230,Juan Signy                         ,Abbas                              ,N,N,N,J,N,KUNDER MED BEVILGNING              ,N,N,N,N,N,N,N,N,N,N,N
1801,29036700392,P,34013,Dumitru Antonia                    ,Aanensen                           ,N,N,N,J,N,KUNDER MED BEVILGNING              ,N,N,N,N,N,N,N,N,N,N,N
1801,27116815848,P,17110,Olina Saad                         ,Bjørnerud                          ,N,J,N,J,N,KUNDER MED BEVILGNING              ,N,N,N,N,N,N,N,N,N,N,N
1801,17114509655,P,14110,Dagrun Valentin                    ,Sørbø                              ,N,N,N,J,N,KUNDER MED BEVILGNING              ,N,N,N,N,N,N,N,N,N,N,N
1801,04054602974,P,35100,Olle Rebecka                       ,Ofstad                             ,N,N,N,J,N,KUNDER MED BEVILGNING              ,N,N,N,N,N,N,N,N,N,N,N
1801,07024917147,P,35500,Haldis Miguel                      ,Sollie                             ,N,J,N,J,N,KUNDER MED BEVILGNING              ,N,N,N,N,N,N,N,N,N,N,N
1801,20035600079,P,67248,Arnulf Hatice                      ,Våga                               ,J,N,N,J,N,KUNDER MED BEVILGNING              ,N,N,N,N,N,N,N,N,N,N,N
1801,30044718371,P,76110,Raja Nadezda                       ,Sulen                              ,N,J,N,J,N,KUNDER MED BEVILGNING              ,N,N,N,N,N,N,N,N,N,N,N
1801,27107514959,P,21110,Alma Alv                           ,Handeland                          ,N,J,N,J,N,KUNDER MED BEVILGNING              ,N,N,N,N,N,N,N,N,N,N,N
1801,07105307165,P,35100,Cristian Anne-Mari                 ,Vevang                             ,N,N,N,J,N,KUNDER MED BEVILGNING              ,N,N,N,N,N,N,N,N,N,N,N
1801,29106617552,P,35900,Lotte Abdulkadir                   ,Rikardsen                          ,N,N,N,J,N,KUNDER MED BEVILGNING              ,N,N,N,N,N,N,N,N,N,N,N
1801,27106420284,P,11110,Shahid Ethel                       ,Underhaug                          ,N,N,N,J,N,KUNDER MED BEVILGNING              ,N,N,N,N,N,N,N,N,N,N,N
1801,13097107186,P,51110,Elliot May-Britt                   ,Grindhaug                          ,J,N,N,J,N,KUNDER MED BEVILGNING              ,N,N,N,N,N,N,N,N,N,N,N
1801,31076907350,B,36110,Juliane Sune                       ,Melgård                            ,N,J,N,J,N,KUNDER MED BEVILGNING              ,N,N,N,N,N,N,N,N,N,N,N
1801,18068007794,P,71110,Afrim Kariann                      ,Halse                              ,N,N,N,J,N,KUNDER MED BEVILGNING              ,N,N,N,N,N,N,N,N,N,N,N
1801,20106794597,P,35000,Terese Herbert                     ,Solbakk                            ,J,J,N,J,N,KUNDER MED BEVILGNING              ,N,N,N,N,N,N,N,N,N,N,N
1801,10105005895,P,35000,Charlene Ahmed                     ,Moldskred                          ,N,N,N,J,N,KUNDER MED BEVILGNING              ,N,N,N,N,N,N,N,N,N,N,N
1801,27024706724,P,74110,Rimantas Dagfrid                   ,Askeland                           ,N,N,N,J,N,KUNDER MED BEVILGNING              ,N,N,N,N,N,N,N,N,N,N,N
1801,21017511596,P,26110,Cristina Francisco                 ,Kvandal                            ,N,N,N,J,N,KUNDER MED BEVILGNING              ,N,N,N,N,N,N,N,N,N,N,N
1801,03056201105,P,16110,Edgar Egle                         ,Christensen                        ,J,J,N,J,N,KUNDER MED BEVILGNING              ,N,N,N,N,N,N,N,N,N,N,N
1801,08016807835,P,76110,Tommy Vivi-Ann                     ,Haugland                           ,N,N,N,J,N,KUNDER MED BEVILGNING              ,N,N,N,N,N,N,N,N,N,N,N
1801,24027008948,P,11110,Hellen Mehran                      ,Wroldsen                           ,N,J,J,J,N,KUNDER MED BEVILGNING              ,N,N,N,N,N,N,N,N,N,N,N
1801,14065515114,P,79110,Cristian Iman                      ,Sellæg                             ,J,J,N,J,N,KUNDER MED BEVILGNING              ,N,N,N,N,N,N,N,N,N,N,N
1801,02034715966,P,35900,Nerijus Toril                      ,Osmundsen                          ,J,N,N,J,N,KUNDER MED BEVILGNING              ,N,N,N,N,N,N,N,N,N,N,N
1801,19066516930,P,35000,Olga Mathis                        ,Brænden                            ,N,N,N,J,N,KUNDER MED BEVILGNING              ,N,N,N,N,N,N,N,N,N,N,N
1801,04096854957,B,57230,Carola Manuel                      ,Granmo                             ,N,J,N,J,N,KUNDER MED BEVILGNING              ,N,N,N,N,N,N,N,N,N,N,N
1801,21106506520,P,36401,Eiril Leszek                       ,Gustavson                          ,N,J,N,J,N,KUNDER MED BEVILGNING              ,N,N,N,N,N,N,N,N,N,N,N
1801,28127508765,P,16110,Malin Torgny                       ,Vevang                             ,N,N,N,J,N,KUNDER MED BEVILGNING              ,N,N,N,N,N,N,N,N,N,N,N
1801,12104708232,P,35000,Nerijus Larissa                    ,Stranden                           ,J,N,N,J,N,KUNDER MED BEVILGNING              ,N,N,N,N,N,N,N,N,N,N,N
1801,02085209585,P,35100,Aase Magnus                        ,Kind                               ,J,N,N,J,N,KUNDER MED BEVILGNING              ,N,N,N,N,N,N,N,N,N,N,N
1801,07075317543,P,31110,Ruth Jan-Olav                      ,Mikalsen                           ,N,N,N,J,N,KUNDER MED BEVILGNING              ,N,N,N,N,N,N,N,N,N,N,N
1801,17036807857,P,21110,Fillip Ågot                        ,Hoftun                             ,N,N,N,J,N,KUNDER MED BEVILGNING              ,N,N,N,N,N,N,N,N,N,N,N
1801,23096109059,P,36400,Kjellaug Kris                      ,Skogli                             ,N,N,N,J,N,KUNDER MED BEVILGNING              ,N,N,N,N,N,N,N,N,N,N,N
1801,11075308835,P,35100,Sofie Ireneusz                     ,Stray                              ,N,J,J,J,N,KUNDER MED BEVILGNING              ,N,N,N,N,N,N,N,N,N,N,N
1801,30064212768,P,35000,Izabela Hai                        ,Krosby                             ,N,N,N,J,N,KUNDER MED BEVILGNING              ,N,N,N,N,N,N,N,N,N,N,N
1801,11066503595,P,35000,Dawid Øyunn                        ,Nordås                             ,N,N,N,J,N,KUNDER MED BEVILGNING              ,N,N,N,N,N,N,N,N,N,N,N
1801,08116502934,P,35401,Ståle Gurli                        ,Nygren                             ,N,J,N,J,N,KUNDER MED BEVILGNING              ,N,N,N,N,N,N,N,N,N,N,N
1801,14115509838,P,35100,Sigfred Berith                     ,Berthelsen                         ,J,N,N,J,N,KUNDER MED BEVILGNING              ,N,N,N,N,N,N,N,N,N,N,N
1801,22076707034,P,36400,Iselinn Hans                       ,Tandberg                           ,N,J,N,J,N,KUNDER MED BEVILGNING              ,N,N,N,N,N,N,N,N,N,N,N
1801,13075312177,P,71110,Karstein Siv                       ,Storsve                            ,N,J,N,J,N,KUNDER MED BEVILGNING              ,N,N,N,N,N,N,N,N,N,N,N
1801,20065303214,P,35000,Ole-Morten Elham                   ,Falch                              ,N,N,N,J,N,KUNDER MED BEVILGNING              ,N,N,N,N,N,N,N,N,N,N,N
1801,07055121138,P,35500,Azad Evelyn                        ,Møgster                            ,J,N,N,J,N,KUNDER MED BEVILGNING              ,N,N,N,N,N,N,N,N,N,N,N
1801,29125818259,P,35000,Augusta Jack                       ,Tønnessen                          ,N,N,N,J,N,KUNDER MED BEVILGNING              ,N,N,N,N,N,N,N,N,N,N,N
1801,19018305553,P,26110,Carine Mathis                      ,Baustad                            ,N,J,J,J,N,KUNDER MED BEVILGNING              ,N,N,N,N,N,N,N,N,N,N,N
1801,17058804746,B,41230,Oliwia Ari                         ,Lyngmo                             ,N,N,N,J,N,KUNDER MED BEVILGNING              ,N,N,N,N,N,N,N,N,N,N,N
1801,10016308108,P,35500,Ruth Jan-Olav                      ,Hånes                              ,N,N,N,J,N,KUNDER MED BEVILGNING              ,N,N,N,N,N,N,N,N,N,N,N
1801,11097414752,P,34011,Edgar Egle                         ,Sundgot                            ,N,N,N,J,N,KUNDER MED BEVILGNING              ,N,N,N,N,N,N,N,N,N,N,N
1801,29047302348,B,36300,Ibrahim Dragana                    ,Heide                              ,N,N,N,J,N,KUNDER MED BEVILGNING              ,N,N,N,N,N,N,N,N,N,N,N
1801,23064305204,P,35000,Mateusz Eirunn                     ,Aagaard                            ,N,N,N,J,N,KUNDER MED BEVILGNING              ,N,N,N,N,N,N,N,N,N,N,N
1801,10066508604,P,34013,Andre Sabina                       ,Skjeggestad                        ,N,N,N,J,N,KUNDER MED BEVILGNING              ,N,N,N,N,N,N,N,N,N,N,N
1801,02044918016,P,35100,Dagny Tord                         ,Sønstebø                           ,J,N,N,J,N,KUNDER MED BEVILGNING              ,N,N,N,N,N,N,N,N,N,N,N
1801,27087602120,P,11110,Jorge Gina                         ,Thompson                           ,N,J,N,J,N,KUNDER MED BEVILGNING              ,N,N,N,N,N,N,N,N,N,N,N
1801,12066506590,P,71110,Ann-Katrin Dovydas                 ,Hjelle                             ,N,N,N,J,N,KUNDER MED BEVILGNING              ,N,N,N,N,N,N,N,N,N,N,N
1801,06046106936,P,71110,Livar Raisa                        ,Kim                                ,N,N,N,J,N,KUNDER MED BEVILGNING              ,N,N,N,N,N,N,N,N,N,N,N
1801,26056710328,P,11110,Lajla Nicolae                      ,Høgseth                            ,N,N,N,J,N,KUNDER MED BEVILGNING              ,N,N,N,N,N,N,N,N,N,N,N
1801,03024905550,P,35400,Asle Sonia                         ,Lindås                             ,J,J,N,J,N,KUNDER MED BEVILGNING              ,N,N,N,N,N,N,N,N,N,N,N
1801,21015711733,B,16230,Joacim Tatjana                     ,Jakobsen                           ,N,J,J,J,N,KUNDER MED BEVILGNING              ,N,N,N,N,N,N,N,N,N,N,N
1801,26124700891,P,73110,Beth Aslak                         ,Bøyum                              ,N,J,N,J,N,KUNDER MED BEVILGNING              ,N,N,N,N,N,N,N,N,N,N,N
1801,14047312435,B,56230,Alexandre Ariana                   ,Sæther                             ,N,J,J,N,N,KUNDER MED BEVILGNING              ,N,N,N,N,N,N,N,N,N,N,N
1801,05014901789,P,35500,Minh Thorgeir                      ,Opseth                             ,J,N,N,J,N,KUNDER MED BEVILGNING              ,N,N,N,N,N,N,N,N,N,N,N
1801,28018302448,P,35000,Hallstein Ieva                     ,Slinning                           ,N,N,J,J,N,KUNDER MED BEVILGNING              ,N,N,N,N,N,N,N,N,N,N,N
1801,15046507492,P,73110,Kai Petrine                        ,Sørvik                             ,N,N,N,J,N,KUNDER MED BEVILGNING              ,N,N,N,N,N,N,N,N,N,N,N
1801,05045901434,P,13110,Hamed Maureen                      ,Reed                               ,N,N,N,J,N,KUNDER MED BEVILGNING              ,N,N,N,N,N,N,N,N,N,N,N
1801,13097203266,P,11110,Fillip Elaine                      ,Fiskum                             ,N,J,J,J,N,KUNDER MED BEVILGNING              ,N,N,N,N,N,N,N,N,N,N,N
1801,22117402707,P,11110,Sead Inger-Johanne                 ,Fagerheim                          ,N,J,N,J,N,KUNDER MED BEVILGNING              ,N,N,N,N,N,N,N,N,N,N,N
1801,05077163672,B,31230,Norunn Ask                         ,Bjørnøy                            ,N,N,N,J,N,KUNDER MED BEVILGNING              ,N,N,N,N,N,N,N,N,N,N,N
1801,09068315767,P,11110,Zlatko Kamila                      ,Grønning                           ,J,J,N,J,N,KUNDER MED BEVILGNING              ,N,N,N,N,N,N,N,N,N,N,N
1801,17106501769,B,58230,Susann Bastian                     ,Rudi                               ,N,N,N,J,N,KUNDER MED BEVILGNING              ,N,N,N,N,N,N,N,N,N,N,N
1801,27103125486,P,36400,Borger Eileen                      ,Lockert                            ,J,N,N,J,N,KUNDER MED BEVILGNING              ,N,N,N,N,N,N,N,N,N,N,N
1801,22105611467,P,35000,Nils Jasmine                       ,Sørdal                             ,J,N,N,J,N,KUNDER MED BEVILGNING              ,N,N,N,N,N,N,N,N,N,N,N
1801,03014219780,P,11110,Dyveke Herbert                     ,Kittilsen                          ,N,N,N,J,N,KUNDER MED BEVILGNING              ,N,N,N,N,N,N,N,N,N,N,N
1801,22105906777,P,26110,Søren Joanne                       ,Moldskred                          ,J,N,N,J,N,KUNDER MED BEVILGNING              ,N,N,N,N,N,N,N,N,N,N,N
1801,25077315562,P,36300,Minh Thorgeir                      ,Valberg                            ,N,J,N,J,N,KUNDER MED BEVILGNING              ,N,N,N,N,N,N,N,N,N,N,N
1801,19105207436,P,35500,Amna Wiktor                        ,Opstad                             ,J,N,N,J,N,KUNDER MED BEVILGNING              ,N,N,N,N,N,N,N,N,N,N,N
1801,14026312427,P,37400,Weronika Jahn                      ,Hjelseth                           ,N,J,N,J,N,KUNDER MED BEVILGNING              ,N,N,N,N,N,N,N,N,N,N,N
1801,11026318280,P,35100,Pablo Marlene                      ,Koppang                            ,J,N,N,J,N,KUNDER MED BEVILGNING              ,N,N,N,N,N,N,N,N,N,N,N
1801,13056415798,P,34013,Jens Ylva                          ,Opsal                              ,N,N,N,J,N,KUNDER MED BEVILGNING              ,N,N,N,N,N,N,N,N,N,N,N
1801,03114900531,P,11110,Gudbjørg Mahdi                     ,Øygarden                           ,N,N,N,J,N,KUNDER MED BEVILGNING              ,N,N,N,N,N,N,N,N,N,N,N
1801,13046703000,P,35000,Donna Berhane                      ,Willumsen                          ,J,N,N,J,N,KUNDER MED BEVILGNING              ,N,N,N,N,N,N,N,N,N,N,N
1801,07086909949,P,11110,Birgit Laimonas                    ,Risberg                            ,N,J,N,J,N,KUNDER MED BEVILGNING              ,N,N,N,N,N,N,N,N,N,N,N
1801,02065614564,P,35100,Gregor Fariba                      ,Andreassen                         ,J,N,N,J,N,KUNDER MED BEVILGNING              ,N,N,N,N,N,N,N,N,N,N,N
1801,12075910132,P,67248,Monique Stuart                     ,Kiil                               ,J,N,N,J,N,KUNDER MED BEVILGNING              ,N,N,N,N,N,N,N,N,N,N,N
