1801,20078909731,P,76110,Janette Christen                   ,Brunborg                           ,N,N,N,J,N,Kunder med bare sparekonto         ,N,N,N,N,N,N,N,N,N,N,N
1801,01080068928,P,36300,Asborg Sune                        ,Valstad                            ,N,N,N,J,N,Kunder med bare sparekonto         ,N,N,N,N,N,N,N,N,N,N,N
1801,01019319179,P,37200,Agneta Kato                        ,Le                                 ,N,N,N,J,N,Kunder med bare sparekonto         ,N,N,N,N,N,N,N,N,N,N,N
1801,26129605889,P,26110,Knud Ljiljana                      ,Myrseth                            ,N,N,N,N,N,Kunder med bare sparekonto         ,N,N,N,N,N,N,N,N,N,N,N
1801,10049310787,P,36300,Martin Natasa                      ,Teien                              ,N,N,N,J,N,Kunder med bare sparekonto         ,N,N,N,N,N,N,N,N,N,N,N
1801,29089114800,P,71110,Beth Dario                         ,Svensson                           ,N,J,N,J,N,Kunder med bare sparekonto         ,N,N,N,N,N,N,N,N,N,N,N
1801,30085209791,P,35500,Mohamad Anne-Sofie                 ,Salamonsen                         ,N,N,N,J,N,Kunder med bare sparekonto         ,N,N,N,N,N,N,N,N,N,N,N
1801,17075619669,P,35100,Rasa Ionut                         ,Taraldsen                          ,N,J,N,J,N,Kunder med bare sparekonto         ,N,N,N,N,N,N,N,N,N,N,N
1801,25079008489,P,71110,Oddveig Mantas                     ,Busch                              ,N,N,N,J,N,Kunder med bare sparekonto         ,N,N,N,N,N,N,N,N,N,N,N
1801,12086605374,P,35400,Benedikte Trym                     ,Olavesen                           ,N,N,N,J,N,Kunder med bare sparekonto         ,N,N,N,N,N,N,N,N,N,N,N
1801,05129209846,P,67248,Britt Mateo                        ,Dalen                              ,N,N,N,J,N,Kunder med bare sparekonto         ,N,N,N,N,N,N,N,N,N,N,N
1801,28017912307,P,35900,Øygunn Julio                       ,Synnes                             ,N,N,N,J,N,Kunder med bare sparekonto         ,N,N,N,N,N,N,N,N,N,N,N
1801,19117119001,P,37200,Eduardo Ljiljana                   ,Sørheim                            ,N,N,N,J,N,Kunder med bare sparekonto         ,N,N,N,N,N,N,N,N,N,N,N
1801,20128707868,P,36500,Asif Feven                         ,Velle                              ,N,N,N,J,N,Kunder med bare sparekonto         ,N,N,N,N,N,N,N,N,N,N,N
1801,06118511687,P,35000,Irina Saad                         ,Brænden                            ,N,N,N,J,N,Kunder med bare sparekonto         ,N,N,N,N,N,N,N,N,N,N,N
1801,17087900363,P,35500,Ruth Jan-Olav                      ,Osmundsen                          ,N,N,N,J,N,Kunder med bare sparekonto         ,N,N,N,N,N,N,N,N,N,N,N
1801,06119100613,P,35500,Oskar Anke                         ,Nekstad                            ,N,N,N,J,N,Kunder med bare sparekonto         ,N,N,N,N,N,N,N,N,N,N,N
1801,11125617540,P,35400,Sigri Istvan                       ,Fagerheim                          ,N,N,N,J,N,Kunder med bare sparekonto         ,N,N,N,N,N,N,N,N,N,N,N
1801,03044806141,P,36800,Snezana Haakon                     ,Prytz                              ,N,N,N,N,N,Kunder med bare sparekonto         ,N,N,N,N,N,N,N,N,N,N,N
1801,03019422657,P,11110,Joar Serina                        ,Tonstad                            ,N,N,N,J,N,Kunder med bare sparekonto         ,N,N,N,N,N,N,N,N,N,N,N
1801,30128002835,P,76110,Tor-Inge Wera                      ,Homme                              ,N,J,N,J,N,Kunder med bare sparekonto         ,N,N,N,N,N,N,N,N,N,N,N
1801,02056203187,P,11110,Dyveke Herbert                     ,Østby                              ,N,N,N,N,N,Kunder med bare sparekonto         ,N,N,N,N,N,N,N,N,N,N,N
1801,25088200368,P,37400,Thorsten Dalia                     ,Osmundsen                          ,N,J,N,J,N,Kunder med bare sparekonto         ,N,N,N,N,N,N,N,N,N,N,N
1801,29017702856,P,35000,Paal Stella                        ,Sævik                              ,N,J,N,J,N,Kunder med bare sparekonto         ,N,N,N,N,N,N,N,N,N,N,N
1801,03105200624,P,13110,Simona Pawel                       ,Breistein                          ,J,N,N,J,N,Kunder med bare sparekonto         ,N,N,N,N,N,N,N,N,N,N,N
1801,23068315018,P,67248,Afrim Alia                         ,Skevik                             ,N,J,N,J,N,Kunder med bare sparekonto         ,N,N,N,N,N,N,N,N,N,N,N
1801,02105109310,P,35000,Maret Styrk                        ,Brænden                            ,N,N,N,J,N,Kunder med bare sparekonto         ,N,N,N,N,N,N,N,N,N,N,N
1801,23079526339,P,21110,Frithjof Anine                     ,Leikvoll                           ,N,N,N,J,N,Kunder med bare sparekonto         ,N,N,N,N,N,N,N,N,N,N,N
1801,14039007453,P,21110,Ahmet Tilde                        ,Jordan                             ,N,N,N,J,N,Kunder med bare sparekonto         ,N,N,N,N,N,N,N,N,N,N,N
1801,03094903075,P,35100,Ingri Aadne                        ,Øvergård                           ,N,N,N,J,N,Kunder med bare sparekonto         ,N,N,N,N,N,N,N,N,N,N,N
1801,29098615731,P,58110,Catarina Sinisa                    ,Kittilsen                          ,N,N,N,J,N,Kunder med bare sparekonto         ,N,N,N,N,N,N,N,N,N,N,N
1801,25098505035,P,35000,Linh Jan-Fredrik                   ,Edvardsen                          ,N,N,N,J,N,Kunder med bare sparekonto         ,N,N,N,N,N,N,N,N,N,N,N
1801,22119006620,P,78110,Juan Benedicte                     ,Fossli                             ,N,N,N,J,N,Kunder med bare sparekonto         ,N,N,N,N,N,N,N,N,N,N,N
1801,30068409566,P,35000,Harald Karoline                    ,Reiersen                           ,N,N,N,N,N,Kunder med bare sparekonto         ,N,N,N,N,N,N,N,N,N,N,N
1801,18086304976,P,21110,Lajla Nicolae                      ,Stenberg                           ,N,N,N,N,N,Kunder med bare sparekonto         ,N,N,N,N,N,N,N,N,N,N,N
1801,14125712097,P,71110,Irena Jann                         ,Hegglund                           ,N,J,N,J,N,Kunder med bare sparekonto         ,N,N,N,N,N,N,N,N,N,N,N
1801,06107821927,P,67248,Alvilde Berge                      ,Askvik                             ,N,N,N,J,N,Kunder med bare sparekonto         ,N,N,N,N,N,N,N,N,N,N,N
1801,10028712834,P,35100,Juan Marja                         ,Aakvik                             ,N,N,N,N,N,Kunder med bare sparekonto         ,N,N,N,N,N,N,N,N,N,N,N
1801,12119503173,P,36300,Søren Anine                        ,Oksnes                             ,N,N,N,J,N,Kunder med bare sparekonto         ,N,N,N,N,N,N,N,N,N,N,N
1801,17015213531,P,35000,Fredrik Charlotte                  ,Solvoll                            ,N,N,N,J,N,Kunder med bare sparekonto         ,N,N,N,N,N,N,N,N,N,N,N
1801,12024813361,P,67248,Hroar Olga                         ,Skjolden                           ,N,N,N,J,N,Kunder med bare sparekonto         ,N,N,N,N,N,N,N,N,N,N,N
1801,18047200659,P,35000,Senad Samira                       ,Fotland                            ,N,N,N,J,N,Kunder med bare sparekonto         ,N,N,N,N,N,N,N,N,N,N,N
1801,26097914531,P,76110,Lis Maciej                         ,Aunan                              ,N,N,N,J,N,Kunder med bare sparekonto         ,N,N,N,N,N,N,N,N,N,N,N
1801,29018422695,P,35000,Herman Ann-Cathrin                 ,Nepstad                            ,N,N,N,J,N,Kunder med bare sparekonto         ,N,N,N,N,N,N,N,N,N,N,N
1801,29120107192,P,26110,Betty Ivar                         ,Evjen                              ,N,N,N,J,N,Kunder med bare sparekonto         ,N,N,N,N,N,N,N,N,N,N,N
1801,20090305264,P,67248,Maricel Sinisa                     ,Egeberg                            ,N,N,N,J,N,Kunder med bare sparekonto         ,N,N,N,N,N,N,N,N,N,N,N
1801,19075310695,P,31110,Henriette Bent                     ,Osnes                              ,N,J,J,J,N,Kunder med bare sparekonto         ,N,N,N,N,N,N,N,N,N,N,N
1801,10096703487,P,35400,Ingri Aadne                        ,Ibrahim                            ,N,N,N,J,N,Kunder med bare sparekonto         ,N,N,N,N,N,N,N,N,N,N,N
1801,12018621647,P,35000,Beth Aslak                         ,Rud                                ,N,J,N,J,N,Kunder med bare sparekonto         ,N,N,N,N,N,N,N,N,N,N,N
1801,07128509687,P,35000,Madeleine Ted                      ,Østerhus                           ,N,N,N,J,N,Kunder med bare sparekonto         ,N,N,N,N,N,N,N,N,N,N,N
1801,10020211607,P,31110,Oscar Audny                        ,Nesheim                            ,N,N,N,J,N,Kunder med bare sparekonto         ,N,N,N,N,N,N,N,N,N,N,N
1801,30066608324,P,11110,Annette Jack                       ,Javed                              ,N,N,N,J,N,Kunder med bare sparekonto         ,N,N,N,N,N,N,N,N,N,N,N
1801,14114815641,P,57110,Dumitru Tone-Lise                  ,Stein                              ,N,N,N,N,N,Kunder med bare sparekonto         ,N,N,N,N,N,N,N,N,N,N,N
1801,15075802681,P,11110,Dorota Ireneusz                    ,Strømnes                           ,N,N,N,J,N,Kunder med bare sparekonto         ,N,N,N,N,N,N,N,N,N,N,N
1801,01018802194,P,35000,Patric Margaret                    ,Fiske                              ,N,N,N,J,N,Kunder med bare sparekonto         ,N,N,N,N,N,N,N,N,N,N,N
1801,16067000548,P,67248,Sophie Umar                        ,Sirevåg                            ,N,N,N,N,N,Kunder med bare sparekonto         ,N,N,N,N,N,N,N,N,N,N,N
1801,14097509442,P,51110,Ole-Morten Elham                   ,Stornes                            ,N,J,N,N,N,Kunder med bare sparekonto         ,N,N,N,N,N,N,N,N,N,N,N
1801,27044219749,P,71110,Edgar Egle                         ,Tofte                              ,N,N,N,J,N,Kunder med bare sparekonto         ,N,N,N,N,N,N,N,N,N,N,N
1801,23099017074,P,67248,Beth Aslak                         ,Løge                               ,N,N,N,J,N,Kunder med bare sparekonto         ,N,N,N,N,N,N,N,N,N,N,N
1801,07125806508,P,11110,Martin Jolita                      ,Wahlstrøm                          ,N,N,N,J,N,Kunder med bare sparekonto         ,N,N,N,N,N,N,N,N,N,N,N
1801,25046702851,P,36300,Valter Janny                       ,Hjelde                             ,N,J,J,J,N,Kunder med bare sparekonto         ,N,N,N,N,N,N,N,N,N,N,N
1801,17116411881,P,35100,Curt Øygunn                        ,Drevland                           ,N,N,N,J,N,Kunder med bare sparekonto         ,N,N,N,N,N,N,N,N,N,N,N
1801,11040312430,P,56110,Janny Jann                         ,Mikalsen                           ,N,N,N,J,N,Kunder med bare sparekonto         ,N,N,N,N,N,N,N,N,N,N,N
1801,19036507953,P,35100,Stener Idun                        ,Nereng                             ,N,N,N,J,N,Kunder med bare sparekonto         ,N,N,N,N,N,N,N,N,N,N,N
1801,25099701830,P,14110,Gunda Geir-Arne                    ,Haukaas                            ,N,N,N,J,N,Kunder med bare sparekonto         ,N,N,N,N,N,N,N,N,N,N,N
1801,21013929200,P,35400,Fredrik Lucyna                     ,Leithe                             ,N,N,N,J,N,Kunder med bare sparekonto         ,N,N,N,N,N,N,N,N,N,N,N
1801,20108806762,P,36300,Rebecka Geir-Arne                  ,Hveding                            ,N,J,N,N,N,Kunder med bare sparekonto         ,N,N,N,N,N,N,N,N,N,N,N
1801,16109566253,P,35000,Hroar Lill                         ,Elverum                            ,N,N,N,N,N,Kunder med bare sparekonto         ,N,N,N,N,N,N,N,N,N,N,N
1801,23108813504,P,36400,Lana Istvan                        ,Harsvik                            ,N,N,N,J,N,Kunder med bare sparekonto         ,N,N,N,N,N,N,N,N,N,N,N
1801,30015204865,P,35900,Gunvor Mika                        ,Lange                              ,N,N,N,J,N,Kunder med bare sparekonto         ,N,N,N,N,N,N,N,N,N,N,N
1801,23116414449,P,35500,Yasmin Miguel                      ,Stene                              ,N,J,N,J,N,Kunder med bare sparekonto         ,N,N,N,N,N,N,N,N,N,N,N
1801,14100175194,P,11110,Fredrik Åshild                     ,Strømberg                          ,N,N,N,J,N,Kunder med bare sparekonto         ,N,N,N,N,N,N,N,N,N,N,N
1801,29059716423,P,36500,Eduardo Raquel                     ,Meidell                            ,N,N,N,J,N,Kunder med bare sparekonto         ,N,N,N,N,N,N,N,N,N,N,N
1801,23108704071,P,14110,Kristofer Samira                   ,Gillebo                            ,N,J,J,J,N,Kunder med bare sparekonto         ,N,N,N,N,N,N,N,N,N,N,N
1801,13020505383,P,35100,Julie Borger                       ,Korsvold                           ,N,N,N,J,N,Kunder med bare sparekonto         ,N,N,N,N,N,N,N,N,N,N,N
1801,12041026268,P,11110,Heiko Taran                        ,Haugsvær                           ,N,N,N,J,N,Kunder med bare sparekonto         ,N,N,N,N,N,N,N,N,N,N,N
1801,14098312413,P,35400,Judith Mika                        ,Kjeldsberg                         ,N,N,N,J,N,Kunder med bare sparekonto         ,N,N,N,N,N,N,N,N,N,N,N
1801,03039608323,P,11110,Malena Maciej                      ,Allum                              ,N,N,N,J,N,Kunder med bare sparekonto         ,N,N,N,N,N,N,N,N,N,N,N
1801,16066021762,P,13110,Hani Francisco                     ,Sveum                              ,N,N,N,J,N,Kunder med bare sparekonto         ,N,N,N,N,N,N,N,N,N,N,N
1801,04079302770,P,35900,Juan Lorna                         ,Nyhus                              ,N,N,N,N,N,Kunder med bare sparekonto         ,N,N,N,N,N,N,N,N,N,N,N
1801,13047358722,P,16110,Ayla Bjørn-Inge                    ,Lohne                              ,N,J,N,J,N,Kunder med bare sparekonto         ,N,N,N,N,N,N,N,N,N,N,N
1801,21018007832,P,35100,Thelma Sune                        ,Kallevik                           ,N,N,N,J,N,Kunder med bare sparekonto         ,N,N,N,N,N,N,N,N,N,N,N
1801,10026819291,P,36400,Suzanne Jorulf                     ,Dyngeland                          ,N,N,N,J,N,Kunder med bare sparekonto         ,N,N,N,N,N,N,N,N,N,N,N
1801,28080933098,P,36400,Oskar Anke                         ,Nornes                             ,N,N,N,J,N,Kunder med bare sparekonto         ,N,N,N,N,N,N,N,N,N,N,N
1801,09056104094,P,35500,Odd-Erik Bjarnhild                 ,Høie                               ,N,N,N,N,N,Kunder med bare sparekonto         ,N,N,N,N,N,N,N,N,N,N,N
1801,03098818269,P,56110,Ewa Joakim                         ,Andersson                          ,N,N,N,J,N,Kunder med bare sparekonto         ,N,N,N,N,N,N,N,N,N,N,N
1801,12046806806,P,35400,Mateusz Eirunn                     ,Angvik                             ,N,J,N,J,N,Kunder med bare sparekonto         ,N,N,N,N,N,N,N,N,N,N,N
1801,17029710481,P,67248,Aino Emilio                        ,Lillejord                          ,N,N,N,J,N,Kunder med bare sparekonto         ,N,N,N,N,N,N,N,N,N,N,N
1801,15094904312,P,31110,Tony Faiza                         ,Flønes                             ,N,N,N,J,N,Kunder med bare sparekonto         ,N,N,N,N,N,N,N,N,N,N,N
1801,05078304954,P,36800,Maksim Silke                       ,Zakariassen                        ,N,N,N,J,N,Kunder med bare sparekonto         ,N,N,N,N,N,N,N,N,N,N,N
1801,27015307582,P,35000,Kari-Mette Herleif                 ,Opgård                             ,N,N,N,J,N,Kunder med bare sparekonto         ,N,N,N,N,N,N,N,N,N,N,N
1801,11088711515,P,36400,Bibi Edward                        ,Gjertsen                           ,N,J,N,J,N,Kunder med bare sparekonto         ,N,N,N,N,N,N,N,N,N,N,N
1801,04114507909,P,35400,Ann-Katrin Herleif                 ,Tveter                             ,N,N,N,J,N,Kunder med bare sparekonto         ,N,N,N,N,N,N,N,N,N,N,N
1801,15087401356,P,31110,Anneline Sturle                    ,Hustveit                           ,N,N,N,J,N,Kunder med bare sparekonto         ,N,N,N,N,N,N,N,N,N,N,N
1801,28024715266,P,17110,Bjørghild Helmut                   ,Fure                               ,N,J,N,N,N,Kunder med bare sparekonto         ,N,N,N,N,N,N,N,N,N,N,N
1801,14047412618,P,26110,Alva Nils-Petter                   ,Eldevik                            ,N,N,N,J,N,Kunder med bare sparekonto         ,N,N,N,N,N,N,N,N,N,N,N
1801,25108001138,P,35000,Hamed Veslemøy                     ,Dehli                              ,N,J,N,J,N,Kunder med bare sparekonto         ,N,N,N,N,N,N,N,N,N,N,N
1801,03039308109,P,36500,Katherine Halstein                 ,Afzal                              ,N,N,N,J,N,Kunder med bare sparekonto         ,N,N,N,N,N,N,N,N,N,N,N
1801,09077314692,P,67248,Ramona Ivo                         ,Løland                             ,J,J,N,J,N,Kunder med bare sparekonto         ,N,N,N,N,N,N,N,N,N,N,N
1801,18119216407,P,51110,Asif Torun                         ,Skogstad                           ,N,N,N,J,N,Kunder med bare sparekonto         ,N,N,N,N,N,N,N,N,N,N,N
1801,08069316620,P,11110,Jafar Aiste                        ,Ramstad                            ,N,N,N,J,N,Kunder med bare sparekonto         ,N,N,N,N,N,N,N,N,N,N,N
1801,27127004124,P,67248,Ava Berge                          ,Søgård                             ,N,N,N,J,N,Kunder med bare sparekonto         ,N,N,N,N,N,N,N,N,N,N,N
1801,06025205055,P,76110,Elen Agnar                         ,Vigdal                             ,N,J,N,J,N,Kunder med bare sparekonto         ,N,N,N,N,N,N,N,N,N,N,N
1801,16059620545,P,35000,Radoslaw Evita                     ,Folkedal                           ,N,N,N,J,N,Kunder med bare sparekonto         ,N,N,N,N,N,N,N,N,N,N,N
1801,21055010045,P,67248,Rannveig Hans-Christian            ,Smeland                            ,N,J,N,J,N,Kunder med bare sparekonto         ,N,N,N,N,N,N,N,N,N,N,N
1801,06109218217,P,36500,Asborg Kato                        ,Velle                              ,N,N,N,J,N,Kunder med bare sparekonto         ,N,N,N,N,N,N,N,N,N,N,N
1801,25076813941,P,76110,Sana Aslan                         ,Kloster                            ,N,J,J,J,N,Kunder med bare sparekonto         ,N,N,N,N,N,N,N,N,N,N,N
1801,28075408457,P,31110,Szymon Maren                       ,Bjørke                             ,N,N,N,J,N,Kunder med bare sparekonto         ,N,N,N,N,N,N,N,N,N,N,N
1801,14057507048,P,36110,Wanda Agnar                        ,Sletner                            ,N,N,N,N,N,Kunder med bare sparekonto         ,N,N,N,N,N,N,N,N,N,N,N
1801,11046006153,P,37200,Nada Herbert                       ,Haugan                             ,N,N,N,J,N,Kunder med bare sparekonto         ,N,N,N,N,N,N,N,N,N,N,N
1801,25070257354,P,36110,Zuzana Frederik                    ,Taranger                           ,N,N,N,J,N,Kunder med bare sparekonto         ,N,N,N,N,N,N,N,N,N,N,N
1801,09039213793,P,35900,Daiva Bent                         ,Svihus                             ,N,N,N,J,N,Kunder med bare sparekonto         ,N,N,N,N,N,N,N,N,N,N,N
1801,16018106489,P,41110,Wibeke Tristan                     ,Nes                                ,N,J,N,N,N,Kunder med bare sparekonto         ,N,N,N,N,N,N,N,N,N,N,N
1801,16108911984,P,35000,Adnan Kathinka                     ,Smeland                            ,N,N,N,N,N,Kunder med bare sparekonto         ,N,N,N,N,N,N,N,N,N,N,N
1801,25117612204,P,78110,Gudrun Rudi                        ,Kvalvåg                            ,N,N,N,J,N,Kunder med bare sparekonto         ,N,N,N,N,N,N,N,N,N,N,N
1801,14090342224,P,36300,Hildegard Torsten                  ,Grongstad                          ,N,N,N,J,N,Kunder med bare sparekonto         ,N,N,N,N,N,N,N,N,N,N,N
1801,16026710891,P,31110,Anne-Margrethe Mehran              ,Aarrestad                          ,N,N,N,J,N,Kunder med bare sparekonto         ,N,N,N,N,N,N,N,N,N,N,N
1801,14023423481,P,67248,Bertha Bjørn-Inge                  ,Svensson                           ,N,N,N,J,N,Kunder med bare sparekonto         ,N,N,N,N,N,N,N,N,N,N,N
1801,07048400013,P,51110,Halvar Emilie                      ,Vågen                              ,N,N,N,N,N,Kunder med bare sparekonto         ,N,N,N,N,N,N,N,N,N,N,N
1801,28037714528,P,36800,Linnea Akram                       ,Røyset                             ,N,J,N,J,N,Kunder med bare sparekonto         ,N,N,N,N,N,N,N,N,N,N,N
1801,31055607470,P,35400,Mehmed Amina                       ,Fossnes                            ,N,N,N,J,N,Kunder med bare sparekonto         ,N,N,N,N,N,N,N,N,N,N,N
1801,24038909041,P,35900,Ole-Jacob Nicoline                 ,Nordby                             ,N,N,N,J,N,Kunder med bare sparekonto         ,N,N,N,N,N,N,N,N,N,N,N
1801,10065213538,P,36500,Gregor Anne-Line                   ,Stavrum                            ,N,N,N,J,N,Kunder med bare sparekonto         ,N,N,N,N,N,N,N,N,N,N,N
1801,17068307112,P,13110,Tron Lillian                       ,Hylland                            ,N,N,N,N,N,Kunder med bare sparekonto         ,N,N,N,N,N,N,N,N,N,N,N
1801,06118603565,P,37200,Tordis Odd-Arne                    ,Josdal                             ,N,N,N,J,N,Kunder med bare sparekonto         ,N,N,N,N,N,N,N,N,N,N,N
1801,09110032827,P,35050,Leonora Egon                       ,Schanke                            ,N,N,N,J,N,Kunder med bare sparekonto         ,N,N,N,N,N,N,N,N,N,N,N
1801,27108815723,P,35100,Fariba Gaute                       ,Halleland                          ,N,N,N,J,N,Kunder med bare sparekonto         ,N,N,N,N,N,N,N,N,N,N,N
1801,24036219455,P,26110,Vera Julian                        ,Hjelseth                           ,N,N,N,J,N,Kunder med bare sparekonto         ,N,N,N,N,N,N,N,N,N,N,N
1801,15079418010,P,13110,Catrine Ionut                      ,Sørli                              ,N,J,J,J,N,Kunder med bare sparekonto         ,N,N,N,N,N,N,N,N,N,N,N
1801,22015712728,P,67248,Tony Faiza                         ,Torkelsen                          ,N,N,N,J,N,Kunder med bare sparekonto         ,N,N,N,N,N,N,N,N,N,N,N
1801,15119209746,P,11110,Kai Rahma                          ,Brænden                            ,N,N,N,J,N,Kunder med bare sparekonto         ,N,N,N,N,N,N,N,N,N,N,N
1801,27109923724,P,31110,Dumitru Brenda                     ,Engelsen                           ,N,N,N,J,N,Kunder med bare sparekonto         ,N,N,N,N,N,N,N,N,N,N,N
1801,27074414783,P,11110,Safia Gheorghe                     ,Wibe                               ,N,N,N,J,N,Kunder med bare sparekonto         ,N,N,N,N,N,N,N,N,N,N,N
1801,15020118064,P,35000,Faiza Staffan                      ,Vårdal                             ,N,N,N,J,N,Kunder med bare sparekonto         ,N,N,N,N,N,N,N,N,N,N,N
1801,26055307856,P,35900,Senad Marzena                      ,Stølan                             ,N,N,N,J,N,Kunder med bare sparekonto         ,N,N,N,N,N,N,N,N,N,N,N
1801,17106505004,P,35000,Andrius Nataliia                   ,Jespersen                          ,N,N,N,J,N,Kunder med bare sparekonto         ,N,N,N,N,N,N,N,N,N,N,N
1801,11028207117,P,13110,Isa Albin                          ,Voll                               ,N,N,N,N,N,Kunder med bare sparekonto         ,N,N,N,N,N,N,N,N,N,N,N
1801,20117808816,P,36300,Victor Elle                        ,Holand                             ,N,N,N,N,N,Kunder med bare sparekonto         ,N,N,N,N,N,N,N,N,N,N,N
1801,27074719894,P,41110,Ahmet Ingrid                       ,Lohne                              ,N,J,N,J,N,Kunder med bare sparekonto         ,N,N,N,N,N,N,N,N,N,N,N
1801,16067415209,P,36800,Ib Mai-Britt                       ,Grimnes                            ,N,J,N,J,N,Kunder med bare sparekonto         ,N,N,N,N,N,N,N,N,N,N,N
1801,17017014773,P,46110,Erland Marzena                     ,Taule                              ,N,J,N,J,N,Kunder med bare sparekonto         ,N,N,N,N,N,N,N,N,N,N,N
1801,24099313397,P,31110,Torild Kenny                       ,Tonstad                            ,N,N,N,J,N,Kunder med bare sparekonto         ,N,N,N,N,N,N,N,N,N,N,N
1801,28119121371,P,59110,Eduardo Ranja                      ,Ugelstad                           ,N,N,N,N,N,Kunder med bare sparekonto         ,N,N,N,N,N,N,N,N,N,N,N
1801,19129403953,P,35500,Kolbjørn Karianne                  ,Estensen                           ,N,N,N,J,N,Kunder med bare sparekonto         ,N,N,N,N,N,N,N,N,N,N,N
1801,14115519396,P,67248,Safia Idris                        ,Rahman                             ,N,J,N,J,N,Kunder med bare sparekonto         ,N,N,N,N,N,N,N,N,N,N,N
1801,05057606748,P,35400,Heather Paulo                      ,Bjørkum                            ,J,N,N,J,N,Kunder med bare sparekonto         ,N,N,N,N,N,N,N,N,N,N,N
1801,06050035202,P,35000,Elen Sivert                        ,Brænden                            ,N,N,N,J,N,Kunder med bare sparekonto         ,N,N,N,N,N,N,N,N,N,N,N
1801,18030180077,P,11110,Oddlaug Jack                       ,Hana                               ,N,N,N,J,N,Kunder med bare sparekonto         ,N,N,N,N,N,N,N,N,N,N,N
1801,15036311581,P,74110,Susann Bastian                     ,Rezai                              ,N,N,N,J,N,Kunder med bare sparekonto         ,N,N,N,N,N,N,N,N,N,N,N
1801,27019214732,P,35100,Darius Heidrun                     ,Amundsen                           ,N,N,N,J,N,Kunder med bare sparekonto         ,N,N,N,N,N,N,N,N,N,N,N
1801,04055820282,P,17110,Fillip Ågot                        ,Moltu                              ,N,J,J,J,N,Kunder med bare sparekonto         ,N,N,N,N,N,N,N,N,N,N,N
1801,17069410146,P,35100,Natalja Mieczyslaw                 ,Vedøy                              ,N,N,N,J,N,Kunder med bare sparekonto         ,N,N,N,N,N,N,N,N,N,N,N
1801,14098714155,P,67248,Frithjof Kristina                  ,Sæle                               ,N,N,N,N,N,Kunder med bare sparekonto         ,N,N,N,N,N,N,N,N,N,N,N
1801,03069801438,P,21110,Pablo Alis                         ,Hareide                            ,N,N,N,J,N,Kunder med bare sparekonto         ,N,N,N,N,N,N,N,N,N,N,N
1801,18073433017,P,67223,Benn Amanda                        ,Lium                               ,N,N,N,J,N,Kunder med bare sparekonto         ,N,N,N,N,N,N,N,N,N,N,N
1801,23038512013,P,67248,Tony Eline                         ,Styve                              ,N,N,N,J,N,Kunder med bare sparekonto         ,N,N,N,N,N,N,N,N,N,N,N
1801,22128016655,P,13110,Marta Lars-Erik                    ,Sandve                             ,N,J,N,J,N,Kunder med bare sparekonto         ,N,N,N,N,N,N,N,N,N,N,N
1801,15060415525,P,67248,Torodd Ngoc                        ,Bjørheim                           ,N,N,N,J,N,Kunder med bare sparekonto         ,N,N,N,N,N,N,N,N,N,N,N
1801,19076617735,P,35000,Juozas Veronika                    ,Bodin                              ,N,N,N,J,N,Kunder med bare sparekonto         ,N,N,N,N,N,N,N,N,N,N,N
1801,29034607212,P,36300,Gunilla Duy                        ,Johannesen                         ,N,N,N,J,N,Kunder med bare sparekonto         ,N,N,N,N,N,N,N,N,N,N,N
1801,26090160760,P,78110,Audrius Rannei                     ,Carlson                            ,N,N,N,J,N,Kunder med bare sparekonto         ,N,N,N,N,N,N,N,N,N,N,N
1801,12127103486,P,19110,Audhild Leiv                       ,Krogsæter                          ,N,N,N,J,N,Kunder med bare sparekonto         ,N,N,N,N,N,N,N,N,N,N,N
1801,08014419455,P,35100,Eduardo Reidun                     ,Høgset                             ,N,N,N,J,N,Kunder med bare sparekonto         ,N,N,N,N,N,N,N,N,N,N,N
1801,13129512290,P,67248,Henrik Linn                        ,Dragland                           ,N,N,N,J,N,Kunder med bare sparekonto         ,N,N,N,N,N,N,N,N,N,N,N
1801,10110208923,P,37200,Berith Jan-Fredrik                 ,Lynum                              ,N,N,N,J,N,Kunder med bare sparekonto         ,N,N,N,N,N,N,N,N,N,N,N
1801,27039204407,P,35000,Thorsten Melinda                   ,Sollid                             ,N,N,N,J,N,Kunder med bare sparekonto         ,N,N,N,N,N,N,N,N,N,N,N
1801,26125202240,P,11110,Zuzana Odd-Arne                    ,Høiland                            ,N,N,N,J,N,Kunder med bare sparekonto         ,N,N,N,N,N,N,N,N,N,N,N
1801,10109008430,P,79110,Shirin Dovydas                     ,Fjellvang                          ,N,J,N,J,N,Kunder med bare sparekonto         ,N,N,N,N,N,N,N,N,N,N,N
1801,10088206253,P,58110,Miriam Melvin                      ,Karimi                             ,N,N,N,J,N,Kunder med bare sparekonto         ,N,N,N,N,N,N,N,N,N,N,N
1801,16127209042,P,79110,Stefanie Pieter                    ,Riise                              ,J,N,N,J,N,Kunder med bare sparekonto         ,N,N,N,N,N,N,N,N,N,N,N
1801,19036957274,P,35900,Heiko Naima                        ,Semb                               ,N,N,N,J,N,Kunder med bare sparekonto         ,N,N,N,N,N,N,N,N,N,N,N
1801,19078906998,P,35000,Gunveig Ask                        ,Selstad                            ,N,N,N,J,N,Kunder med bare sparekonto         ,N,N,N,N,N,N,N,N,N,N,N
1801,28099116015,P,21110,Fridtjov Anne-Kari                 ,Moltu                              ,J,J,N,J,N,Kunder med bare sparekonto         ,N,N,N,N,N,N,N,N,N,N,N
1801,15115112454,P,18110,Mateusz Eirunn                     ,Skjølberg                          ,N,N,N,J,N,Kunder med bare sparekonto         ,N,N,N,N,N,N,N,N,N,N,N
1801,11099409470,P,35100,Alison Gard                        ,Kittilsen                          ,N,N,N,J,N,Kunder med bare sparekonto         ,N,N,N,N,N,N,N,N,N,N,N
1801,01068616197,P,11110,Marianne Ioan                      ,Honningsvåg                        ,N,N,N,N,N,Kunder med bare sparekonto         ,N,N,N,N,N,N,N,N,N,N,N
1801,18114322861,P,21110,Ramona Ivo                         ,Melheim                            ,N,N,N,J,N,Kunder med bare sparekonto         ,N,N,N,N,N,N,N,N,N,N,N
1801,07033505242,P,37500,Asmund Kaia                        ,Ytterstad                          ,N,N,N,J,N,Kunder med bare sparekonto         ,N,N,N,N,N,N,N,N,N,N,N
1801,27055908422,P,11110,Tor-Inge Birgit                    ,Sønstebø                           ,N,J,N,N,N,Kunder med bare sparekonto         ,N,N,N,N,N,N,N,N,N,N,N
1801,18057013393,P,26110,Jorge Gina                         ,Pilskog                            ,N,N,N,J,N,Kunder med bare sparekonto         ,N,N,N,N,N,N,N,N,N,N,N
1801,01118809110,P,36500,Marcel Hjørdis                     ,Aabø                               ,N,N,N,N,N,Kunder med bare sparekonto         ,N,N,N,N,N,N,N,N,N,N,N
1801,30047713702,P,73110,Kolbjørn Vibekke                   ,Vevang                             ,N,J,N,N,N,Kunder med bare sparekonto         ,N,N,N,N,N,N,N,N,N,N,N
1801,16029351485,P,35100,Mohamad Eve                        ,Nordtveit                          ,N,N,N,J,N,Kunder med bare sparekonto         ,N,N,N,N,N,N,N,N,N,N,N
1801,30060058101,P,31110,Ann Arnvid                         ,Fjeldstad                          ,N,N,N,J,N,Kunder med bare sparekonto         ,N,N,N,N,N,N,N,N,N,N,N
1801,06109626676,P,35000,Connie Fridtjov                    ,Bjørgum                            ,N,N,N,J,N,Kunder med bare sparekonto         ,N,N,N,N,N,N,N,N,N,N,N
1801,04034917634,P,67248,Alexandre Carmen                   ,Neset                              ,N,J,J,J,N,Kunder med bare sparekonto         ,N,N,N,N,N,N,N,N,N,N,N
1801,27094411373,P,35000,Edna Erik                          ,Helgerud                           ,N,N,N,J,N,Kunder med bare sparekonto         ,N,N,N,N,N,N,N,N,N,N,N
1801,29075202502,P,35400,Petr Evita                         ,Ingebretsen                        ,N,N,N,J,N,Kunder med bare sparekonto         ,N,N,N,N,N,N,N,N,N,N,N
1801,15129115170,P,35000,Sienna Laimonas                    ,Tjørhom                            ,N,J,N,J,N,Kunder med bare sparekonto         ,N,N,N,N,N,N,N,N,N,N,N
1801,05129009995,P,37400,Margaret Audun                     ,Ahmadi                             ,N,N,N,J,N,Kunder med bare sparekonto         ,N,N,N,N,N,N,N,N,N,N,N
1801,22064808579,P,35000,Lars-Kristian Edita                ,Omdal                              ,N,N,N,J,N,Kunder med bare sparekonto         ,N,N,N,N,N,N,N,N,N,N,N
1801,08069009752,P,35100,Bertine Ionut                      ,Miller                             ,J,N,N,J,N,Kunder med bare sparekonto         ,N,N,N,N,N,N,N,N,N,N,N
1801,05075410265,P,35000,Adine Per-Kristian                 ,Brænden                            ,N,N,N,J,N,Kunder med bare sparekonto         ,N,N,N,N,N,N,N,N,N,N,N
1801,04049613429,P,31110,An-Magritt Johnny                  ,Evanger                            ,N,N,N,N,N,Kunder med bare sparekonto         ,N,N,N,N,N,N,N,N,N,N,N
1801,06069918407,P,35100,Alina Ricardo                      ,Kibsgaard                          ,N,N,N,J,N,Kunder med bare sparekonto         ,N,N,N,N,N,N,N,N,N,N,N
1801,07058304276,P,16110,Jens Aasta                         ,Grønlund                           ,N,N,N,N,N,Kunder med bare sparekonto         ,N,N,N,N,N,N,N,N,N,N,N
1801,02087911406,P,51110,Borger Maren                       ,Mikalsen                           ,J,N,N,N,N,Kunder med bare sparekonto         ,N,N,N,N,N,N,N,N,N,N,N
1801,20118114273,P,56110,Edgar Irena                        ,Buan                               ,N,J,J,J,N,Kunder med bare sparekonto         ,N,N,N,N,N,N,N,N,N,N,N
1801,27129608299,P,11110,Asif Anne-Merete                   ,Hjelseth                           ,N,J,N,N,N,Kunder med bare sparekonto         ,N,N,N,N,N,N,N,N,N,N,N
1801,09094133545,P,35400,Edgar Egle                         ,Gudbrandsen                        ,N,N,N,J,N,Kunder med bare sparekonto         ,N,N,N,N,N,N,N,N,N,N,N
1801,28059416784,P,36300,Rigmor Abdulahi                    ,Hoffmann                           ,J,N,N,J,N,Kunder med bare sparekonto         ,N,N,N,N,N,N,N,N,N,N,N
1801,11065718881,P,35900,Justyna Tron                       ,Bodin                              ,N,N,N,J,N,Kunder med bare sparekonto         ,N,N,N,N,N,N,N,N,N,N,N
1801,07029715992,P,67248,Ann-Lisbeth Sasa                   ,Øvrelid                            ,N,N,N,J,N,Kunder med bare sparekonto         ,N,N,N,N,N,N,N,N,N,N,N
1801,26129022913,P,35400,Biniam Olaug                       ,Salte                              ,J,N,N,J,N,Kunder med bare sparekonto         ,N,N,N,N,N,N,N,N,N,N,N
1801,07024014546,P,51110,Marilyn Bent                       ,Meyer                              ,N,J,N,J,N,Kunder med bare sparekonto         ,N,N,N,N,N,N,N,N,N,N,N
1801,17078201754,P,37400,Vivian Aleksandrs                  ,Pedersen                           ,N,N,N,J,N,Kunder med bare sparekonto         ,N,N,N,N,N,N,N,N,N,N,N
1801,25045709054,P,31110,Jutta Aslak                        ,Bjørnerud                          ,N,J,N,N,N,Kunder med bare sparekonto         ,N,N,N,N,N,N,N,N,N,N,N
1801,06098817482,P,19110,Mario Nanny                        ,Taranger                           ,N,N,N,J,N,Kunder med bare sparekonto         ,N,N,N,N,N,N,N,N,N,N,N
1801,30126101925,B,36500,Karstein Bente                     ,Fagerbakke                         ,N,N,N,J,N,Kunder med bare sparekonto         ,N,N,N,N,N,N,N,N,N,N,N
1801,14035006657,P,35000,Norunn Joakim                      ,Eikrem                             ,N,N,N,J,N,Kunder med bare sparekonto         ,N,N,N,N,N,N,N,N,N,N,N
1801,11117302867,P,36300,Harald Svetlana                    ,Monstad                            ,N,N,N,J,N,Kunder med bare sparekonto         ,N,N,N,N,N,N,N,N,N,N,N
1801,25127208371,P,35500,Skjalg Selma                       ,Hustad                             ,N,J,N,J,N,Kunder med bare sparekonto         ,N,N,N,N,N,N,N,N,N,N,N
1801,18129913971,P,35000,Raimondas Edina                    ,Børstad                            ,N,N,N,J,N,Kunder med bare sparekonto         ,N,N,N,N,N,N,N,N,N,N,N
1801,28048414674,P,31110,Kristofer Lea                      ,Ørmen                              ,N,N,N,N,N,Kunder med bare sparekonto         ,N,N,N,N,N,N,N,N,N,N,N
1801,01055410743,P,35500,Lotte Abdulkadir                   ,Myren                              ,N,N,N,J,N,Kunder med bare sparekonto         ,N,N,N,N,N,N,N,N,N,N,N
1801,16054312761,P,73110,Frederick May-Britt                ,Mikalsen                           ,N,J,N,J,N,Kunder med bare sparekonto         ,N,N,N,N,N,N,N,N,N,N,N
1801,26020030983,P,76110,Marlena Abdulahi                   ,Munthe                             ,N,N,N,J,N,Kunder med bare sparekonto         ,N,N,N,N,N,N,N,N,N,N,N
1801,29059018408,P,35000,Toini Berge                        ,Sveen                              ,N,N,N,J,N,Kunder med bare sparekonto         ,N,N,N,N,N,N,N,N,N,N,N
1801,26126003969,P,18110,Serina Saad                        ,Kvarme                             ,N,N,N,J,N,Kunder med bare sparekonto         ,N,N,N,N,N,N,N,N,N,N,N
1801,14108920751,P,19110,Tarjei Gunlaug                     ,Løvold                             ,N,J,N,N,N,Kunder med bare sparekonto         ,N,N,N,N,N,N,N,N,N,N,N
1801,10054021963,P,16110,Asmund Tahira                      ,Ølmheim                            ,N,J,N,N,N,Kunder med bare sparekonto         ,N,N,N,N,N,N,N,N,N,N,N
1801,27038768471,P,31110,Tarjei Ilse                        ,Kleveland                          ,N,N,N,N,N,Kunder med bare sparekonto         ,N,N,N,N,N,N,N,N,N,N,N
1801,31087920154,P,35400,Gertrud Nicolae                    ,Sørbø                              ,N,J,N,J,N,Kunder med bare sparekonto         ,N,N,N,N,N,N,N,N,N,N,N
1801,13073721606,P,26110,Cecilie Dejan                      ,Oksnes                             ,N,J,N,N,N,Kunder med bare sparekonto         ,N,N,N,N,N,N,N,N,N,N,N
1801,05068802352,P,35050,Alexandre Audny                    ,Ødegård                            ,N,N,N,J,N,Kunder med bare sparekonto         ,N,N,N,N,N,N,N,N,N,N,N
1801,06010020474,P,35500,Birgitta Helmer                    ,Wergeland                          ,N,N,N,J,N,Kunder med bare sparekonto         ,N,N,N,N,N,N,N,N,N,N,N
1801,17059225073,P,73110,Vivi-Ann Joakim                    ,Lillevik                           ,N,N,N,J,N,Kunder med bare sparekonto         ,N,N,N,N,N,N,N,N,N,N,N
1801,26036711050,P,37200,Olle Andrea                        ,Berget                             ,N,N,N,J,N,Kunder med bare sparekonto         ,N,N,N,N,N,N,N,N,N,N,N
1801,25094507548,P,35100,Linn-Therese Biniam                ,Tjøstheim                          ,N,N,N,J,N,Kunder med bare sparekonto         ,N,N,N,N,N,N,N,N,N,N,N
1801,22035910305,P,74110,Patric Margaret                    ,Smeland                            ,N,N,N,J,N,Kunder med bare sparekonto         ,N,N,N,N,N,N,N,N,N,N,N
1801,13058207599,P,51110,Britha Edward                      ,Birkeland                          ,N,J,N,N,N,Kunder med bare sparekonto         ,N,N,N,N,N,N,N,N,N,N,N
1801,22027116438,P,16110,Mehmed Amina                       ,Heggset                            ,N,N,N,N,N,Kunder med bare sparekonto         ,N,N,N,N,N,N,N,N,N,N,N
1801,08049968761,P,31110,Grazyna Bastian                    ,Molden                             ,N,N,N,J,N,Kunder med bare sparekonto         ,N,N,N,N,N,N,N,N,N,N,N
1801,16068805329,P,67204,Petr Alva                          ,Fossen                             ,N,N,N,J,N,Kunder med bare sparekonto         ,N,N,N,N,N,N,N,N,N,N,N
1801,15030038220,P,13110,Aino Pieter                        ,Løken                              ,N,N,N,J,N,Kunder med bare sparekonto         ,N,N,N,N,N,N,N,N,N,N,N
1801,30099911316,P,35500,Alena Rudi                         ,Benonisen                          ,N,N,N,J,N,Kunder med bare sparekonto         ,N,N,N,N,N,N,N,N,N,N,N
1801,14045706592,P,26110,Mari Ingvard                       ,Andreassen                         ,N,J,N,N,N,Kunder med bare sparekonto         ,N,N,N,N,N,N,N,N,N,N,N
1801,12038506658,P,67248,Katinka Irfan                      ,Hannisdal                          ,N,N,N,J,N,Kunder med bare sparekonto         ,N,N,N,N,N,N,N,N,N,N,N
1801,23048203124,P,11110,Hallstein Telma                    ,Storsve                            ,N,N,N,J,N,Kunder med bare sparekonto         ,N,N,N,N,N,N,N,N,N,N,N
1801,06045214719,P,35000,Gerd Gregor                        ,Nordnes                            ,N,N,N,N,N,Kunder med bare sparekonto         ,N,N,N,N,N,N,N,N,N,N,N
1801,28036315581,P,35900,Rizwan Milica                      ,Kvammen                            ,N,N,N,J,N,Kunder med bare sparekonto         ,N,N,N,N,N,N,N,N,N,N,N
1801,19016614052,P,35500,Aase Idris                         ,Brenne                             ,N,N,N,J,N,Kunder med bare sparekonto         ,N,N,N,N,N,N,N,N,N,N,N
1801,07068724427,P,35050,Mariel Fabio                       ,Alnes                              ,N,N,N,J,N,Kunder med bare sparekonto         ,N,N,N,N,N,N,N,N,N,N,N
1801,10109468229,P,11110,Mario Agne                         ,Mykland                            ,N,N,N,J,N,Kunder med bare sparekonto         ,N,N,N,N,N,N,N,N,N,N,N
1801,12088503994,P,11110,Maren Hans-Christian               ,Nesse                              ,N,N,N,J,N,Kunder med bare sparekonto         ,N,N,N,N,N,N,N,N,N,N,N
1801,27069110164,P,36800,Svitlana Cesar                     ,Milde                              ,N,N,N,J,N,Kunder med bare sparekonto         ,N,N,N,N,N,N,N,N,N,N,N
1801,12020105966,P,35100,Justas May-Lis                     ,Bjerkelund                         ,N,N,N,J,N,Kunder med bare sparekonto         ,N,N,N,N,N,N,N,N,N,N,N
1801,28039014558,P,35900,Stein Ragni                        ,Ryeng                              ,N,N,N,N,N,Kunder med bare sparekonto         ,N,N,N,N,N,N,N,N,N,N,N
1801,02096677181,P,67248,Asle Adine                         ,Skogheim                           ,N,N,N,J,N,Kunder med bare sparekonto         ,N,N,N,N,N,N,N,N,N,N,N
1801,25079416161,P,36500,Adele Agnar                        ,Gill                               ,N,N,N,J,N,Kunder med bare sparekonto         ,N,N,N,N,N,N,N,N,N,N,N
1801,21069866031,P,76110,Daria Helmer                       ,Elstad                             ,N,N,N,J,N,Kunder med bare sparekonto         ,N,N,N,N,N,N,N,N,N,N,N
1801,27086206140,P,36300,Valeria Yosef                      ,Sundseth                           ,N,N,N,J,N,Kunder med bare sparekonto         ,N,N,N,N,N,N,N,N,N,N,N
1801,08118414358,P,31110,Victor Farida                      ,Betten                             ,N,N,N,J,N,Kunder med bare sparekonto         ,N,N,N,N,N,N,N,N,N,N,N
1801,27037903936,P,67204,Frithjof Kristina                  ,Finseth                            ,N,N,N,J,N,Kunder med bare sparekonto         ,N,N,N,N,N,N,N,N,N,N,N
1801,14049801972,P,16110,Jo Rannei                          ,Bru                                ,N,N,N,J,N,Kunder med bare sparekonto         ,N,N,N,N,N,N,N,N,N,N,N
1801,19079107762,P,35400,Svetlana Nils-Petter               ,Moseng                             ,N,N,N,N,N,Kunder med bare sparekonto         ,N,N,N,N,N,N,N,N,N,N,N
1801,16029521348,P,71110,Sead Margunn                       ,Lyshaug                            ,N,J,N,J,N,Kunder med bare sparekonto         ,N,N,N,N,N,N,N,N,N,N,N
1801,06026807938,P,11110,Pablo Maj                          ,Monstad                            ,N,N,N,J,N,Kunder med bare sparekonto         ,N,N,N,N,N,N,N,N,N,N,N
1801,25040017715,P,18110,Mildred Kamran                     ,Odden                              ,N,N,N,J,N,Kunder med bare sparekonto         ,N,N,N,N,N,N,N,N,N,N,N
1801,23084314897,P,56110,Bushra Hans                        ,Nysted                             ,N,N,J,J,N,Kunder med bare sparekonto         ,N,N,N,N,N,N,N,N,N,N,N
1801,25098319835,P,41110,Frode Una                          ,Løvaas                             ,N,N,N,J,N,Kunder med bare sparekonto         ,N,N,N,N,N,N,N,N,N,N,N
1801,25097802184,P,35000,Joar Celine                        ,Sæverud                            ,N,N,N,J,N,Kunder med bare sparekonto         ,N,N,N,N,N,N,N,N,N,N,N
1801,05034905276,P,76110,Katrin Christer                    ,Dørum                              ,N,J,N,N,N,Kunder med bare sparekonto         ,N,N,N,N,N,N,N,N,N,N,N
1801,05068703044,P,56110,Gard Gunveig                       ,Michaelsen                         ,N,J,N,J,N,Kunder med bare sparekonto         ,N,N,N,N,N,N,N,N,N,N,N
1801,27019623551,P,78110,Franz Kariann                      ,Oshaug                             ,N,N,N,J,N,Kunder med bare sparekonto         ,N,N,N,N,N,N,N,N,N,N,N
1801,08049507594,P,35500,Pablo Yulia                        ,Wilson                             ,N,J,N,J,N,Kunder med bare sparekonto         ,N,N,N,N,N,N,N,N,N,N,N
1801,06014313786,P,35400,Bibbi Kenny                        ,Lindanger                          ,N,N,N,J,N,Kunder med bare sparekonto         ,N,N,N,N,N,N,N,N,N,N,N
1801,12077010554,P,35400,Magomed Zivile                     ,Østreng                            ,N,N,N,J,N,Kunder med bare sparekonto         ,N,N,N,N,N,N,N,N,N,N,N
1801,31057912475,P,35000,May Ted                            ,Stene                              ,N,N,N,N,N,Kunder med bare sparekonto         ,N,N,N,N,N,N,N,N,N,N,N
1801,16039610845,P,78110,Patric Lynn                        ,Undheim                            ,N,J,N,J,N,Kunder med bare sparekonto         ,N,N,N,N,N,N,N,N,N,N,N
1801,22058903616,P,11110,Roberta Benny                      ,Josefsen                           ,N,J,N,J,N,Kunder med bare sparekonto         ,N,N,N,N,N,N,N,N,N,N,N
1801,31019910612,P,67248,Madeleine Ted                      ,Løvold                             ,N,N,N,J,N,Kunder med bare sparekonto         ,N,N,N,N,N,N,N,N,N,N,N
1801,07057209113,P,35000,Roberta Evert                      ,Sollid                             ,N,N,N,J,N,Kunder med bare sparekonto         ,N,N,N,N,N,N,N,N,N,N,N
1801,10087418230,P,71110,Marith Duc                         ,Nordnes                            ,N,N,N,J,N,Kunder med bare sparekonto         ,N,N,N,N,N,N,N,N,N,N,N
1801,24054820891,P,73110,Bjarte Amalia                      ,Buljo                              ,N,J,J,J,N,Kunder med bare sparekonto         ,N,N,N,N,N,N,N,N,N,N,N
1801,18014915822,P,59110,Kristofer Runi                     ,Mikalsen                           ,N,J,N,J,N,Kunder med bare sparekonto         ,N,N,N,N,N,N,N,N,N,N,N
1801,10113815677,P,31110,Gregor Mirjana                     ,Skålevik                           ,N,N,N,J,N,Kunder med bare sparekonto         ,N,N,N,N,N,N,N,N,N,N,N
1801,27050304111,P,36300,Tron Rut                           ,Apeland                            ,N,N,N,J,N,Kunder med bare sparekonto         ,N,N,N,N,N,N,N,N,N,N,N
1801,14079204731,P,17110,Isaac Matilda                      ,Sørbø                              ,N,N,N,J,N,Kunder med bare sparekonto         ,N,N,N,N,N,N,N,N,N,N,N
1801,07109600819,P,36110,Faiza Arthur                       ,Bergene                            ,N,N,N,J,N,Kunder med bare sparekonto         ,N,N,N,N,N,N,N,N,N,N,N
1801,14015120429,P,35100,Ole-Morten Leyla                   ,Randen                             ,N,N,N,J,N,Kunder med bare sparekonto         ,N,N,N,N,N,N,N,N,N,N,N
1801,26074031497,P,71110,Oddmar Tanya                       ,Svanberg                           ,N,J,N,J,N,Kunder med bare sparekonto         ,N,N,N,N,N,N,N,N,N,N,N
1801,22109507923,P,73110,May-Brit Thom                      ,Solvik                             ,N,N,N,J,N,Kunder med bare sparekonto         ,N,N,N,N,N,N,N,N,N,N,N
1801,19067351315,P,13110,Ståle Gurli                        ,Øvstedal                           ,N,N,N,N,N,Kunder med bare sparekonto         ,N,N,N,N,N,N,N,N,N,N,N
1801,16029519319,P,31110,Adelheid Tron                      ,Nodland                            ,N,J,N,J,N,Kunder med bare sparekonto         ,N,N,N,N,N,N,N,N,N,N,N
1801,04039813047,P,11110,Eira Berge                         ,Bjerkestrand                       ,N,N,N,J,N,Kunder med bare sparekonto         ,N,N,N,N,N,N,N,N,N,N,N
1801,06079618010,P,35900,Asle Camille                       ,Steinnes                           ,N,N,N,J,N,Kunder med bare sparekonto         ,N,N,N,N,N,N,N,N,N,N,N
1801,18045510294,P,11110,Tanja Tollef                       ,Farstad                            ,N,N,N,J,N,Kunder med bare sparekonto         ,N,N,N,N,N,N,N,N,N,N,N
1801,07040121298,P,35000,Wojciech Synneva                   ,Westlie                            ,N,N,N,N,N,Kunder med bare sparekonto         ,N,N,N,N,N,N,N,N,N,N,N
1801,15125320438,P,56110,Tilla Ahmed                        ,Rui                                ,N,J,N,J,N,Kunder med bare sparekonto         ,N,N,N,N,N,N,N,N,N,N,N
1801,26056901271,P,11110,Farhad Anne-Marte                  ,Berland                            ,J,N,N,J,N,Kunder med bare sparekonto         ,N,N,N,N,N,N,N,N,N,N,N
1801,14085522605,P,35000,Ståle Amna                         ,Sellevold                          ,N,N,N,N,N,Kunder med bare sparekonto         ,N,N,N,N,N,N,N,N,N,N,N
1801,06108966309,P,11110,Andrius Kristina                   ,Nordnes                            ,N,J,N,J,N,Kunder med bare sparekonto         ,N,N,N,N,N,N,N,N,N,N,N
1801,14065521327,P,67248,Gertrud Nicolae                    ,Natvig                             ,N,N,N,J,N,Kunder med bare sparekonto         ,N,N,N,N,N,N,N,N,N,N,N
1801,24017205257,P,51110,Tahira Akram                       ,Natvig                             ,N,N,N,J,N,Kunder med bare sparekonto         ,N,N,N,N,N,N,N,N,N,N,N
1801,14126905484,P,67248,Amer Susana                        ,Stenersen                          ,N,N,N,J,N,Kunder med bare sparekonto         ,N,N,N,N,N,N,N,N,N,N,N
1801,02067017229,P,35000,Ole-Jacob Gunni                    ,Aagaard                            ,N,N,N,J,N,Kunder med bare sparekonto         ,N,N,N,N,N,N,N,N,N,N,N
1801,25078400571,P,36400,Yohannes Marlen                    ,Mongstad                           ,N,N,N,J,N,Kunder med bare sparekonto         ,N,N,N,N,N,N,N,N,N,N,N
1801,30018008668,P,19110,Gordana Stein-Erik                 ,Glesnes                            ,N,N,N,J,N,Kunder med bare sparekonto         ,N,N,N,N,N,N,N,N,N,N,N
1801,26088411861,P,11110,Nicole Mahad                       ,Bakker                             ,J,J,N,N,N,Kunder med bare sparekonto         ,N,N,N,N,N,N,N,N,N,N,N
1801,03065511788,P,35100,Carin Duy                          ,Syrstad                            ,N,N,N,J,N,Kunder med bare sparekonto         ,N,N,N,N,N,N,N,N,N,N,N
1801,21124224273,P,11110,Edmund Aina                        ,Våga                               ,N,J,N,N,N,Kunder med bare sparekonto         ,N,N,N,N,N,N,N,N,N,N,N
1801,23075020813,P,35900,Bartosz Zuzana                     ,Thomas                             ,N,N,N,J,N,Kunder med bare sparekonto         ,N,N,N,N,N,N,N,N,N,N,N
1801,17109314579,P,51110,Marton Thao                        ,Wagner                             ,N,N,N,J,N,Kunder med bare sparekonto         ,N,N,N,N,N,N,N,N,N,N,N
1801,09118400736,P,36500,Tarjei Denise                      ,Homme                              ,N,N,N,N,N,Kunder med bare sparekonto         ,N,N,N,N,N,N,N,N,N,N,N
1801,04038718318,P,11110,Ibrahim Dorthe                     ,Kolbjørnsen                        ,J,N,N,J,N,Kunder med bare sparekonto         ,N,N,N,N,N,N,N,N,N,N,N
1801,22095517874,P,11110,Rose Jann                          ,Berthelsen                         ,N,N,N,N,N,Kunder med bare sparekonto         ,N,N,N,N,N,N,N,N,N,N,N
1801,06115221602,P,47110,Naima Emilio                       ,Hellerud                           ,N,J,N,J,N,Kunder med bare sparekonto         ,N,N,N,N,N,N,N,N,N,N,N
1801,08014928619,P,71110,Kristofer Margith                  ,Ryan                               ,N,N,N,J,N,Kunder med bare sparekonto         ,N,N,N,N,N,N,N,N,N,N,N
1801,02015705356,P,76110,Cassandra Johnny                   ,Mikalsen                           ,N,N,N,N,N,Kunder med bare sparekonto         ,N,N,N,N,N,N,N,N,N,N,N
1801,29120128335,P,67248,Anne-Mette Mindaugas               ,Remme                              ,N,N,N,J,N,Kunder med bare sparekonto         ,N,N,N,N,N,N,N,N,N,N,N
1801,07099016870,P,35000,Carolyn Noel                       ,Devold                             ,N,N,N,J,N,Kunder med bare sparekonto         ,N,N,N,N,N,N,N,N,N,N,N
1801,26038466207,P,36300,Kamila Sinisa                      ,Tvete                              ,N,J,J,J,N,Kunder med bare sparekonto         ,N,N,N,N,N,N,N,N,N,N,N
1801,02054421772,P,35000,Cristian Natasha                   ,Sandum                             ,N,N,N,J,N,Kunder med bare sparekonto         ,N,N,N,N,N,N,N,N,N,N,N
1801,16109327216,P,18110,Dalia Sorin                        ,Ekrem                              ,N,J,N,N,N,Kunder med bare sparekonto         ,N,N,N,N,N,N,N,N,N,N,N
1801,27068304712,P,11110,Frederick Kari-Mette               ,Yang                               ,N,N,N,J,N,Kunder med bare sparekonto         ,N,N,N,N,N,N,N,N,N,N,N
1801,04018714588,P,35500,Ingve Annike                       ,Ljosland                           ,N,J,N,J,N,Kunder med bare sparekonto         ,N,N,N,N,N,N,N,N,N,N,N
1801,20115519663,P,76110,Ewa Leon                           ,Abdullahi                          ,N,J,N,J,N,Kunder med bare sparekonto         ,N,N,N,N,N,N,N,N,N,N,N
1801,08029603775,P,31110,Dumitru Antonia                    ,Grande                             ,N,N,N,J,N,Kunder med bare sparekonto         ,N,N,N,N,N,N,N,N,N,N,N
1801,19109112847,P,31110,Rigmor Angel                       ,Pollestad                          ,N,J,N,N,N,Kunder med bare sparekonto         ,N,N,N,N,N,N,N,N,N,N,N
1801,12129709128,P,67248,Clara Rytis                        ,Dyrnes                             ,N,N,N,N,N,Kunder med bare sparekonto         ,N,N,N,N,N,N,N,N,N,N,N
1801,08044404576,P,31110,Ruth Jan-Olav                      ,Kittilsen                          ,N,N,N,J,N,Kunder med bare sparekonto         ,N,N,N,N,N,N,N,N,N,N,N
1801,15119609396,P,76110,Otilie Mirza                       ,Vevang                             ,J,N,N,J,N,Kunder med bare sparekonto         ,N,N,N,N,N,N,N,N,N,N,N
1801,31075401062,P,67248,Fredrik Maya                       ,Sandø                              ,N,N,N,J,N,Kunder med bare sparekonto         ,N,N,N,N,N,N,N,N,N,N,N
1801,11059417977,P,35000,Petr Henny                         ,Bjørnstad                          ,N,N,N,J,N,Kunder med bare sparekonto         ,N,N,N,N,N,N,N,N,N,N,N
1801,06064615376,P,41110,Thorild Jan-Inge                   ,Hval                               ,N,J,N,J,N,Kunder med bare sparekonto         ,N,N,N,N,N,N,N,N,N,N,N
1801,06010068035,P,19110,Oddbjørg Thormod                   ,Wergeland                          ,N,N,N,J,N,Kunder med bare sparekonto         ,N,N,N,N,N,N,N,N,N,N,N
1801,19068408752,P,67248,Kathleen Willy                     ,Tonstad                            ,J,N,N,J,N,Kunder med bare sparekonto         ,N,N,N,N,N,N,N,N,N,N,N
1801,12075911864,P,16110,Brigitte Kenneth                   ,Grimstad                           ,N,N,N,J,N,Kunder med bare sparekonto         ,N,N,N,N,N,N,N,N,N,N,N
1801,16107611227,P,26110,Karin Idris                        ,Finnerud                           ,N,N,N,J,N,Kunder med bare sparekonto         ,N,N,N,N,N,N,N,N,N,N,N
1801,25118422344,P,56110,Wieslaw Patricia                   ,Sander                             ,N,N,N,J,N,Kunder med bare sparekonto         ,N,N,N,N,N,N,N,N,N,N,N
1801,09015313398,P,71110,Iselin Emilio                      ,Jordet                             ,N,N,N,N,N,Kunder med bare sparekonto         ,N,N,N,N,N,N,N,N,N,N,N
1801,04105817881,P,35100,Torgunn Bjørge                     ,Skogseth                           ,J,N,N,J,N,Kunder med bare sparekonto         ,N,N,N,N,N,N,N,N,N,N,N
1801,27058515197,P,37200,Salih Bella                        ,Langseth                           ,N,J,N,J,N,Kunder med bare sparekonto         ,N,N,N,N,N,N,N,N,N,N,N
1801,31086611751,P,14110,Noel Mathilde                      ,Guttormsen                         ,N,J,N,J,N,Kunder med bare sparekonto         ,N,N,N,N,N,N,N,N,N,N,N
1801,30034614934,P,26110,Edmund Elfrida                     ,Smeland                            ,N,N,N,J,N,Kunder med bare sparekonto         ,N,N,N,N,N,N,N,N,N,N,N
1801,22129123005,P,35100,Zdzislaw Thi                       ,Monstad                            ,J,N,N,J,N,Kunder med bare sparekonto         ,N,N,N,N,N,N,N,N,N,N,N
1801,21075105727,P,35000,Møyfrid Eigil                      ,Torvik                             ,N,N,N,J,N,Kunder med bare sparekonto         ,N,N,N,N,N,N,N,N,N,N,N
1801,09069207631,P,34013,Berge Kaia                         ,Remme                              ,N,N,N,J,N,Kunder med bare sparekonto         ,N,N,N,N,N,N,N,N,N,N,N
1801,28110275627,P,35500,Margith Francisco                  ,Hellan                             ,N,N,N,J,N,Kunder med bare sparekonto         ,N,N,N,N,N,N,N,N,N,N,N
1801,21040468207,P,67248,Aasta Aslak                        ,Kapstad                            ,N,N,N,J,N,Kunder med bare sparekonto         ,N,N,N,N,N,N,N,N,N,N,N
1801,26069607569,P,35000,Mia Styrk                          ,Blystad                            ,N,N,N,J,N,Kunder med bare sparekonto         ,N,N,N,N,N,N,N,N,N,N,N
1801,29129414861,P,35400,Mantas Yvonne                      ,Kvia                               ,N,N,N,N,N,Kunder med bare sparekonto         ,N,N,N,N,N,N,N,N,N,N,N
1801,14086904269,P,31110,Myrna Yosef                        ,Christensen                        ,N,J,N,N,N,Kunder med bare sparekonto         ,N,N,N,N,N,N,N,N,N,N,N
1801,08074420207,P,13110,Kristofer Eirin                    ,Holter                             ,N,N,N,J,N,Kunder med bare sparekonto         ,N,N,N,N,N,N,N,N,N,N,N
1801,23075015747,P,74110,Marika Hans-Christian              ,Takvam                             ,N,N,N,J,N,Kunder med bare sparekonto         ,N,N,N,N,N,N,N,N,N,N,N
1801,26086502223,P,79110,Monique Abdifatah                  ,Ullestad                           ,N,N,N,J,N,Kunder med bare sparekonto         ,N,N,N,N,N,N,N,N,N,N,N
1801,11126507161,P,13110,Aslak Gro-Anita                    ,Sjursen                            ,N,N,N,N,N,Kunder med bare sparekonto         ,N,N,N,N,N,N,N,N,N,N,N
1801,06067110399,P,35000,Annelin Ionut                      ,Helgestad                          ,N,J,N,J,N,Kunder med bare sparekonto         ,N,N,N,N,N,N,N,N,N,N,N
1801,04064013896,P,35000,Kristofer Asta                     ,Hilstad                            ,N,N,N,J,N,Kunder med bare sparekonto         ,N,N,N,N,N,N,N,N,N,N,N
1801,01105700217,P,67248,Karwan Yordanos                    ,Li                                 ,N,J,J,J,N,Kunder med bare sparekonto         ,N,N,N,N,N,N,N,N,N,N,N
1801,27097802829,P,37200,Wieslaw Sabine                     ,Sikveland                          ,N,N,J,J,N,Kunder med bare sparekonto         ,N,N,N,N,N,N,N,N,N,N,N
1801,25048904508,P,35900,Ulrike Roald                       ,Berthelsen                         ,N,N,N,N,N,Kunder med bare sparekonto         ,N,N,N,N,N,N,N,N,N,N,N
1801,28037109608,P,31110,Natasha Romualdas                  ,Rød                                ,N,N,N,J,N,Kunder med bare sparekonto         ,N,N,N,N,N,N,N,N,N,N,N
1801,09099211560,P,67248,Steven Svanaug                     ,Wahl                               ,N,N,N,J,N,Kunder med bare sparekonto         ,N,N,N,N,N,N,N,N,N,N,N
1801,21119510454,P,35000,Jo Bertha                          ,Dyrkorn                            ,N,N,N,J,N,Kunder med bare sparekonto         ,N,N,N,N,N,N,N,N,N,N,N
1801,05048910345,P,35500,Judit Bernt                        ,Follestad                          ,N,N,N,N,N,Kunder med bare sparekonto         ,N,N,N,N,N,N,N,N,N,N,N
1801,29046905987,P,36110,Sana Aslan                         ,Hatlen                             ,J,N,N,N,N,Kunder med bare sparekonto         ,N,N,N,N,N,N,N,N,N,N,N
1801,06119410043,P,26110,Khadija Nabil                      ,Vevang                             ,N,N,N,N,N,Kunder med bare sparekonto         ,N,N,N,N,N,N,N,N,N,N,N
1801,21057715933,P,67248,Nikita Anne-Marie                  ,Hepsø                              ,N,N,N,J,N,Kunder med bare sparekonto         ,N,N,N,N,N,N,N,N,N,N,N
1801,01038407763,P,35000,Margaret Florian                   ,Haugo                              ,N,N,N,J,N,Kunder med bare sparekonto         ,N,N,N,N,N,N,N,N,N,N,N
1801,16056712953,P,35100,Juan Hellen                        ,Kleven                             ,N,N,N,J,N,Kunder med bare sparekonto         ,N,N,N,N,N,N,N,N,N,N,N
1801,12099761081,P,35000,Herman Carmen                      ,Stokka                             ,N,N,N,J,N,Kunder med bare sparekonto         ,N,N,N,N,N,N,N,N,N,N,N
1801,19108912270,P,37200,Solveig Ask                        ,Ahlsen                             ,N,N,N,J,N,Kunder med bare sparekonto         ,N,N,N,N,N,N,N,N,N,N,N
1801,24087601591,P,19110,Marcel Ingveig                     ,Ingebrigtsen                       ,N,N,N,J,N,Kunder med bare sparekonto         ,N,N,N,N,N,N,N,N,N,N,N
1801,08085813464,P,35100,Rolandas Karina                    ,Bruvik                             ,N,J,N,J,N,Kunder med bare sparekonto         ,N,N,N,N,N,N,N,N,N,N,N
1801,08110409932,P,11110,Joacim Hedda                       ,Valseth                            ,N,N,N,J,N,Kunder med bare sparekonto         ,N,N,N,N,N,N,N,N,N,N,N
1801,19084425365,P,37400,Werner Danijela                    ,Pham                               ,N,N,N,J,N,Kunder med bare sparekonto         ,N,N,N,N,N,N,N,N,N,N,N
1801,16089919251,P,35400,Jana Pawel                         ,Nybakken                           ,N,N,N,N,N,Kunder med bare sparekonto         ,N,N,N,N,N,N,N,N,N,N,N
1801,06095117552,P,56110,Thorild Manuel                     ,Guldahl                            ,N,N,N,J,N,Kunder med bare sparekonto         ,N,N,N,N,N,N,N,N,N,N,N
1801,24107415048,P,36801,Heiko Viviann                      ,Høiby                              ,N,N,N,J,N,Kunder med bare sparekonto         ,N,N,N,N,N,N,N,N,N,N,N
1801,28108720737,P,37200,Hasan Jacqueline                   ,Brataas                            ,N,N,N,J,N,Kunder med bare sparekonto         ,N,N,N,N,N,N,N,N,N,N,N
1801,25119921816,P,31110,Oluf Oda                           ,Engum                              ,N,N,N,J,N,Kunder med bare sparekonto         ,N,N,N,N,N,N,N,N,N,N,N
1801,24118817474,P,67248,Rimantas Nansy                     ,Olaussen                           ,N,N,N,J,N,Kunder med bare sparekonto         ,N,N,N,N,N,N,N,N,N,N,N
1801,24026804007,P,35500,Torkell Adine                      ,Linge                              ,N,J,N,N,N,Kunder med bare sparekonto         ,N,N,N,N,N,N,N,N,N,N,N
1801,15045305764,P,36110,Ruth Jan-Olav                      ,Skogstad                           ,J,J,N,J,N,Kunder med bare sparekonto         ,N,N,N,N,N,N,N,N,N,N,N
1801,17035410406,P,16110,Bjørghild Helmut                   ,Mikalsen                           ,N,J,J,N,N,Kunder med bare sparekonto         ,N,N,N,N,N,N,N,N,N,N,N
1801,19129323887,P,67248,Magni Kris                         ,Nesvik                             ,N,N,N,N,N,Kunder med bare sparekonto         ,N,N,N,N,N,N,N,N,N,N,N
1801,17020378999,P,36300,Maija Mladen                       ,Reite                              ,N,N,N,J,N,Kunder med bare sparekonto         ,N,N,N,N,N,N,N,N,N,N,N
1801,25019225863,P,35900,Thi Torgny                         ,Hove                               ,N,N,N,J,N,Kunder med bare sparekonto         ,N,N,N,N,N,N,N,N,N,N,N
1801,24106617658,P,35100,Hani Lars-Erik                     ,Nakken                             ,N,N,N,J,N,Kunder med bare sparekonto         ,N,N,N,N,N,N,N,N,N,N,N
1801,09116100484,P,76110,Vasile Augusta                     ,Kvia                               ,N,J,N,J,N,Kunder med bare sparekonto         ,N,N,N,N,N,N,N,N,N,N,N
1801,11057505968,P,35100,Edgar Irja                         ,Sæternes                           ,N,N,N,N,N,Kunder med bare sparekonto         ,N,N,N,N,N,N,N,N,N,N,N
1801,06127311607,P,41110,Betsy Kenny                        ,Skråmestø                          ,N,N,J,N,N,Kunder med bare sparekonto         ,N,N,N,N,N,N,N,N,N,N,N
1801,23063307610,P,11110,Tuyet Dario                        ,Andresen                           ,N,J,N,J,N,Kunder med bare sparekonto         ,N,N,N,N,N,N,N,N,N,N,N
1801,16108013412,P,74110,Andre Leila                        ,Rye                                ,N,J,N,J,N,Kunder med bare sparekonto         ,N,N,N,N,N,N,N,N,N,N,N
1801,12047009772,P,36300,Alfhild Hai                        ,Bue                                ,N,N,N,N,N,Kunder med bare sparekonto         ,N,N,N,N,N,N,N,N,N,N,N
1801,29048716839,P,78110,Eystein Jana                       ,Grøndal                            ,N,J,N,J,N,Kunder med bare sparekonto         ,N,N,N,N,N,N,N,N,N,N,N
1801,30048102626,P,35400,Renata Hallgeir                    ,Vollen                             ,N,N,N,J,N,Kunder med bare sparekonto         ,N,N,N,N,N,N,N,N,N,N,N
1801,22104715714,P,46110,Juliet Helmer                      ,Jæger                              ,N,J,N,J,N,Kunder med bare sparekonto         ,N,N,N,N,N,N,N,N,N,N,N
1801,13067016011,P,71110,Raja Pernille                      ,Vikanes                            ,N,N,N,J,N,Kunder med bare sparekonto         ,N,N,N,N,N,N,N,N,N,N,N
1801,08119611947,P,35000,Bianca Harald                      ,Røise                              ,N,N,N,N,N,Kunder med bare sparekonto         ,N,N,N,N,N,N,N,N,N,N,N
1801,07039312942,P,35100,Usman Maureen                      ,Nawaz                              ,N,N,N,J,N,Kunder med bare sparekonto         ,N,N,N,N,N,N,N,N,N,N,N
1801,29010210311,P,35000,Ahmet Mira                         ,Sandtorv                           ,N,N,N,J,N,Kunder med bare sparekonto         ,N,N,N,N,N,N,N,N,N,N,N
1801,06097206420,P,11110,Ingmar Tomine                      ,Berdal                             ,N,N,N,J,N,Kunder med bare sparekonto         ,N,N,N,N,N,N,N,N,N,N,N
1801,19087305131,P,35100,Ole-Kristian Kira                  ,Urdal                              ,N,N,N,J,N,Kunder med bare sparekonto         ,N,N,N,N,N,N,N,N,N,N,N
1801,06109626757,P,67204,Aurora Fabio                       ,Bjørgen                            ,N,N,N,J,N,Kunder med bare sparekonto         ,N,N,N,N,N,N,N,N,N,N,N
1801,26095910482,P,73110,Asif Gunilla                       ,Olaussen                           ,N,N,N,J,N,Kunder med bare sparekonto         ,N,N,N,N,N,N,N,N,N,N,N
1801,28085100108,P,11110,Petrine Harald                     ,Lassen                             ,N,N,N,J,N,Kunder med bare sparekonto         ,N,N,N,N,N,N,N,N,N,N,N
1801,09036506684,P,31110,Gregor Sana                        ,Pollestad                          ,N,N,N,J,N,Kunder med bare sparekonto         ,N,N,N,N,N,N,N,N,N,N,N
1801,30114418478,P,73110,Kristofer Eirin                    ,Klavenes                           ,N,N,N,J,N,Kunder med bare sparekonto         ,N,N,N,N,N,N,N,N,N,N,N
1801,13099724611,P,36500,Thilde Ricardo                     ,Guldberg                           ,N,J,N,J,N,Kunder med bare sparekonto         ,N,N,N,N,N,N,N,N,N,N,N
1801,06067605711,P,35000,Iben Signe                         ,Rinden                             ,N,J,N,N,N,Kunder med bare sparekonto         ,N,N,N,N,N,N,N,N,N,N,N
1801,07024201044,P,71110,Katinka Thormod                    ,Nordnes                            ,N,J,N,J,N,Kunder med bare sparekonto         ,N,N,N,N,N,N,N,N,N,N,N
1801,19118113430,P,71110,Pablo Alis                         ,Stiansen                           ,N,J,N,J,N,Kunder med bare sparekonto         ,N,N,N,N,N,N,N,N,N,N,N
1801,13110005509,P,35000,Jorge Gina                         ,Reite                              ,N,N,N,J,N,Kunder med bare sparekonto         ,N,N,N,N,N,N,N,N,N,N,N
1801,19105218020,P,26110,Lydia Marius                       ,Løset                              ,N,J,J,J,N,Kunder med bare sparekonto         ,N,N,N,N,N,N,N,N,N,N,N
1801,01128615977,P,35050,Siw Njål                           ,Thomassen                          ,N,N,N,J,N,Kunder med bare sparekonto         ,N,N,N,N,N,N,N,N,N,N,N
1801,01044408534,P,35000,Halvar Michelle                    ,Osmundsen                          ,N,N,N,J,N,Kunder med bare sparekonto         ,N,N,N,N,N,N,N,N,N,N,N
1801,12095903469,P,73110,Gunlaug Asbjørn                    ,Braaten                            ,N,J,N,N,N,Kunder med bare sparekonto         ,N,N,N,N,N,N,N,N,N,N,N
1801,28068808768,P,36400,Vera Odd-Arne                      ,Vevang                             ,N,N,N,J,N,Kunder med bare sparekonto         ,N,N,N,N,N,N,N,N,N,N,N
1801,21117315786,P,52110,Hroar Elizabeth                    ,Smeland                            ,N,N,N,J,N,Kunder med bare sparekonto         ,N,N,N,N,N,N,N,N,N,N,N
1801,22024408888,P,35100,Yassin Reidunn                     ,Rognmo                             ,N,J,N,N,N,Kunder med bare sparekonto         ,N,N,N,N,N,N,N,N,N,N,N
1801,07013606824,P,16110,Ann-Kathrin Fabio                  ,Skorpen                            ,N,J,J,J,N,Kunder med bare sparekonto         ,N,N,N,N,N,N,N,N,N,N,N
1801,10029208757,P,71110,Mario Eva                          ,Fure                               ,N,N,N,J,N,Kunder med bare sparekonto         ,N,N,N,N,N,N,N,N,N,N,N
1801,28010137960,P,19110,Cathrin Frank                      ,Monstad                            ,N,N,N,J,N,Kunder med bare sparekonto         ,N,N,N,N,N,N,N,N,N,N,N
1801,19027194764,P,76110,Halldis Emilio                     ,Grøtan                             ,N,N,N,J,N,Kunder med bare sparekonto         ,N,N,N,N,N,N,N,N,N,N,N
1801,31039655678,P,56110,Asif Torun                         ,Gjelstad                           ,N,N,N,J,N,Kunder med bare sparekonto         ,N,N,N,N,N,N,N,N,N,N,N
1801,11124121215,P,11110,Ahmet Herbjørg                     ,Stene                              ,N,N,N,J,N,Kunder med bare sparekonto         ,N,N,N,N,N,N,N,N,N,N,N
1801,13124134131,P,76110,Jafar Alida                        ,Olaussen                           ,N,N,N,J,N,Kunder med bare sparekonto         ,N,N,N,N,N,N,N,N,N,N,N
1801,25078521735,P,35000,Milly Francisco                    ,Sandvold                           ,N,N,N,J,N,Kunder med bare sparekonto         ,N,N,N,N,N,N,N,N,N,N,N
1801,19055814883,P,46110,Yohannes Magny                     ,Lynum                              ,N,J,N,N,N,Kunder med bare sparekonto         ,N,N,N,N,N,N,N,N,N,N,N
1801,20129018454,P,67248,Bettina Dmitri                     ,Hjelseth                           ,N,N,N,N,N,Kunder med bare sparekonto         ,N,N,N,N,N,N,N,N,N,N,N
1801,17128956840,P,13110,Thelma Sune                        ,Voll                               ,N,N,N,J,N,Kunder med bare sparekonto         ,N,N,N,N,N,N,N,N,N,N,N
1801,08034414115,P,18110,Edgar Egle                         ,Qvale                              ,N,J,N,J,N,Kunder med bare sparekonto         ,N,N,N,N,N,N,N,N,N,N,N
1801,09104506272,P,52110,Edward Thorbjørg                   ,Hynne                              ,N,J,N,J,N,Kunder med bare sparekonto         ,N,N,N,N,N,N,N,N,N,N,N
1801,25057110816,P,35500,Mina Torbjørn                      ,Kiil                               ,N,N,N,J,N,Kunder med bare sparekonto         ,N,N,N,N,N,N,N,N,N,N,N
1801,11014605187,P,35000,Fanny Birger                       ,Nesbø                              ,N,N,N,J,N,Kunder med bare sparekonto         ,N,N,N,N,N,N,N,N,N,N,N
1801,16023921271,P,36400,Seline Kenny                       ,Fredheim                           ,N,N,N,J,N,Kunder med bare sparekonto         ,N,N,N,N,N,N,N,N,N,N,N
1801,28010070408,P,35000,Ole-Morten Sine                    ,Ravn                               ,N,N,N,N,N,Kunder med bare sparekonto         ,N,N,N,N,N,N,N,N,N,N,N
1801,12118907645,P,47110,Mussie Linn-Therese                ,Rise                               ,N,N,N,N,N,Kunder med bare sparekonto         ,N,N,N,N,N,N,N,N,N,N,N
1801,18074302161,P,35400,Ava Berge                          ,Gaup                               ,N,N,N,J,N,Kunder med bare sparekonto         ,N,N,N,N,N,N,N,N,N,N,N
1801,08018202566,P,35500,Torborg Ramin                      ,Goa                                ,N,N,N,J,N,Kunder med bare sparekonto         ,N,N,N,N,N,N,N,N,N,N,N
1801,14065914647,P,11110,Torunn Biniam                      ,Heggheim                           ,N,J,J,J,N,Kunder med bare sparekonto         ,N,N,N,N,N,N,N,N,N,N,N
1801,01119205626,P,19110,Karina Kenny                       ,Theodorsen                         ,N,N,N,J,N,Kunder med bare sparekonto         ,N,N,N,N,N,N,N,N,N,N,N
1801,12117719225,P,36110,Stener Lin                         ,Herigstad                          ,N,N,N,J,N,Kunder med bare sparekonto         ,N,N,N,N,N,N,N,N,N,N,N
1801,04036501540,P,11110,Alia Marcos                        ,Risnes                             ,N,N,N,J,N,Kunder med bare sparekonto         ,N,N,N,N,N,N,N,N,N,N,N
1801,09039861388,P,35100,Ivana Sindre                       ,Dyrnes                             ,N,N,N,N,N,Kunder med bare sparekonto         ,N,N,N,N,N,N,N,N,N,N,N
1801,04075016013,P,21110,Ingmar Anne-Grethe                 ,Meyer                              ,N,N,N,J,N,Kunder med bare sparekonto         ,N,N,N,N,N,N,N,N,N,N,N
1801,08010213720,P,35000,Donatas Ronja                      ,Asghar                             ,N,N,N,J,N,Kunder med bare sparekonto         ,N,N,N,N,N,N,N,N,N,N,N
1801,24049100376,P,35100,Paal Fariba                        ,Rongved                            ,N,N,N,J,N,Kunder med bare sparekonto         ,N,N,N,N,N,N,N,N,N,N,N
1801,06093805982,P,37200,Brian Karla                        ,Sørheim                            ,N,N,N,J,N,Kunder med bare sparekonto         ,N,N,N,N,N,N,N,N,N,N,N
1801,29044213441,P,13110,Lars-Kristian Konstanse            ,Bertheussen                        ,N,N,N,J,N,Kunder med bare sparekonto         ,N,N,N,N,N,N,N,N,N,N,N
1801,14020479281,P,31110,Yohannes Sigridur                  ,Andorsen                           ,N,N,N,J,N,Kunder med bare sparekonto         ,N,N,N,N,N,N,N,N,N,N,N
1801,16127416676,P,35000,Isaac Eliza                        ,Abraham                            ,N,N,N,J,N,Kunder med bare sparekonto         ,N,N,N,N,N,N,N,N,N,N,N
1801,13066956940,P,35000,Polina Sinisa                      ,Haugseth                           ,N,N,N,J,N,Kunder med bare sparekonto         ,N,N,N,N,N,N,N,N,N,N,N
1801,19117408550,P,71110,Justas Vilja                       ,Hestvik                            ,N,J,N,J,N,Kunder med bare sparekonto         ,N,N,N,N,N,N,N,N,N,N,N
1801,24098113327,P,26110,Jens Ylva                          ,Fedje                              ,N,N,N,J,N,Kunder med bare sparekonto         ,N,N,N,N,N,N,N,N,N,N,N
1801,08109922766,P,67248,Joar Ilona                         ,Engelstad                          ,N,N,N,J,N,Kunder med bare sparekonto         ,N,N,N,N,N,N,N,N,N,N,N
1801,23105104677,P,47110,Denis Simona                       ,Dalheim                            ,N,J,N,J,N,Kunder med bare sparekonto         ,N,N,N,N,N,N,N,N,N,N,N
1801,15010206445,P,35400,Siv-Anita Bjørge                   ,Afzal                              ,N,N,N,J,N,Kunder med bare sparekonto         ,N,N,N,N,N,N,N,N,N,N,N
1801,10059707928,P,35400,Wencke Harald                      ,Børresen                           ,N,N,N,J,N,Kunder med bare sparekonto         ,N,N,N,N,N,N,N,N,N,N,N
1801,25038423412,P,35000,Lilly Lars-Erik                    ,Gjersøe                            ,N,N,N,J,N,Kunder med bare sparekonto         ,N,N,N,N,N,N,N,N,N,N,N
1801,08128700316,P,35400,Hamed Ingelin                      ,Hellebust                          ,N,N,N,N,N,Kunder med bare sparekonto         ,N,N,N,N,N,N,N,N,N,N,N
1801,20049012706,P,35000,Arnulf Katinka                     ,Gaup                               ,N,N,N,N,N,Kunder med bare sparekonto         ,N,N,N,N,N,N,N,N,N,N,N
1801,22129420859,P,11110,Ole-Morten Anh                     ,Vevang                             ,N,N,N,J,N,Kunder med bare sparekonto         ,N,N,N,N,N,N,N,N,N,N,N
1801,05045901787,P,71110,Elke Mindaugas                     ,Hjelseth                           ,N,N,N,J,N,Kunder med bare sparekonto         ,N,N,N,N,N,N,N,N,N,N,N
1801,18074707889,P,21110,Bertha Bjørn-Inge                  ,Nymark                             ,N,N,N,J,N,Kunder med bare sparekonto         ,N,N,N,N,N,N,N,N,N,N,N
1801,19068505707,P,37200,Hermine Jack                       ,Hausken                            ,N,N,N,J,N,Kunder med bare sparekonto         ,N,N,N,N,N,N,N,N,N,N,N
1801,20029611867,P,35400,Ausra Ivar                         ,Nuur                               ,N,J,J,J,N,Kunder med bare sparekonto         ,N,N,N,N,N,N,N,N,N,N,N
1801,01109401818,P,67248,Ulrika Ivar                        ,Kowalczyk                          ,N,N,N,J,N,Kunder med bare sparekonto         ,N,N,N,N,N,N,N,N,N,N,N
1801,18098604894,P,35000,Agathe Jorulf                      ,Reigstad                           ,N,J,N,N,N,Kunder med bare sparekonto         ,N,N,N,N,N,N,N,N,N,N,N
1801,29059705162,P,36300,Shabana Rachid                     ,Langseth                           ,N,N,N,N,N,Kunder med bare sparekonto         ,N,N,N,N,N,N,N,N,N,N,N
1801,23010018137,P,19110,Maksim Aslaug                      ,Rosenvinge                         ,N,N,N,J,N,Kunder med bare sparekonto         ,N,N,N,N,N,N,N,N,N,N,N
1801,26129403240,P,16110,Gordon Jenny                       ,Brøndbo                            ,N,N,N,J,N,Kunder med bare sparekonto         ,N,N,N,N,N,N,N,N,N,N,N
1801,17028306792,P,46110,Tor-Inge Alvilde                   ,Hjelmeland                         ,N,N,N,J,N,Kunder med bare sparekonto         ,N,N,N,N,N,N,N,N,N,N,N
1801,16029357912,P,35900,Ine Jan-Roger                      ,Schøyen                            ,N,N,N,J,N,Kunder med bare sparekonto         ,N,N,N,N,N,N,N,N,N,N,N
1801,08017615611,P,11110,Nerijus Marlin                     ,Rogstad                            ,N,N,N,N,N,Kunder med bare sparekonto         ,N,N,N,N,N,N,N,N,N,N,N
1801,03077014453,P,35000,Gunnvor Dani                       ,Vigdal                             ,N,N,N,J,N,Kunder med bare sparekonto         ,N,N,N,N,N,N,N,N,N,N,N
1801,30048306841,P,36300,Ahmed Sheila                       ,Bakkerud                           ,N,N,N,J,N,Kunder med bare sparekonto         ,N,N,N,N,N,N,N,N,N,N,N
1801,17079407585,P,35100,Raja Molly                         ,Svensson                           ,N,N,N,J,N,Kunder med bare sparekonto         ,N,N,N,N,N,N,N,N,N,N,N
1801,31086512443,P,35500,Andre Sabina                       ,Taule                              ,N,N,N,N,N,Kunder med bare sparekonto         ,N,N,N,N,N,N,N,N,N,N,N
1801,10065500480,P,57110,Yosef Eve                          ,Nordgaard                          ,N,J,N,J,N,Kunder med bare sparekonto         ,N,N,N,N,N,N,N,N,N,N,N
1801,01037101679,P,26110,Amela Benn                         ,Vevang                             ,N,J,J,J,N,Kunder med bare sparekonto         ,N,N,N,N,N,N,N,N,N,N,N
1801,13070056822,P,71110,Ahmet My                           ,Lillevik                           ,N,N,N,J,N,Kunder med bare sparekonto         ,N,N,N,N,N,N,N,N,N,N,N
1801,24119419359,P,11110,Shabana Milian                     ,Brænden                            ,N,N,N,J,N,Kunder med bare sparekonto         ,N,N,N,N,N,N,N,N,N,N,N
1801,14129823381,P,36400,Olle Fartun                        ,Mikkelborg                         ,N,N,N,J,N,Kunder med bare sparekonto         ,N,N,N,N,N,N,N,N,N,N,N
1801,12085204155,P,36500,Ståle Gurli                        ,Myreng                             ,N,N,N,J,N,Kunder med bare sparekonto         ,N,N,N,N,N,N,N,N,N,N,N
1801,03055815339,P,31250,Aadne Petra                        ,Sandbæk                            ,N,J,N,J,N,Kunder med bare sparekonto         ,N,N,N,N,N,N,N,N,N,N,N
1801,22087710541,P,58110,Ib Annelise                        ,Myrstad                            ,N,J,N,J,N,Kunder med bare sparekonto         ,N,N,N,N,N,N,N,N,N,N,N
1801,24054408311,P,31110,Knut-Erik Thanh                    ,Tyldum                             ,N,N,N,J,N,Kunder med bare sparekonto         ,N,N,N,N,N,N,N,N,N,N,N
1801,22098610034,P,35900,Monica Bent                        ,Engebakken                         ,N,N,N,N,N,Kunder med bare sparekonto         ,N,N,N,N,N,N,N,N,N,N,N
1801,22049404291,P,16110,Vebjørn Jill                       ,Wold                               ,N,N,N,J,N,Kunder med bare sparekonto         ,N,N,N,N,N,N,N,N,N,N,N
1801,28109608752,P,67248,Bibbi Berge                        ,Aanonsen                           ,N,N,N,J,N,Kunder med bare sparekonto         ,N,N,N,N,N,N,N,N,N,N,N
1801,03075802470,P,76110,Solveig Danny                      ,Gregersen                          ,N,N,N,J,N,Kunder med bare sparekonto         ,N,N,N,N,N,N,N,N,N,N,N
1801,02013827276,P,37200,Marcel Frøya                       ,Thorgersen                         ,N,N,N,J,N,Kunder med bare sparekonto         ,N,N,N,N,N,N,N,N,N,N,N
1801,08049413190,P,67223,Heidi Roald                        ,Strømme                            ,N,N,N,J,N,Kunder med bare sparekonto         ,N,N,N,N,N,N,N,N,N,N,N
1801,15018107233,P,67248,Aslak Margreta                     ,Nystad                             ,N,N,N,J,N,Kunder med bare sparekonto         ,N,N,N,N,N,N,N,N,N,N,N
1801,20019116345,P,36400,Mihaela Jorulf                     ,Gjerstad                           ,N,N,N,J,N,Kunder med bare sparekonto         ,N,N,N,N,N,N,N,N,N,N,N
1801,27119400657,P,73110,Jan-Fredrik Katalin                ,Lillevik                           ,N,N,N,J,N,Kunder med bare sparekonto         ,N,N,N,N,N,N,N,N,N,N,N
1801,27114821247,P,36400,Nils Ljiljana                      ,Jama                               ,N,N,N,J,N,Kunder med bare sparekonto         ,N,N,N,N,N,N,N,N,N,N,N
1801,26120581995,P,67248,Ibrahim Margrethe                  ,Bruheim                            ,N,N,N,N,N,Kunder med bare sparekonto         ,N,N,N,N,N,N,N,N,N,N,N
1801,14115412206,P,36400,Mantas Bianca                      ,Rui                                ,N,N,N,N,N,Kunder med bare sparekonto         ,N,N,N,N,N,N,N,N,N,N,N
1801,12020017161,P,76110,Hallgeir Giske                     ,Røsten                             ,N,N,N,J,N,Kunder med bare sparekonto         ,N,N,N,N,N,N,N,N,N,N,N
1801,25117105213,P,36300,Karstein Alva                      ,Arnestad                           ,N,N,N,J,N,Kunder med bare sparekonto         ,N,N,N,N,N,N,N,N,N,N,N
1801,31079422056,P,35000,Rigmor Angel                       ,Vadseth                            ,N,N,N,N,N,Kunder med bare sparekonto         ,N,N,N,N,N,N,N,N,N,N,N
1801,23054905068,P,31110,Jannecke Mika                      ,Stange                             ,N,J,N,J,N,Kunder med bare sparekonto         ,N,N,N,N,N,N,N,N,N,N,N
1801,18087903601,P,35000,Gitte Frederik                     ,Knarvik                            ,N,N,N,J,N,Kunder med bare sparekonto         ,N,N,N,N,N,N,N,N,N,N,N
1801,04129723047,P,73110,Milena Gheorghe                    ,Dinh                               ,N,N,N,J,N,Kunder med bare sparekonto         ,N,N,N,N,N,N,N,N,N,N,N
1801,17107304711,P,21110,Frithjof Kristina                  ,Pedersen                           ,N,N,N,N,N,Kunder med bare sparekonto         ,N,N,N,N,N,N,N,N,N,N,N
