1801,04040406013,P,31110,Ingo Ann-Cathrin                   ,Ingvaldsen                         ,N,N,N,J,N,KUNDER MED KREDITTKORT             ,N,N,N,N,N,N,N,N,N,N,N
1801,06076218739,P,31110,Danuta Frederik                    ,Rikardsen                          ,N,N,N,J,N,KUNDER MED KREDITTKORT             ,N,N,N,N,N,N,N,N,N,N,N
1801,13107213176,P,36800,Gertrud Nicolae                    ,Granly                             ,N,J,N,J,N,KUNDER MED KREDITTKORT             ,N,N,N,N,N,N,N,N,N,N,N
1801,24106712863,P,36300,Ahmed Liva                         ,Gaard                              ,N,N,N,J,N,KUNDER MED KREDITTKORT             ,N,N,N,N,N,N,N,N,N,N,N
1801,06047416122,P,37400,Karwan Shirley                     ,Haaland                            ,N,N,N,J,N,KUNDER MED KREDITTKORT             ,N,N,N,N,N,N,N,N,N,N,N
1801,24108004246,P,71110,Ann-Iren Ionut                     ,Skogsrud                           ,N,J,N,J,N,KUNDER MED KREDITTKORT             ,N,N,N,N,N,N,N,N,N,N,N
1801,13038208483,P,35100,Victor Anni                        ,Evjen                              ,N,J,J,J,N,KUNDER MED KREDITTKORT             ,N,N,N,N,N,N,N,N,N,N,N
1801,15079210045,P,41110,Bettina Dmitri                     ,Egeberg                            ,N,N,N,J,N,KUNDER MED KREDITTKORT             ,N,N,N,N,N,N,N,N,N,N,N
1801,06098308138,P,13110,Eliza Rudi                         ,Hansen                             ,N,N,J,J,N,KUNDER MED KREDITTKORT             ,N,N,N,N,N,N,N,N,N,N,N
1801,30047004183,P,71110,Elsebeth Donald                    ,Lysgård                            ,N,J,N,J,N,KUNDER MED KREDITTKORT             ,N,N,N,N,N,N,N,N,N,N,N
1801,24068816501,P,76110,Dorthea Johnny                     ,Løvland                            ,N,N,J,J,N,KUNDER MED KREDITTKORT             ,N,N,N,N,N,N,N,N,N,N,N
1801,13115507979,P,71110,Mehmed Lill                        ,Warholm                            ,N,J,N,J,N,KUNDER MED KREDITTKORT             ,N,N,N,N,N,N,N,N,N,N,N
1801,23085217194,P,35900,Ann-Katrin Dovydas                 ,Paulsrud                           ,N,J,N,J,N,KUNDER MED KREDITTKORT             ,N,N,N,N,N,N,N,N,N,N,N
1801,15066310415,P,36500,Olina Saad                         ,Bjørgo                             ,N,N,N,J,N,KUNDER MED KREDITTKORT             ,N,N,N,N,N,N,N,N,N,N,N
1801,13055108115,P,35000,Berly Dean                         ,Olsnes                             ,J,N,N,J,N,KUNDER MED KREDITTKORT             ,N,N,N,N,N,N,N,N,N,N,N
1801,24026811941,P,67204,Kristofer Danuta                   ,Andorsen                           ,N,N,N,J,N,KUNDER MED KREDITTKORT             ,N,N,N,N,N,N,N,N,N,N,N
1801,01019900556,P,17110,Mariana Jan-Roger                  ,Lyng                               ,N,N,N,J,N,KUNDER MED KREDITTKORT             ,N,N,N,N,N,N,N,N,N,N,N
1801,16128509376,P,16110,Åsne Alv                           ,Schanche                           ,N,N,N,J,N,KUNDER MED KREDITTKORT             ,N,N,N,N,N,N,N,N,N,N,N
1801,22127601198,P,19110,Olle Laila                         ,Bergli                             ,N,N,N,J,N,KUNDER MED KREDITTKORT             ,N,N,N,N,N,N,N,N,N,N,N
1801,10088912069,P,73110,Shazia Mindaugas                   ,Nekstad                            ,N,N,N,J,N,KUNDER MED KREDITTKORT             ,N,N,N,N,N,N,N,N,N,N,N
1801,07087109849,P,35000,Amanda Joakim                      ,Hynne                              ,J,N,N,J,N,KUNDER MED KREDITTKORT             ,N,N,N,N,N,N,N,N,N,N,N
1801,22099314102,P,11110,Franz Ausra                        ,Englund                            ,N,N,N,J,N,KUNDER MED KREDITTKORT             ,N,N,N,N,N,N,N,N,N,N,N
1801,06030314547,P,11110,Joacim Fay                         ,Fjermestad                         ,N,N,N,J,N,KUNDER MED KREDITTKORT             ,N,N,N,N,N,N,N,N,N,N,N
1801,01124105745,P,21110,Anbjørg Jack                       ,Dyrseth                            ,N,N,N,J,N,KUNDER MED KREDITTKORT             ,N,N,N,N,N,N,N,N,N,N,N
1801,19059166460,P,34013,Rodney Sigridur                    ,Harestad                           ,N,N,N,J,N,KUNDER MED KREDITTKORT             ,N,N,N,N,N,N,N,N,N,N,N
1801,02027305248,P,16110,Valter Janny                       ,Breistein                          ,N,J,J,J,N,KUNDER MED KREDITTKORT             ,N,N,N,N,N,N,N,N,N,N,N
1801,24037307854,P,35500,Aisha Adem                         ,Røst                               ,N,N,J,J,N,KUNDER MED KREDITTKORT             ,N,N,N,N,N,N,N,N,N,N,N
1801,26115808450,P,35000,Olina Gudbrand                     ,Hjortland                          ,J,J,J,J,N,KUNDER MED KREDITTKORT             ,N,N,N,N,N,N,N,N,N,N,N
1801,02099517592,P,16110,Ingve Carita                       ,Smedstad                           ,N,N,N,J,N,KUNDER MED KREDITTKORT             ,N,N,N,N,N,N,N,N,N,N,N
1801,25129728771,P,35000,Danielle Dmitri                    ,Frøland                            ,N,N,N,J,N,KUNDER MED KREDITTKORT             ,N,N,N,N,N,N,N,N,N,N,N
1801,17066790983,P,31110,Naima Eduard                       ,Vårdal                             ,N,N,N,J,N,KUNDER MED KREDITTKORT             ,N,N,N,N,N,N,N,N,N,N,N
1801,02040075812,P,57110,Halvar Deborah                     ,Otnes                              ,N,N,N,J,N,KUNDER MED KREDITTKORT             ,N,N,N,N,N,N,N,N,N,N,N
1801,30058514906,P,16110,Audrius Wigdis                     ,Lundgård                           ,N,N,N,J,N,KUNDER MED KREDITTKORT             ,N,N,N,N,N,N,N,N,N,N,N
1801,30086309307,P,16110,Ingebjørg Vilius                   ,Valla                              ,N,N,N,J,N,KUNDER MED KREDITTKORT             ,N,N,N,N,N,N,N,N,N,N,N
1801,02056007329,P,71110,Shahnaz Staffan                    ,Petterson                          ,N,J,N,J,N,KUNDER MED KREDITTKORT             ,N,N,N,N,N,N,N,N,N,N,N
1801,02036310971,P,76110,Renee Stig                         ,Lilleby                            ,N,N,N,J,N,KUNDER MED KREDITTKORT             ,N,N,N,N,N,N,N,N,N,N,N
1801,20058508994,P,35500,Anne-Cathrine Kolbein              ,Kydland                            ,N,N,N,J,N,KUNDER MED KREDITTKORT             ,N,N,N,N,N,N,N,N,N,N,N
1801,05076404323,P,58230,Bibbi Kenny                        ,Solhaug                            ,N,N,N,J,N,KUNDER MED KREDITTKORT             ,N,N,N,N,N,N,N,N,N,N,N
1801,20035510363,P,35100,Gertrud Nicolae                    ,Myran                              ,J,N,N,J,N,KUNDER MED KREDITTKORT             ,N,N,N,N,N,N,N,N,N,N,N
1801,15018713451,P,35000,Saima Søren                        ,Teige                              ,N,N,N,J,N,KUNDER MED KREDITTKORT             ,N,N,N,N,N,N,N,N,N,N,N
1801,07054916676,P,21110,Edgar Irena                        ,Elde                               ,N,J,N,J,N,KUNDER MED KREDITTKORT             ,N,N,N,N,N,N,N,N,N,N,N
1801,15107402087,P,35900,Mindor Guri                        ,Surdal                             ,N,J,J,J,N,KUNDER MED KREDITTKORT             ,N,N,N,N,N,N,N,N,N,N,N
1801,03018014199,P,21110,Biniam Fatemeh                     ,Vaa                                ,N,N,N,J,N,KUNDER MED KREDITTKORT             ,N,N,N,N,N,N,N,N,N,N,N
1801,18019912988,P,19110,Sana Kim-Andre                     ,Gram                               ,N,N,N,J,N,KUNDER MED KREDITTKORT             ,N,N,N,N,N,N,N,N,N,N,N
1801,05126002418,P,31110,Sigrunn Styrk                      ,Mikalsen                           ,N,N,N,J,N,KUNDER MED KREDITTKORT             ,N,N,N,N,N,N,N,N,N,N,N
1801,09095413258,P,71110,Mantas Bianca                      ,Granli                             ,N,N,N,J,N,KUNDER MED KREDITTKORT             ,N,N,N,N,N,N,N,N,N,N,N
1801,25036114587,B,56230,May-Kristin Joakim                 ,Evanger                            ,N,N,N,J,N,KUNDER MED KREDITTKORT             ,N,N,N,N,N,N,N,N,N,N,N
1801,02114813934,P,35000,Anstein Åste                       ,Hodne                              ,N,N,N,J,N,KUNDER MED KREDITTKORT             ,N,N,N,N,N,N,N,N,N,N,N
1801,26057421664,P,14110,Maj Laimonas                       ,Løvberg                            ,N,N,N,J,N,KUNDER MED KREDITTKORT             ,N,N,N,N,N,N,N,N,N,N,N
1801,08047404712,P,71110,Franz Ada                          ,Stokke                             ,N,J,N,J,N,KUNDER MED KREDITTKORT             ,N,N,N,N,N,N,N,N,N,N,N
1801,25088702010,P,74110,Torkell Astrid                     ,Åsheim                             ,N,J,N,J,N,KUNDER MED KREDITTKORT             ,N,N,N,N,N,N,N,N,N,N,N
1801,15056910007,P,31110,Anke Francisco                     ,Opheim                             ,N,N,N,J,N,KUNDER MED KREDITTKORT             ,N,N,N,N,N,N,N,N,N,N,N
1801,28086505500,P,19110,Hellen Mehran                      ,Guldberg                           ,N,N,N,J,N,KUNDER MED KREDITTKORT             ,N,N,N,N,N,N,N,N,N,N,N
1801,07054215422,P,21110,Berthe Borger                      ,Lium                               ,N,N,N,J,N,KUNDER MED KREDITTKORT             ,N,N,N,N,N,N,N,N,N,N,N
1801,13047011226,P,73110,Asmund Tetiana                     ,Rosenberg                          ,N,N,N,J,N,KUNDER MED KREDITTKORT             ,N,N,N,N,N,N,N,N,N,N,N
1801,22100434990,P,31110,Carine Gard                        ,Bøhmer                             ,N,N,N,J,N,KUNDER MED KREDITTKORT             ,N,N,N,N,N,N,N,N,N,N,N
1801,16107117265,P,11110,Joanne Hallgeir                    ,Nordnes                            ,N,J,N,J,N,KUNDER MED KREDITTKORT             ,N,N,N,N,N,N,N,N,N,N,N
1801,01099760288,P,67248,Weronica Vegar                     ,Løberg                             ,N,N,N,J,N,KUNDER MED KREDITTKORT             ,N,N,N,N,N,N,N,N,N,N,N
1801,26028015517,P,35100,Ava Jorulf                         ,Sandven                            ,N,N,N,J,N,KUNDER MED KREDITTKORT             ,N,N,N,N,N,N,N,N,N,N,N
1801,14038411277,P,13110,Alexandre Ambjørg                  ,Vevang                             ,N,J,N,J,N,KUNDER MED KREDITTKORT             ,N,N,N,N,N,N,N,N,N,N,N
1801,25024714031,P,31110,Galina Staffan                     ,Amlie                              ,N,J,N,N,N,KUNDER MED KREDITTKORT             ,N,N,N,N,N,N,N,N,N,N,N
1801,17119401984,P,16110,Tilde Roald                        ,Eldevik                            ,N,N,N,J,N,KUNDER MED KREDITTKORT             ,N,N,N,N,N,N,N,N,N,N,N
1801,08029209643,P,35000,Iryna Mieczyslaw                   ,Husevåg                            ,N,N,N,J,N,KUNDER MED KREDITTKORT             ,N,N,N,N,N,N,N,N,N,N,N
1801,09117316863,P,21110,Janny Sturla                       ,Holmøy                             ,N,N,N,J,N,KUNDER MED KREDITTKORT             ,N,N,N,N,N,N,N,N,N,N,N
1801,08018414490,P,56110,Borgny Audun                       ,Kidane                             ,N,J,N,J,N,KUNDER MED KREDITTKORT             ,N,N,N,N,N,N,N,N,N,N,N
1801,21015606727,P,36500,Elke Mindaugas                     ,Osmundsen                          ,N,N,N,J,N,KUNDER MED KREDITTKORT             ,N,N,N,N,N,N,N,N,N,N,N
1801,04069201976,P,73110,Gordon Milena                      ,Stuen                              ,N,N,N,J,N,KUNDER MED KREDITTKORT             ,N,N,N,N,N,N,N,N,N,N,N
1801,20040141120,P,35400,Andrej Fatma                       ,Åsheim                             ,N,N,N,J,N,KUNDER MED KREDITTKORT             ,N,N,N,N,N,N,N,N,N,N,N
1801,20089261423,P,21110,Kristofer Maya                     ,Holmberg                           ,N,J,N,J,N,KUNDER MED KREDITTKORT             ,N,N,N,N,N,N,N,N,N,N,N
1801,13060476831,P,14110,Torodd Solvår                      ,Stornes                            ,N,N,N,J,N,KUNDER MED KREDITTKORT             ,N,N,N,N,N,N,N,N,N,N,N
1801,04080277046,P,36400,Lone Sture                         ,Arntzen                            ,N,N,N,J,N,KUNDER MED KREDITTKORT             ,N,N,N,N,N,N,N,N,N,N,N
1801,20096902272,P,13110,Ramona Ivo                         ,Hjelseth                           ,N,N,N,J,N,KUNDER MED KREDITTKORT             ,N,N,N,N,N,N,N,N,N,N,N
1801,03095212084,P,11110,Rizwan Edda                        ,Leirvik                            ,J,N,N,J,N,KUNDER MED KREDITTKORT             ,N,N,N,N,N,N,N,N,N,N,N
1801,12036913752,P,35900,Kai Bjørg                          ,Kvande                             ,N,N,N,J,N,KUNDER MED KREDITTKORT             ,N,N,N,N,N,N,N,N,N,N,N
1801,31085701196,P,76110,Ståle Gurli                        ,Øiestad                            ,N,N,J,J,N,KUNDER MED KREDITTKORT             ,N,N,N,N,N,N,N,N,N,N,N
1801,07017904293,P,51110,Borger Jannecke                    ,Le                                 ,N,J,J,J,N,KUNDER MED KREDITTKORT             ,N,N,N,N,N,N,N,N,N,N,N
1801,25028510090,P,35500,Julio Claudia                      ,Falkenberg                         ,N,N,N,J,N,KUNDER MED KREDITTKORT             ,N,N,N,N,N,N,N,N,N,N,N
1801,27125914794,P,31110,Cristina Francisco                 ,Vårdal                             ,N,N,N,J,N,KUNDER MED KREDITTKORT             ,N,N,N,N,N,N,N,N,N,N,N
1801,09067409466,P,19110,Heidi Jann                         ,Hannestad                          ,N,J,N,J,N,KUNDER MED KREDITTKORT             ,N,N,N,N,N,N,N,N,N,N,N
1801,19077513135,P,35500,Audrius Molly                      ,Osmundsen                          ,N,J,N,J,N,KUNDER MED KREDITTKORT             ,N,N,N,N,N,N,N,N,N,N,N
1801,29059719570,P,14110,Ariane Melvin                      ,Tollefsen                          ,N,N,N,J,N,KUNDER MED KREDITTKORT             ,N,N,N,N,N,N,N,N,N,N,N
1801,11059203799,P,36500,Mattis Belinda                     ,Høivik                             ,N,N,N,J,N,KUNDER MED KREDITTKORT             ,N,N,N,N,N,N,N,N,N,N,N
1801,21036702300,P,36800,Patric Margaret                    ,Engstad                            ,N,N,N,J,N,KUNDER MED KREDITTKORT             ,N,N,N,N,N,N,N,N,N,N,N
1801,18089701100,P,13110,Liudmila Kenny                     ,Løvlie                             ,N,N,N,J,N,KUNDER MED KREDITTKORT             ,N,N,N,N,N,N,N,N,N,N,N
1801,19047503445,P,35000,Vanja Hans                         ,Frogner                            ,N,N,N,J,N,KUNDER MED KREDITTKORT             ,N,N,N,N,N,N,N,N,N,N,N
1801,30059553859,B,35000,Jorge Beatrice                     ,Linde                              ,J,N,N,J,N,KUNDER MED KREDITTKORT             ,N,N,N,N,N,N,N,N,N,N,N
1801,27108009735,P,31110,Ib Annelise                        ,Bjørgen                            ,N,J,N,J,N,KUNDER MED KREDITTKORT             ,N,N,N,N,N,N,N,N,N,N,N
1801,13075609226,P,35100,Tore May-Kristin                   ,Tonstad                            ,N,J,N,J,N,KUNDER MED KREDITTKORT             ,N,N,N,N,N,N,N,N,N,N,N
1801,26069664317,P,13110,Shahzad Edita                      ,Iversen                            ,N,J,J,J,N,KUNDER MED KREDITTKORT             ,N,N,N,N,N,N,N,N,N,N,N
1801,11089110906,P,11110,Halvar Mariya                      ,Hoff                               ,N,N,N,J,N,KUNDER MED KREDITTKORT             ,N,N,N,N,N,N,N,N,N,N,N
1801,24055302487,P,41110,Leni Søren                         ,Fardal                             ,N,J,J,J,N,KUNDER MED KREDITTKORT             ,N,N,N,N,N,N,N,N,N,N,N
1801,08030322143,P,31110,Senait Bastian                     ,Monstad                            ,N,N,N,J,N,KUNDER MED KREDITTKORT             ,N,N,N,N,N,N,N,N,N,N,N
1801,01057900055,P,36400,Antonia Mathis                     ,Skålevik                           ,J,J,N,J,N,KUNDER MED KREDITTKORT             ,N,N,N,N,N,N,N,N,N,N,N
1801,07030522812,P,73110,Janne Styrk                        ,Almli                              ,N,N,N,J,N,KUNDER MED KREDITTKORT             ,N,N,N,N,N,N,N,N,N,N,N
1801,05124729310,P,16110,Jekaterina Pieter                  ,Bu                                 ,N,J,N,J,N,KUNDER MED KREDITTKORT             ,N,N,N,N,N,N,N,N,N,N,N
1801,19089365336,P,41110,Rino Mia                           ,Vevang                             ,N,N,N,J,N,KUNDER MED KREDITTKORT             ,N,N,N,N,N,N,N,N,N,N,N
1801,23078911182,P,35000,Alvhild Pawel                      ,Grøndahl                           ,N,N,J,J,N,KUNDER MED KREDITTKORT             ,N,N,N,N,N,N,N,N,N,N,N
1801,09126790101,P,13110,Normann Farzana                    ,Hjelseth                           ,N,J,N,J,N,KUNDER MED KREDITTKORT             ,N,N,N,N,N,N,N,N,N,N,N
1801,23118301374,P,76110,Mattis Aino                        ,Pettersson                         ,N,N,N,J,N,KUNDER MED KREDITTKORT             ,N,N,N,N,N,N,N,N,N,N,N
1801,17060543925,P,11110,Juan Lorna                         ,Gabrielsen                         ,N,N,N,J,N,KUNDER MED KREDITTKORT             ,N,N,N,N,N,N,N,N,N,N,N
1801,22018901130,P,46110,Cesar Oliva                        ,Stenberg                           ,N,N,N,J,N,KUNDER MED KREDITTKORT             ,N,N,N,N,N,N,N,N,N,N,N
1801,25015118248,P,21110,Mariya Biniam                      ,Lilleeng                           ,N,N,N,J,N,KUNDER MED KREDITTKORT             ,N,N,N,N,N,N,N,N,N,N,N
1801,17118801849,P,36800,Cristian Margret                   ,Jordet                             ,N,N,J,J,N,KUNDER MED KREDITTKORT             ,N,N,N,N,N,N,N,N,N,N,N
1801,02079412352,P,35100,Annabell Herleif                   ,Sjøvoll                            ,N,N,N,J,N,KUNDER MED KREDITTKORT             ,N,N,N,N,N,N,N,N,N,N,N
1801,26056614167,P,35100,Torolf Ann-Christin                ,Svensson                           ,N,J,N,J,N,KUNDER MED KREDITTKORT             ,N,N,N,N,N,N,N,N,N,N,N
1801,22069204663,P,21110,Oda Ivo                            ,Idsøe                              ,N,J,N,J,N,KUNDER MED KREDITTKORT             ,N,N,N,N,N,N,N,N,N,N,N
1801,02059109092,P,35900,Alexandra Ionut                    ,Wagner                             ,N,J,J,J,N,KUNDER MED KREDITTKORT             ,N,N,N,N,N,N,N,N,N,N,N
1801,05053900846,P,31110,Tanita Sigve                       ,Berhe                              ,N,J,N,J,N,KUNDER MED KREDITTKORT             ,N,N,N,N,N,N,N,N,N,N,N
1801,22089515886,P,71110,Valdemar Linda                     ,Nyhus                              ,N,N,N,J,N,KUNDER MED KREDITTKORT             ,N,N,N,N,N,N,N,N,N,N,N
1801,19079417516,P,14110,Jorun Hallstein                    ,Røstad                             ,N,J,N,J,N,KUNDER MED KREDITTKORT             ,N,N,N,N,N,N,N,N,N,N,N
1801,26106408768,P,73110,Hamed Annett                       ,Brænden                            ,N,J,N,J,N,KUNDER MED KREDITTKORT             ,N,N,N,N,N,N,N,N,N,N,N
1801,26046005820,P,16110,Rodrigo Stine                      ,Safi                               ,N,J,N,J,N,KUNDER MED KREDITTKORT             ,N,N,N,N,N,N,N,N,N,N,N
1801,14069103503,P,35100,Iben Gurid                         ,Salih                              ,N,J,N,J,N,KUNDER MED KREDITTKORT             ,N,N,N,N,N,N,N,N,N,N,N
1801,01057806490,P,35000,Hodan Nils-Petter                  ,Rekstad                            ,N,N,N,J,N,KUNDER MED KREDITTKORT             ,N,N,N,N,N,N,N,N,N,N,N
1801,25030256924,P,36300,Gard Lisbet                        ,Eskeland                           ,N,N,N,J,N,KUNDER MED KREDITTKORT             ,N,N,N,N,N,N,N,N,N,N,N
1801,11098718402,P,31110,Shahid Ethel                       ,Blindheim                          ,N,J,N,J,N,KUNDER MED KREDITTKORT             ,N,N,N,N,N,N,N,N,N,N,N
1801,12069004499,P,51110,Myrna Leon                         ,Rikardsen                          ,N,N,N,J,N,KUNDER MED KREDITTKORT             ,N,N,N,N,N,N,N,N,N,N,N
1801,01099118373,P,36300,Ravn Eli                           ,Joa                                ,N,N,N,J,N,KUNDER MED KREDITTKORT             ,N,N,N,N,N,N,N,N,N,N,N
1801,15059951189,P,11110,Yassin Judy                        ,Halvorsrud                         ,N,N,N,J,N,KUNDER MED KREDITTKORT             ,N,N,N,N,N,N,N,N,N,N,N
1801,05109100856,P,19110,Rigmor Angel                       ,Dybvik                             ,N,J,N,J,N,KUNDER MED KREDITTKORT             ,N,N,N,N,N,N,N,N,N,N,N
1801,17119904773,P,18110,Tron Oda                           ,Brastad                            ,N,N,N,N,N,KUNDER MED KREDITTKORT             ,N,N,N,N,N,N,N,N,N,N,N
1801,05126713896,P,41110,Fillip Ågot                        ,Hausken                            ,J,N,N,J,N,KUNDER MED KREDITTKORT             ,N,N,N,N,N,N,N,N,N,N,N
1801,15030066399,P,37400,Camilla Folke                      ,Nordstrøm                          ,N,N,N,J,N,KUNDER MED KREDITTKORT             ,N,N,N,N,N,N,N,N,N,N,N
1801,27088702765,P,37400,Torun Bernt                        ,Høgset                             ,N,N,N,J,N,KUNDER MED KREDITTKORT             ,N,N,N,N,N,N,N,N,N,N,N
1801,14097012785,P,31110,Raja Nadezda                       ,Brandt                             ,N,J,N,J,N,KUNDER MED KREDITTKORT             ,N,N,N,N,N,N,N,N,N,N,N
1801,15050426200,P,35500,Arnfrid Ole-Marius                 ,Hodneland                          ,N,N,N,J,N,KUNDER MED KREDITTKORT             ,N,N,N,N,N,N,N,N,N,N,N
1801,07118316813,P,35500,Genet Miguel                       ,Starheim                           ,N,J,N,J,N,KUNDER MED KREDITTKORT             ,N,N,N,N,N,N,N,N,N,N,N
1801,29126321277,P,13110,Johanna Mahad                      ,Baltzersen                         ,N,J,N,J,N,KUNDER MED KREDITTKORT             ,N,N,N,N,N,N,N,N,N,N,N
1801,12126307592,P,31110,Odd-Erik Margrethe                 ,Undheim                            ,N,N,N,J,N,KUNDER MED KREDITTKORT             ,N,N,N,N,N,N,N,N,N,N,N
1801,13019207395,P,35000,Ernestas Joanna                    ,Rafoss                             ,N,N,N,J,N,KUNDER MED KREDITTKORT             ,N,N,N,N,N,N,N,N,N,N,N
1801,25077200501,P,21110,Julio Anja                         ,Melgård                            ,N,N,N,J,N,KUNDER MED KREDITTKORT             ,N,N,N,N,N,N,N,N,N,N,N
1801,05076815587,P,31110,Petr Ana                           ,Kleppa                             ,N,N,N,J,N,KUNDER MED KREDITTKORT             ,N,N,N,N,N,N,N,N,N,N,N
1801,11116321485,P,35000,Wieslaw Jessica                    ,Kleven                             ,N,J,J,J,N,KUNDER MED KREDITTKORT             ,N,N,N,N,N,N,N,N,N,N,N
1801,16029307494,P,36400,Adnan Fiona                        ,Grindhaug                          ,N,J,J,J,N,KUNDER MED KREDITTKORT             ,N,N,N,N,N,N,N,N,N,N,N
1801,27026905333,P,35000,Heather Kamran                     ,Odland                             ,N,N,N,J,N,KUNDER MED KREDITTKORT             ,N,N,N,N,N,N,N,N,N,N,N
1801,11128219643,P,67248,Olle Annike                        ,Rui                                ,N,N,N,J,N,KUNDER MED KREDITTKORT             ,N,N,N,N,N,N,N,N,N,N,N
1801,21108318861,P,17110,Karin Idris                        ,Gjessing                           ,N,J,N,J,N,KUNDER MED KREDITTKORT             ,N,N,N,N,N,N,N,N,N,N,N
1801,11103207306,P,57110,Tony Eldbjørg                      ,Kirkerud                           ,N,N,N,J,N,KUNDER MED KREDITTKORT             ,N,N,N,N,N,N,N,N,N,N,N
1801,12058111226,P,37200,Phuong Borger                      ,Stokka                             ,N,J,N,J,N,KUNDER MED KREDITTKORT             ,N,N,N,N,N,N,N,N,N,N,N
1801,23078416599,P,80150,Minh Thorgeir                      ,Hval                               ,N,J,N,J,N,KUNDER MED KREDITTKORT             ,N,N,N,N,N,N,N,N,N,N,N
1801,08074323252,P,11110,Aino Mateo                         ,Botnen                             ,N,J,J,J,N,KUNDER MED KREDITTKORT             ,N,N,N,N,N,N,N,N,N,N,N
1801,30048813166,P,17110,Emad Silvia                        ,Fure                               ,J,N,N,J,N,KUNDER MED KREDITTKORT             ,N,N,N,N,N,N,N,N,N,N,N
1801,30088117383,P,67248,Kathleen Willy                     ,Børresen                           ,N,J,J,J,N,KUNDER MED KREDITTKORT             ,N,N,N,N,N,N,N,N,N,N,N
1801,08128916343,P,35100,Werner Lea                         ,Øiseth                             ,N,N,N,J,N,KUNDER MED KREDITTKORT             ,N,N,N,N,N,N,N,N,N,N,N
1801,16078503517,B,16110,Mariell Mikko                      ,Fagermo                            ,N,N,N,J,N,KUNDER MED KREDITTKORT             ,N,N,N,N,N,N,N,N,N,N,N
1801,09019564654,P,31110,Ole-Jacob Mali                     ,Hansen                             ,N,N,N,J,N,KUNDER MED KREDITTKORT             ,N,N,N,N,N,N,N,N,N,N,N
1801,23049904487,P,35900,Paal Petra                         ,Bakstad                            ,N,N,N,J,N,KUNDER MED KREDITTKORT             ,N,N,N,N,N,N,N,N,N,N,N
1801,17098919929,P,35900,Gullborg Maciej                    ,Rønning                            ,N,N,N,J,N,KUNDER MED KREDITTKORT             ,N,N,N,N,N,N,N,N,N,N,N
1801,16080167869,P,11110,Lone Ireneusz                      ,Vo                                 ,N,N,N,J,N,KUNDER MED KREDITTKORT             ,N,N,N,N,N,N,N,N,N,N,N
1801,20046613792,P,13110,Hroar Elizabeth                    ,Svensson                           ,N,J,N,J,N,KUNDER MED KREDITTKORT             ,N,N,N,N,N,N,N,N,N,N,N
1801,09056215880,P,35000,Jekaterina Herbert                 ,Søvik                              ,N,N,N,J,N,KUNDER MED KREDITTKORT             ,N,N,N,N,N,N,N,N,N,N,N
1801,14057618591,P,11110,Senad Hansine                      ,Bergseng                           ,N,N,N,J,N,KUNDER MED KREDITTKORT             ,N,N,N,N,N,N,N,N,N,N,N
1801,09060516062,P,35000,Anita Kato                         ,Henden                             ,N,N,N,J,N,KUNDER MED KREDITTKORT             ,N,N,N,N,N,N,N,N,N,N,N
1801,03117010197,P,36500,Kamilla Trond                      ,Lilleng                            ,N,N,J,J,N,KUNDER MED KREDITTKORT             ,N,N,N,N,N,N,N,N,N,N,N
1801,07098714515,P,21110,Lindy Nikolai                      ,Hovde                              ,N,N,N,J,N,KUNDER MED KREDITTKORT             ,N,N,N,N,N,N,N,N,N,N,N
1801,12049564803,P,11110,Victor Aimee                       ,Stenberg                           ,N,N,N,J,N,KUNDER MED KREDITTKORT             ,N,N,N,N,N,N,N,N,N,N,N
1801,29128920283,P,35500,Øygunn Marton                      ,Bergseth                           ,N,J,N,J,N,KUNDER MED KREDITTKORT             ,N,N,N,N,N,N,N,N,N,N,N
1801,28038607962,P,67248,Tristan Gro                        ,Kåsa                               ,N,N,N,J,N,KUNDER MED KREDITTKORT             ,N,N,N,N,N,N,N,N,N,N,N
1801,11038918313,P,35000,Marry Herleif                      ,Malde                              ,N,N,N,J,N,KUNDER MED KREDITTKORT             ,N,N,N,N,N,N,N,N,N,N,N
1801,29054916939,P,11110,Thu Torgny                         ,Øen                                ,N,N,N,J,N,KUNDER MED KREDITTKORT             ,N,N,N,N,N,N,N,N,N,N,N
1801,14124921431,P,36300,Therese Kian                       ,Hallberg                           ,N,N,N,J,N,KUNDER MED KREDITTKORT             ,N,N,N,N,N,N,N,N,N,N,N
1801,23100041871,P,67248,Mantas Elly                        ,Neset                              ,N,N,N,J,N,KUNDER MED KREDITTKORT             ,N,N,N,N,N,N,N,N,N,N,N
1801,27105314375,P,36110,Eduardo Ellinor                    ,Aurstad                            ,N,N,N,J,N,KUNDER MED KREDITTKORT             ,N,N,N,N,N,N,N,N,N,N,N
1801,04107217237,P,35100,Oluf Runa                          ,Sønstebø                           ,N,N,N,J,N,KUNDER MED KREDITTKORT             ,N,N,N,N,N,N,N,N,N,N,N
1801,24064810061,P,31110,Rizwan Kira                        ,Skålevik                           ,N,N,N,J,N,KUNDER MED KREDITTKORT             ,N,N,N,N,N,N,N,N,N,N,N
1801,22126101256,P,67248,Christen Celine                    ,Finnøy                             ,N,N,N,J,N,KUNDER MED KREDITTKORT             ,N,N,N,N,N,N,N,N,N,N,N
1801,05049704986,P,31110,Donatas Conny                      ,Andorsen                           ,N,N,N,J,N,KUNDER MED KREDITTKORT             ,N,N,N,N,N,N,N,N,N,N,N
1801,07117802129,P,35000,Shahzad Anikken                    ,Soma                               ,J,N,N,J,N,KUNDER MED KREDITTKORT             ,N,N,N,N,N,N,N,N,N,N,N
1801,04128122562,P,21110,Siril Ted                          ,Haugsdal                           ,J,N,N,J,N,KUNDER MED KREDITTKORT             ,N,N,N,N,N,N,N,N,N,N,N
1801,13057926486,P,21110,Wojciech Cristina                  ,Røine                              ,N,N,N,J,N,KUNDER MED KREDITTKORT             ,N,N,N,N,N,N,N,N,N,N,N
1801,04048900939,P,35500,Geir Leah                          ,Rakvåg                             ,N,N,N,J,N,KUNDER MED KREDITTKORT             ,N,N,N,N,N,N,N,N,N,N,N
1801,26050539856,P,11110,Asif Anne-Merete                   ,Bjørnø                             ,N,N,N,J,N,KUNDER MED KREDITTKORT             ,N,N,N,N,N,N,N,N,N,N,N
1801,09045711916,P,26110,Gertrud Nicolae                    ,Svensson                           ,J,N,N,J,N,KUNDER MED KREDITTKORT             ,N,N,N,N,N,N,N,N,N,N,N
1801,03096010302,P,36800,Angelika Francisco                 ,Lynum                              ,N,N,N,J,N,KUNDER MED KREDITTKORT             ,N,N,N,N,N,N,N,N,N,N,N
1801,18089200675,P,19110,Heiko Viviann                      ,Nekstad                            ,N,J,J,J,N,KUNDER MED KREDITTKORT             ,N,N,N,N,N,N,N,N,N,N,N
1801,26108816316,P,67248,Liv Matias                         ,Kiil                               ,N,N,N,J,N,KUNDER MED KREDITTKORT             ,N,N,N,N,N,N,N,N,N,N,N
1801,16039306348,P,41110,Rimantas Edita                     ,Medhus                             ,N,J,J,J,N,KUNDER MED KREDITTKORT             ,N,N,N,N,N,N,N,N,N,N,N
1801,18030007960,P,36110,Amer Isabella                      ,Holgersen                          ,N,N,N,J,N,KUNDER MED KREDITTKORT             ,N,N,N,N,N,N,N,N,N,N,N
1801,23056303189,P,11110,Håvard Ingegjerd                   ,Myhren                             ,N,N,N,J,N,KUNDER MED KREDITTKORT             ,N,N,N,N,N,N,N,N,N,N,N
1801,25015300607,P,18110,Mantas Bianca                      ,Koren                              ,N,N,N,J,N,KUNDER MED KREDITTKORT             ,N,N,N,N,N,N,N,N,N,N,N
1801,27066813253,P,34013,Audrius Inez                       ,Ims                                ,N,J,N,J,N,KUNDER MED KREDITTKORT             ,N,N,N,N,N,N,N,N,N,N,N
1801,07047212027,P,56110,Kim Noel                           ,Sandersen                          ,N,N,N,J,N,KUNDER MED KREDITTKORT             ,N,N,N,N,N,N,N,N,N,N,N
1801,21077521418,P,21110,Rolandas Amalia                    ,Djønne                             ,N,J,J,J,N,KUNDER MED KREDITTKORT             ,N,N,N,N,N,N,N,N,N,N,N
1801,23058106836,P,35000,Grete Ioan                         ,Berhane                            ,N,J,N,J,N,KUNDER MED KREDITTKORT             ,N,N,N,N,N,N,N,N,N,N,N
1801,01056112800,P,37200,Reid Mai-Lis                       ,Moldskred                          ,N,N,N,J,N,KUNDER MED KREDITTKORT             ,N,N,N,N,N,N,N,N,N,N,N
1801,29068602066,P,31110,Annbjørg Jan-Olav                  ,Sjøvold                            ,N,J,N,J,N,KUNDER MED KREDITTKORT             ,N,N,N,N,N,N,N,N,N,N,N
1801,06124902892,P,21110,Gunilla Duy                        ,Riiser                             ,N,N,N,J,N,KUNDER MED KREDITTKORT             ,N,N,N,N,N,N,N,N,N,N,N
1801,05046910208,P,11110,Kjellaug Kris                      ,Grønn                              ,N,N,N,J,N,KUNDER MED KREDITTKORT             ,N,N,N,N,N,N,N,N,N,N,N
1801,17029626456,P,36300,Asle Marith                        ,Nesheim                            ,N,N,N,J,N,KUNDER MED KREDITTKORT             ,N,N,N,N,N,N,N,N,N,N,N
1801,23126119453,P,16110,Alvhild Anstein                    ,Solli                              ,N,N,N,J,N,KUNDER MED KREDITTKORT             ,N,N,N,N,N,N,N,N,N,N,N
1801,30103618068,P,46110,Lucas Karita                       ,Myrvoll                            ,N,N,N,J,N,KUNDER MED KREDITTKORT             ,N,N,N,N,N,N,N,N,N,N,N
1801,12056061868,P,35000,Alice Øyvind                       ,Lomeland                           ,N,J,J,J,N,KUNDER MED KREDITTKORT             ,N,N,N,N,N,N,N,N,N,N,N
1801,02124524485,P,71110,Amanda Joakim                      ,Kjeldsberg                         ,N,N,N,J,N,KUNDER MED KREDITTKORT             ,N,N,N,N,N,N,N,N,N,N,N
1801,09109515210,P,36300,Youssef Gerda                      ,Vatle                              ,N,N,N,J,N,KUNDER MED KREDITTKORT             ,N,N,N,N,N,N,N,N,N,N,N
1801,11094705470,P,13110,Jocelyn Milian                     ,Hegg                               ,N,J,N,J,N,KUNDER MED KREDITTKORT             ,N,N,N,N,N,N,N,N,N,N,N
1801,19047203492,P,21110,Thorhild Pieter                    ,Ringvold                           ,N,J,J,J,N,KUNDER MED KREDITTKORT             ,N,N,N,N,N,N,N,N,N,N,N
1801,13058004086,P,11110,Senad Aiste                        ,Marstein                           ,N,N,N,J,N,KUNDER MED KREDITTKORT             ,N,N,N,N,N,N,N,N,N,N,N
1801,13028912026,P,11110,Lana Thom                          ,Aarsland                           ,N,N,N,J,N,KUNDER MED KREDITTKORT             ,N,N,N,N,N,N,N,N,N,N,N
1801,14100345057,P,37200,Nataliya Kolbein                   ,Wiklund                            ,N,N,N,J,N,KUNDER MED KREDITTKORT             ,N,N,N,N,N,N,N,N,N,N,N
1801,20068010676,P,26110,Hroar Ute                          ,Dimmen                             ,N,N,J,J,N,KUNDER MED KREDITTKORT             ,N,N,N,N,N,N,N,N,N,N,N
1801,05019053948,P,36500,Yassin Berta                       ,Indahl                             ,N,N,N,J,N,KUNDER MED KREDITTKORT             ,N,N,N,N,N,N,N,N,N,N,N
1801,31126817129,P,35000,Niklas Rut                         ,Barmen                             ,N,J,J,J,N,KUNDER MED KREDITTKORT             ,N,N,N,N,N,N,N,N,N,N,N
1801,24125710995,P,51110,Raja Nadezda                       ,Lamo                               ,N,N,N,J,N,KUNDER MED KREDITTKORT             ,N,N,N,N,N,N,N,N,N,N,N
1801,17116026333,P,41110,Tommy Katrina                      ,Pihl                               ,N,N,N,J,N,KUNDER MED KREDITTKORT             ,N,N,N,N,N,N,N,N,N,N,N
1801,26069505022,P,71110,Bettina Dmitri                     ,Bergseng                           ,N,N,N,J,N,KUNDER MED KREDITTKORT             ,N,N,N,N,N,N,N,N,N,N,N
1801,14060066834,P,35100,Kai Kajsa                          ,Michaelsen                         ,N,N,N,J,N,KUNDER MED KREDITTKORT             ,N,N,N,N,N,N,N,N,N,N,N
1801,20019312608,P,31110,Oddmar Katrin                      ,Mohamed                            ,N,N,N,J,N,KUNDER MED KREDITTKORT             ,N,N,N,N,N,N,N,N,N,N,N
1801,04028800423,P,35201,Gregor Wibeke                      ,Grønberg                           ,N,N,N,J,N,KUNDER MED KREDITTKORT             ,N,N,N,N,N,N,N,N,N,N,N
1801,13077908794,P,35100,Ellinor Gard                       ,Kvaale                             ,N,J,N,J,N,KUNDER MED KREDITTKORT             ,N,N,N,N,N,N,N,N,N,N,N
1801,15018818016,P,35000,Niklas Allis                       ,Ulstein                            ,N,N,N,J,N,KUNDER MED KREDITTKORT             ,N,N,N,N,N,N,N,N,N,N,N
1801,03097714702,P,14110,Ståle Gurli                        ,Brænden                            ,N,J,N,J,N,KUNDER MED KREDITTKORT             ,N,N,N,N,N,N,N,N,N,N,N
1801,01056903921,P,19110,Ole-Kristian Otilie                ,Nordmark                           ,N,N,N,J,N,KUNDER MED KREDITTKORT             ,N,N,N,N,N,N,N,N,N,N,N
1801,03109510229,P,36400,Sajjad Evita                       ,Bakkejord                          ,N,N,N,J,N,KUNDER MED KREDITTKORT             ,N,N,N,N,N,N,N,N,N,N,N
1801,08127202738,P,35000,Youssef Elzbieta                   ,Ruud                               ,N,N,N,J,N,KUNDER MED KREDITTKORT             ,N,N,N,N,N,N,N,N,N,N,N
1801,24084614455,B,71230,Nils Dagrunn                       ,Sandøy                             ,N,J,N,J,N,KUNDER MED KREDITTKORT             ,N,N,N,N,N,N,N,N,N,N,N
1801,26108720688,P,11110,Raja Merete                        ,Vevang                             ,N,J,N,J,N,KUNDER MED KREDITTKORT             ,N,N,N,N,N,N,N,N,N,N,N
1801,12036757955,P,13110,Elle Gudbrand                      ,Skogstad                           ,N,N,N,N,N,KUNDER MED KREDITTKORT             ,N,N,N,N,N,N,N,N,N,N,N
1801,28129304091,P,51110,Oscar Audny                        ,Grimsrud                           ,N,J,N,J,N,KUNDER MED KREDITTKORT             ,N,N,N,N,N,N,N,N,N,N,N
1801,29108617851,P,11110,Britha Edward                      ,Ekelund                            ,N,N,N,J,N,KUNDER MED KREDITTKORT             ,N,N,N,N,N,N,N,N,N,N,N
1801,11128200853,P,11110,Borger Ragne                       ,Aas                                ,N,N,N,J,N,KUNDER MED KREDITTKORT             ,N,N,N,N,N,N,N,N,N,N,N
1801,22076108246,P,35000,Mehmed Laila                       ,Horvei                             ,N,N,N,J,N,KUNDER MED KREDITTKORT             ,N,N,N,N,N,N,N,N,N,N,N
1801,26119215101,P,11110,Senad Edda                         ,Øiestad                            ,N,J,N,J,N,KUNDER MED KREDITTKORT             ,N,N,N,N,N,N,N,N,N,N,N
1801,20028003871,P,35000,Skjalg Michelle                    ,Ekstrøm                            ,N,N,N,J,N,KUNDER MED KREDITTKORT             ,N,N,N,N,N,N,N,N,N,N,N
1801,24090370363,P,73110,Marianna Magnus                    ,Teig                               ,N,N,N,J,N,KUNDER MED KREDITTKORT             ,N,N,N,N,N,N,N,N,N,N,N
1801,03128910254,P,11110,Andres Selam                       ,Gjervik                            ,N,N,N,J,N,KUNDER MED KREDITTKORT             ,N,N,N,N,N,N,N,N,N,N,N
1801,03064511911,P,16110,Eiril Leszek                       ,Kårstad                            ,N,N,N,J,N,KUNDER MED KREDITTKORT             ,N,N,N,N,N,N,N,N,N,N,N
1801,27115209863,P,31110,Vibeke Torgny                      ,Frøseth                            ,N,J,N,J,N,KUNDER MED KREDITTKORT             ,N,N,N,N,N,N,N,N,N,N,N
1801,18086703056,P,35900,Ingegerd Yaser                     ,Aanes                              ,N,N,N,J,N,KUNDER MED KREDITTKORT             ,N,N,N,N,N,N,N,N,N,N,N
1801,10037203632,P,35000,Dagrun Sverre                      ,Kraft                              ,N,J,N,J,N,KUNDER MED KREDITTKORT             ,N,N,N,N,N,N,N,N,N,N,N
1801,25096114608,P,35001,Gerda Christer                     ,Tetlie                             ,J,J,J,J,N,KUNDER MED KREDITTKORT             ,N,N,N,N,N,N,N,N,N,N,N
1801,04114817681,P,35100,Margreta Reidar                    ,Gaup                               ,J,N,N,J,N,KUNDER MED KREDITTKORT             ,N,N,N,N,N,N,N,N,N,N,N
1801,07125503084,P,34013,Yohannes Sally                     ,Sundal                             ,N,N,N,J,N,KUNDER MED KREDITTKORT             ,N,N,N,N,N,N,N,N,N,N,N
1801,16127510583,P,51110,Wieslaw Vaida                      ,Hatlen                             ,N,N,N,J,N,KUNDER MED KREDITTKORT             ,N,N,N,N,N,N,N,N,N,N,N
1801,16117123891,P,11110,Maksim Rebekka                     ,Borchgrevink                       ,N,N,N,J,N,KUNDER MED KREDITTKORT             ,N,N,N,N,N,N,N,N,N,N,N
1801,30035513643,P,35100,Kai Maylen                         ,Aabel                              ,N,J,N,J,N,KUNDER MED KREDITTKORT             ,N,N,N,N,N,N,N,N,N,N,N
1801,22056115858,P,73110,Thorbjørg Pawel                    ,Ågotnes                            ,N,N,N,J,N,KUNDER MED KREDITTKORT             ,N,N,N,N,N,N,N,N,N,N,N
1801,17044420511,P,14110,Vilma Aslan                        ,Frivold                            ,N,N,N,J,N,KUNDER MED KREDITTKORT             ,N,N,N,N,N,N,N,N,N,N,N
1801,13026502548,P,31110,Aslak Gro-Anita                    ,Haraldstad                         ,N,N,N,J,N,KUNDER MED KREDITTKORT             ,N,N,N,N,N,N,N,N,N,N,N
1801,13030403503,P,11110,Ewa Hai                            ,Richardsen                         ,N,N,N,J,N,KUNDER MED KREDITTKORT             ,N,N,N,N,N,N,N,N,N,N,N
1801,15074108730,P,17110,Julio Anja                         ,Brækken                            ,N,J,N,J,N,KUNDER MED KREDITTKORT             ,N,N,N,N,N,N,N,N,N,N,N
1801,02029217257,P,35500,Ingo Merita                        ,Kleveland                          ,N,J,N,J,N,KUNDER MED KREDITTKORT             ,N,N,N,N,N,N,N,N,N,N,N
1801,31039112585,P,11110,Aurora Oddmund                     ,Steindal                           ,N,N,N,J,N,KUNDER MED KREDITTKORT             ,N,N,N,N,N,N,N,N,N,N,N
1801,07055615181,P,47110,Søren Joanne                       ,Negård                             ,N,J,N,J,N,KUNDER MED KREDITTKORT             ,N,N,N,N,N,N,N,N,N,N,N
1801,31075317118,P,71110,Olga Mathis                        ,Rudi                               ,N,J,N,J,N,KUNDER MED KREDITTKORT             ,N,N,N,N,N,N,N,N,N,N,N
1801,21099117602,P,26110,Hellen Kian                        ,Høgås                              ,N,J,N,J,N,KUNDER MED KREDITTKORT             ,N,N,N,N,N,N,N,N,N,N,N
1801,17039002736,P,37400,Sana Aslan                         ,Abbas                              ,N,J,N,J,N,KUNDER MED KREDITTKORT             ,N,N,N,N,N,N,N,N,N,N,N
1801,16106210784,P,46110,Mike Gordana                       ,Engelsen                           ,N,J,N,J,N,KUNDER MED KREDITTKORT             ,N,N,N,N,N,N,N,N,N,N,N
1801,22045206096,P,76110,Martin Heidrun                     ,Melum                              ,N,J,J,J,N,KUNDER MED KREDITTKORT             ,N,N,N,N,N,N,N,N,N,N,N
1801,26110015711,P,13110,Ahmed Grazyna                      ,Homme                              ,N,N,N,J,N,KUNDER MED KREDITTKORT             ,N,N,N,N,N,N,N,N,N,N,N
1801,17089506611,P,73110,Susan Kemal                        ,Fjeldheim                          ,N,J,N,J,N,KUNDER MED KREDITTKORT             ,N,N,N,N,N,N,N,N,N,N,N
1801,04039613439,P,13110,Dorthea Akram                      ,Skjærstad                          ,N,J,N,J,N,KUNDER MED KREDITTKORT             ,N,N,N,N,N,N,N,N,N,N,N
1801,20099005921,P,35400,Guro Jan-Fredrik                   ,Kvinge                             ,N,N,N,J,N,KUNDER MED KREDITTKORT             ,N,N,N,N,N,N,N,N,N,N,N
1801,07047601163,P,11110,Ole-Kristian Anke                  ,Horpestad                          ,N,N,N,J,N,KUNDER MED KREDITTKORT             ,N,N,N,N,N,N,N,N,N,N,N
1801,13120517990,P,37200,Steffan Benedicte                  ,Ryen                               ,N,N,N,J,N,KUNDER MED KREDITTKORT             ,N,N,N,N,N,N,N,N,N,N,N
1801,29018204396,P,35400,Endre Sigfrid                      ,Farestveit                         ,N,J,N,J,N,KUNDER MED KREDITTKORT             ,N,N,N,N,N,N,N,N,N,N,N
1801,04106312686,P,36300,Vibekke Hans                       ,Berglund                           ,N,N,N,J,N,KUNDER MED KREDITTKORT             ,N,N,N,N,N,N,N,N,N,N,N
1801,11038011962,P,13110,Kathleen Willy                     ,Anderssen                          ,N,J,J,J,N,KUNDER MED KREDITTKORT             ,N,N,N,N,N,N,N,N,N,N,N
1801,24038721778,P,16110,Agathe Hans                        ,Hånes                              ,N,N,N,J,N,KUNDER MED KREDITTKORT             ,N,N,N,N,N,N,N,N,N,N,N
1801,01094721918,P,35000,Ståle Gurli                        ,Arvesen                            ,J,J,N,J,N,KUNDER MED KREDITTKORT             ,N,N,N,N,N,N,N,N,N,N,N
1801,15048701539,P,11110,Elliot Linn-Kristin                ,Haukeland                          ,N,J,N,J,N,KUNDER MED KREDITTKORT             ,N,N,N,N,N,N,N,N,N,N,N
1801,28049516039,P,35500,Thi Torgny                         ,Breivik                            ,N,J,J,J,N,KUNDER MED KREDITTKORT             ,N,N,N,N,N,N,N,N,N,N,N
1801,17035005609,P,26110,Sofia Maciej                       ,Brekke                             ,N,N,N,J,N,KUNDER MED KREDITTKORT             ,N,N,N,N,N,N,N,N,N,N,N
1801,24087902419,P,36300,Tadeusz Gunnhild                   ,Støylen                            ,N,N,N,J,N,KUNDER MED KREDITTKORT             ,N,N,N,N,N,N,N,N,N,N,N
1801,01088308081,P,16110,Rigmor Angel                       ,Høgli                              ,N,J,J,J,N,KUNDER MED KREDITTKORT             ,N,N,N,N,N,N,N,N,N,N,N
1801,13126208647,P,11110,Rasa Ionut                         ,Hofstad                            ,N,N,N,J,N,KUNDER MED KREDITTKORT             ,N,N,N,N,N,N,N,N,N,N,N
1801,15070525760,P,11110,Mindor Charlotte                   ,Tveit                              ,N,N,N,J,N,KUNDER MED KREDITTKORT             ,N,N,N,N,N,N,N,N,N,N,N
1801,28048300245,P,11110,Azra Julian                        ,Meidell                            ,N,N,N,J,N,KUNDER MED KREDITTKORT             ,N,N,N,N,N,N,N,N,N,N,N
1801,29086513178,P,35400,Kristine Kemal                     ,Hindenes                           ,N,J,N,J,N,KUNDER MED KREDITTKORT             ,N,N,N,N,N,N,N,N,N,N,N
1801,11067116226,P,35100,Gurli Sivert                       ,Braut                              ,N,J,J,J,N,KUNDER MED KREDITTKORT             ,N,N,N,N,N,N,N,N,N,N,N
1801,19026956148,P,52110,Sabrina Nabil                      ,Reppen                             ,N,J,N,J,N,KUNDER MED KREDITTKORT             ,N,N,N,N,N,N,N,N,N,N,N
1801,07027913290,P,35000,Jovita Janne                       ,Høydal                             ,N,J,N,J,N,KUNDER MED KREDITTKORT             ,N,N,N,N,N,N,N,N,N,N,N
1801,22036803154,P,11110,Alia Abdulahi                      ,Storsve                            ,N,N,N,J,N,KUNDER MED KREDITTKORT             ,N,N,N,N,N,N,N,N,N,N,N
1801,07054515809,P,13110,Ramune Sune                        ,Tømmervik                          ,N,N,N,J,N,KUNDER MED KREDITTKORT             ,N,N,N,N,N,N,N,N,N,N,N
1801,08019217796,P,36400,Cesar Inger-Lise                   ,Fossland                           ,N,N,N,J,N,KUNDER MED KREDITTKORT             ,N,N,N,N,N,N,N,N,N,N,N
1801,25109206094,P,31110,Celin Ivo                          ,Habberstad                         ,N,N,N,J,N,KUNDER MED KREDITTKORT             ,N,N,N,N,N,N,N,N,N,N,N
1801,25097618561,P,35100,Therese Fridtjov                   ,Spilde                             ,J,J,N,J,N,KUNDER MED KREDITTKORT             ,N,N,N,N,N,N,N,N,N,N,N
1801,30107216924,B,31230,Asle Dragana                       ,Skogheim                           ,J,N,N,J,N,KUNDER MED KREDITTKORT             ,N,N,N,N,N,N,N,N,N,N,N
1801,04019654899,P,52110,Henriette Tollef                   ,Øvsthus                            ,N,N,N,J,N,KUNDER MED KREDITTKORT             ,N,N,N,N,N,N,N,N,N,N,N
1801,08059109279,P,35100,Aadne Monika                       ,Skogli                             ,N,J,N,J,N,KUNDER MED KREDITTKORT             ,N,N,N,N,N,N,N,N,N,N,N
1801,26117010812,P,35500,Viktoria Hans-Christian            ,Thorshaug                          ,N,N,N,J,N,KUNDER MED KREDITTKORT             ,N,N,N,N,N,N,N,N,N,N,N
1801,25127719384,P,36300,Dumitru Marlena                    ,Bendiksen                          ,N,N,N,J,N,KUNDER MED KREDITTKORT             ,N,N,N,N,N,N,N,N,N,N,N
1801,18069701392,B,51110,Bjarte Elida                       ,Hartveit                           ,N,N,N,J,N,KUNDER MED KREDITTKORT             ,N,N,N,N,N,N,N,N,N,N,N
1801,02089922723,P,74110,Abdirashid Møyfrid                 ,Haaland                            ,N,N,N,J,N,KUNDER MED KREDITTKORT             ,N,N,N,N,N,N,N,N,N,N,N
1801,15127211970,P,21110,Tony Wenche                        ,Mandal                             ,N,N,N,J,N,KUNDER MED KREDITTKORT             ,N,N,N,N,N,N,N,N,N,N,N
1801,09126814132,P,46110,Julio Anja                         ,Hjelmeland                         ,N,J,N,J,N,KUNDER MED KREDITTKORT             ,N,N,N,N,N,N,N,N,N,N,N
1801,03036512368,P,76110,Naima Eduard                       ,Leite                              ,N,J,N,J,N,KUNDER MED KREDITTKORT             ,N,N,N,N,N,N,N,N,N,N,N
1801,05069806130,P,16110,Nataniel Selamawit                 ,Kvarme                             ,N,N,N,J,N,KUNDER MED KREDITTKORT             ,N,N,N,N,N,N,N,N,N,N,N
1801,31038522402,P,36800,Farida Danny                       ,Mogen                              ,N,N,J,J,N,KUNDER MED KREDITTKORT             ,N,N,N,N,N,N,N,N,N,N,N
1801,05066106987,P,35500,Rigmor Jari                        ,Jørstad                            ,N,N,N,J,N,KUNDER MED KREDITTKORT             ,N,N,N,N,N,N,N,N,N,N,N
1801,21026115849,P,11110,Bodhild Helmut                     ,Voll                               ,N,N,N,J,N,KUNDER MED KREDITTKORT             ,N,N,N,N,N,N,N,N,N,N,N
1801,21058702428,P,57110,Fillip Ågot                        ,Hjelseth                           ,N,J,J,J,N,KUNDER MED KREDITTKORT             ,N,N,N,N,N,N,N,N,N,N,N
1801,02098314647,P,17110,Torunn Ricardo                     ,Anderson                           ,N,N,N,J,N,KUNDER MED KREDITTKORT             ,N,N,N,N,N,N,N,N,N,N,N
1801,10060234588,P,31110,Janne Ole-Marius                   ,Aunan                              ,N,N,N,J,N,KUNDER MED KREDITTKORT             ,N,N,N,N,N,N,N,N,N,N,N
1801,17108117656,P,35400,Frithjof Feven                     ,Osmundsen                          ,J,J,N,J,N,KUNDER MED KREDITTKORT             ,N,N,N,N,N,N,N,N,N,N,N
1801,02097112676,P,35400,Evelina Dean                       ,Harestad                           ,N,N,N,J,N,KUNDER MED KREDITTKORT             ,N,N,N,N,N,N,N,N,N,N,N
1801,20085913868,P,35100,Ada Borger                         ,Butt                               ,N,J,N,J,N,KUNDER MED KREDITTKORT             ,N,N,N,N,N,N,N,N,N,N,N
1801,22016305433,P,37400,Shahid Ethel                       ,Leirvik                            ,N,N,N,J,N,KUNDER MED KREDITTKORT             ,N,N,N,N,N,N,N,N,N,N,N
1801,27124818171,P,11110,Claire Johnny                      ,Leren                              ,N,N,N,J,N,KUNDER MED KREDITTKORT             ,N,N,N,N,N,N,N,N,N,N,N
1801,24046210456,P,34026,Ole-Morten Elham                   ,Opheim                             ,N,N,N,J,N,KUNDER MED KREDITTKORT             ,N,N,N,N,N,N,N,N,N,N,N
