2489,22025305586,P,22912,Tarjei Malin                       ,Rui                                ,N,N,N,J,N,Kunder over 67år m/bruks & sparekto,N,N,N,N,N,N,N,N,N,N,N
2489,13034911058,P,01110,Gurine Maciej                      ,Nybakken                           ,N,N,N,J,N,Kunder over 67år m/bruks & sparekto,N,N,N,N,N,N,N,N,N,N,N
2489,21125523118,P,22000,Thorild Jan-Inge                   ,Flesland                           ,N,N,N,J,N,Kunder over 67år m/bruks & sparekto,N,N,N,N,N,N,N,N,N,N,N
2489,14065612330,P,22000,Kristine Kemal                     ,Rossland                           ,N,N,N,J,N,Kunder over 67år m/bruks & sparekto,N,N,N,N,N,N,N,N,N,N,N
2489,24053001412,P,21100,Vebjørn Lindis                     ,Nesheim                            ,N,N,N,J,N,Kunder over 67år m/bruks & sparekto,N,N,N,N,N,N,N,N,N,N,N
2489,12095212792,P,22000,Jorge Tara                         ,Hove                               ,N,J,N,J,N,Kunder over 67år m/bruks & sparekto,N,N,N,N,N,N,N,N,N,N,N
2489,01094919092,P,10000,An-Magritt Johnny                  ,Hammer                             ,N,J,N,J,N,Kunder over 67år m/bruks & sparekto,N,N,N,N,N,N,N,N,N,N,N
2489,25083929882,P,01110,Lilli Gregor                       ,Haarberg                           ,N,J,N,J,N,Kunder over 67år m/bruks & sparekto,N,N,N,N,N,N,N,N,N,N,N
2489,08014325566,P,01110,Eline Thor-Arne                    ,Østerås                            ,N,N,N,J,N,Kunder over 67år m/bruks & sparekto,N,N,N,N,N,N,N,N,N,N,N
2489,31084801774,P,10000,Raja Nadezda                       ,Petterson                          ,N,J,N,J,N,Kunder over 67år m/bruks & sparekto,N,N,N,N,N,N,N,N,N,N,N
2489,20064203941,P,22912,May-Britt Istvan                   ,Elde                               ,N,N,N,J,N,Kunder over 67år m/bruks & sparekto,N,N,N,N,N,N,N,N,N,N,N
2489,16125318448,P,27000,Yohannes Sally                     ,Hove                               ,N,J,J,N,N,Kunder over 67år m/bruks & sparekto,N,N,N,N,N,N,N,N,N,N,N
2489,04034200586,P,53000,Victor Veronica                    ,Aaland                             ,N,N,N,J,N,Kunder over 67år m/bruks & sparekto,N,N,N,N,N,N,N,N,N,N,N
2489,27085100411,P,01110,Renata Angel                       ,Garvik                             ,N,J,J,J,N,Kunder over 67år m/bruks & sparekto,N,N,N,N,N,N,N,N,N,N,N
2489,16075222479,P,90152,Rolandas Signe                     ,Helgestad                          ,N,J,J,J,N,Kunder over 67år m/bruks & sparekto,N,N,N,N,N,N,N,N,N,N,N
2489,20124410534,P,22000,Ragne Kato                         ,Prestegård                         ,N,N,N,J,N,Kunder over 67år m/bruks & sparekto,N,N,N,N,N,N,N,N,N,N,N
2489,18064902853,P,90152,Amanda Joakim                      ,Ekeland                            ,N,J,N,J,N,Kunder over 67år m/bruks & sparekto,N,N,N,N,N,N,N,N,N,N,N
2489,24044230859,P,10000,Edny Mikko                         ,Mehmood                            ,J,N,N,J,N,Kunder over 67år m/bruks & sparekto,N,N,N,N,N,N,N,N,N,N,N
2489,30115421723,P,22912,Magomed Bjørnhild                  ,Eidet                              ,N,J,N,J,N,Kunder over 67år m/bruks & sparekto,N,N,N,N,N,N,N,N,N,N,N
2489,25104011783,P,20000,Nadja Jan-Fredrik                  ,Wold                               ,N,N,N,J,N,Kunder over 67år m/bruks & sparekto,N,N,N,N,N,N,N,N,N,N,N
2489,25084701567,P,22912,Søren Nina                         ,Kirkeby                            ,J,N,N,J,N,Kunder over 67år m/bruks & sparekto,N,N,N,N,N,N,N,N,N,N,N
2489,08095600817,P,20000,Gordon Wibeche                     ,Holmefjord                         ,N,J,J,J,N,Kunder over 67år m/bruks & sparekto,N,N,N,N,N,N,N,N,N,N,N
2489,03025517821,P,20000,Hedda Njål                         ,Bru                                ,N,N,N,J,N,Kunder over 67år m/bruks & sparekto,N,N,N,N,N,N,N,N,N,N,N
2489,28025019794,P,51000,Niklas Elly                        ,Grønning                           ,N,N,N,J,N,Kunder over 67år m/bruks & sparekto,N,N,N,N,N,N,N,N,N,N,N
2489,19025403226,P,20000,Juozas Undis                       ,Rødland                            ,N,J,N,J,N,Kunder over 67år m/bruks & sparekto,N,N,N,N,N,N,N,N,N,N,N
2489,09035620327,P,22912,Aadne Ilona                        ,Svarstad                           ,N,N,N,J,N,Kunder over 67år m/bruks & sparekto,N,N,N,N,N,N,N,N,N,N,N
2489,13105421022,P,20000,Mai Bjørn-Inge                     ,Olaisen                            ,N,N,N,J,N,Kunder over 67år m/bruks & sparekto,N,N,N,N,N,N,N,N,N,N,N
2489,12095122572,P,01110,Kristine Torsten                   ,Kiil                               ,N,N,N,J,N,Kunder over 67år m/bruks & sparekto,N,N,N,N,N,N,N,N,N,N,N
2489,03033911482,P,27000,Marton Maylinn                     ,Moldskred                          ,N,N,N,J,N,Kunder over 67år m/bruks & sparekto,N,N,N,N,N,N,N,N,N,N,N
2489,02084417893,P,10000,Ebba Asbjørn                       ,Vevang                             ,N,J,N,J,N,Kunder over 67år m/bruks & sparekto,N,N,N,N,N,N,N,N,N,N,N
2489,06014511111,P,27000,Olaug Janne                        ,Skauen                             ,N,N,N,J,N,Kunder over 67år m/bruks & sparekto,N,N,N,N,N,N,N,N,N,N,N
2489,31105220785,P,22000,Lucas Aria                         ,Ho                                 ,N,N,N,J,N,Kunder over 67år m/bruks & sparekto,N,N,N,N,N,N,N,N,N,N,N
2489,19074417232,P,90152,Edgars Renee                       ,Lamo                               ,N,J,N,J,N,Kunder over 67år m/bruks & sparekto,N,N,N,N,N,N,N,N,N,N,N
2489,10104212986,P,01110,Anne-Marie Søren                   ,Rui                                ,N,N,N,J,N,Kunder over 67år m/bruks & sparekto,N,N,N,N,N,N,N,N,N,N,N
2489,06024020205,P,03500,Mantas Janne                       ,Ravnås                             ,N,N,N,J,N,Kunder over 67år m/bruks & sparekto,N,N,N,N,N,N,N,N,N,N,N
2489,15023720679,P,20000,Elliot Ingela                      ,Jordet                             ,N,N,N,J,N,Kunder over 67år m/bruks & sparekto,N,N,N,N,N,N,N,N,N,N,N
2489,04103606441,P,21100,Ahmet Ingrid                       ,Nguyen                             ,N,N,N,J,N,Kunder over 67år m/bruks & sparekto,N,N,N,N,N,N,N,N,N,N,N
2489,21093415261,P,41100,Hasan Ninni                        ,Broen                              ,N,N,N,J,N,Kunder over 67år m/bruks & sparekto,N,N,N,N,N,N,N,N,N,N,N
2489,31085302259,P,10000,Denis Oddrun                       ,Berhane                            ,N,N,N,J,N,Kunder over 67år m/bruks & sparekto,N,N,N,N,N,N,N,N,N,N,N
2489,09113720511,P,31100,Valter Roberta                     ,Osmundsen                          ,N,N,N,J,N,Kunder over 67år m/bruks & sparekto,N,N,N,N,N,N,N,N,N,N,N
2489,03024310107,P,20000,Sarah Hallstein                    ,Berhane                            ,N,N,N,J,N,Kunder over 67år m/bruks & sparekto,N,N,N,N,N,N,N,N,N,N,N
2489,25103624447,P,20000,Bettina Dmitri                     ,Clausen                            ,N,N,N,J,N,Kunder over 67år m/bruks & sparekto,N,N,N,N,N,N,N,N,N,N,N
2489,22074517351,P,53000,Jorun Hallstein                    ,Leikanger                          ,N,N,N,J,N,Kunder over 67år m/bruks & sparekto,N,N,N,N,N,N,N,N,N,N,N
2489,06055615819,P,41100,Liubov Mantas                      ,Hofstad                            ,N,N,N,J,N,Kunder over 67år m/bruks & sparekto,N,N,N,N,N,N,N,N,N,N,N
2489,19125303849,P,22912,Gudlaug Dario                      ,Dokken                             ,N,N,N,J,N,Kunder over 67år m/bruks & sparekto,N,N,N,N,N,N,N,N,N,N,N
2489,20054603410,P,20000,Edgar Jorund                       ,Fardal                             ,N,N,N,J,N,Kunder over 67år m/bruks & sparekto,N,N,N,N,N,N,N,N,N,N,N
2489,19065213489,P,10000,Justyna Tron                       ,Sandland                           ,N,N,N,J,N,Kunder over 67år m/bruks & sparekto,N,N,N,N,N,N,N,N,N,N,N
2489,18124716884,P,22912,Mary-Ann Varg                      ,Brænden                            ,N,J,N,J,N,Kunder over 67år m/bruks & sparekto,N,N,N,N,N,N,N,N,N,N,N
2489,11064906226,P,01110,Vasile Augusta                     ,Førland                            ,N,J,J,N,N,Kunder over 67år m/bruks & sparekto,N,N,N,N,N,N,N,N,N,N,N
2489,29123400575,P,41100,Søren Nina                         ,Haveland                           ,N,N,N,J,N,Kunder over 67år m/bruks & sparekto,N,N,N,N,N,N,N,N,N,N,N
2489,20125515550,P,21100,Cesar Nancy                        ,Øksnes                             ,N,N,N,J,N,Kunder over 67år m/bruks & sparekto,N,N,N,N,N,N,N,N,N,N,N
2489,29083905105,P,22912,Giske Birger                       ,Hofstad                            ,N,N,N,J,N,Kunder over 67år m/bruks & sparekto,N,N,N,N,N,N,N,N,N,N,N
2489,27043804877,P,01110,Elaine Nicolae                     ,Kowalski                           ,N,N,N,J,N,Kunder over 67år m/bruks & sparekto,N,N,N,N,N,N,N,N,N,N,N
2489,23104413609,P,27000,Emilio Ragna                       ,Lillebø                            ,N,N,N,J,N,Kunder over 67år m/bruks & sparekto,N,N,N,N,N,N,N,N,N,N,N
2489,05055401278,P,10000,Vilje Idris                        ,Malm                               ,N,J,N,J,N,Kunder over 67år m/bruks & sparekto,N,N,N,N,N,N,N,N,N,N,N
2489,11115611285,P,90152,Anne-Gunn Thormod                  ,Kjeldsberg                         ,N,N,N,J,N,Kunder over 67år m/bruks & sparekto,N,N,N,N,N,N,N,N,N,N,N
2489,08085501438,P,01110,Heiko Viviann                      ,Gjelsvik                           ,N,J,N,J,N,Kunder over 67år m/bruks & sparekto,N,N,N,N,N,N,N,N,N,N,N
2489,19074221311,P,27000,Shahzad Cristina                   ,Vaa                                ,N,N,N,J,N,Kunder over 67år m/bruks & sparekto,N,N,N,N,N,N,N,N,N,N,N
2489,04014822033,P,51000,Gro Janne                          ,Kvien                              ,N,N,N,J,N,Kunder over 67år m/bruks & sparekto,N,N,N,N,N,N,N,N,N,N,N
2489,09114725436,P,27000,Safia Arnvid                       ,Grøtting                           ,N,J,N,N,N,Kunder over 67år m/bruks & sparekto,N,N,N,N,N,N,N,N,N,N,N
2489,07095112271,P,20000,Margun Joakim                      ,Bruvik                             ,N,J,N,J,N,Kunder over 67år m/bruks & sparekto,N,N,N,N,N,N,N,N,N,N,N
2489,04053915170,P,10000,Karsten Gunda                      ,Tonstad                            ,N,N,N,J,N,Kunder over 67år m/bruks & sparekto,N,N,N,N,N,N,N,N,N,N,N
2489,20104408525,P,01110,Marzena Melvin                     ,Røsand                             ,N,J,N,J,N,Kunder over 67år m/bruks & sparekto,N,N,N,N,N,N,N,N,N,N,N
2489,02075115787,P,90152,Aslak Gro-Anita                    ,Silden                             ,N,N,N,J,N,Kunder over 67år m/bruks & sparekto,N,N,N,N,N,N,N,N,N,N,N
2489,10035216958,P,10000,Mindor Rakel                       ,Engstad                            ,N,J,N,J,N,Kunder over 67år m/bruks & sparekto,N,N,N,N,N,N,N,N,N,N,N
2489,05014907973,P,90152,Jorge Gina                         ,Engeset                            ,N,N,N,J,N,Kunder over 67år m/bruks & sparekto,N,N,N,N,N,N,N,N,N,N,N
2489,19112834993,P,90152,Kamil Mia                          ,Noreng                             ,N,N,N,J,N,Kunder over 67år m/bruks & sparekto,N,N,N,N,N,N,N,N,N,N,N
2489,19104605632,P,31100,Hodan Rytis                        ,Vikan                              ,N,J,N,J,N,Kunder over 67år m/bruks & sparekto,N,N,N,N,N,N,N,N,N,N,N
2489,24084900776,P,20000,Tor-Inge Harriet                   ,Nordeide                           ,N,N,N,J,N,Kunder over 67år m/bruks & sparekto,N,N,N,N,N,N,N,N,N,N,N
2489,18115523968,P,10000,Ernestas Nathalie                  ,Arif                               ,N,N,J,J,N,Kunder over 67år m/bruks & sparekto,N,N,N,N,N,N,N,N,N,N,N
2489,17025413806,P,22912,Lars-Kristian Dorota               ,Grønning                           ,N,J,N,J,N,Kunder over 67år m/bruks & sparekto,N,N,N,N,N,N,N,N,N,N,N
2489,07065209904,P,22912,Odd-Erik Trine                     ,Holvik                             ,N,N,N,J,N,Kunder over 67år m/bruks & sparekto,N,N,N,N,N,N,N,N,N,N,N
2489,29065600313,P,20000,Joanne Ari                         ,Gjøsund                            ,N,N,N,J,N,Kunder over 67år m/bruks & sparekto,N,N,N,N,N,N,N,N,N,N,N
2489,07114302079,P,20000,Mohamad Amy                        ,Rikardsen                          ,N,N,N,J,N,Kunder over 67år m/bruks & sparekto,N,N,N,N,N,N,N,N,N,N,N
2489,16094101186,P,03500,Dyveke Herbert                     ,Fretheim                           ,N,N,N,J,N,Kunder over 67år m/bruks & sparekto,N,N,N,N,N,N,N,N,N,N,N
2489,06075102532,P,21100,Halvar Thi                         ,Grini                              ,N,N,J,J,N,Kunder over 67år m/bruks & sparekto,N,N,N,N,N,N,N,N,N,N,N
2489,08095517847,P,20000,Håvard Kathrin                     ,Kleiv                              ,N,J,N,J,N,Kunder over 67år m/bruks & sparekto,N,N,N,N,N,N,N,N,N,N,N
2489,07024712057,P,22000,Håvard Kathrin                     ,Edvartsen                          ,N,N,N,J,N,Kunder over 67år m/bruks & sparekto,N,N,N,N,N,N,N,N,N,N,N
2489,20065507863,P,22912,Dumitru Dina                       ,Lundberg                           ,N,J,N,J,N,Kunder over 67år m/bruks & sparekto,N,N,N,N,N,N,N,N,N,N,N
2489,19044011266,P,10000,Karstein Fatima                    ,Skjerve                            ,N,N,N,J,N,Kunder over 67år m/bruks & sparekto,N,N,N,N,N,N,N,N,N,N,N
2489,08104611401,P,01110,Sandra Jan-Olav                    ,Lomeland                           ,N,J,N,J,N,Kunder over 67år m/bruks & sparekto,N,N,N,N,N,N,N,N,N,N,N
2489,03034809460,P,27000,Ingmar Edel                        ,Sollie                             ,N,J,J,J,N,Kunder over 67år m/bruks & sparekto,N,N,N,N,N,N,N,N,N,N,N
2489,18035301174,P,22000,Thorild Styrk                      ,Meidell                            ,N,N,N,J,N,Kunder over 67år m/bruks & sparekto,N,N,N,N,N,N,N,N,N,N,N
2489,12074128244,P,90152,Kathrin Nicolae                    ,Moldskred                          ,N,N,N,N,N,Kunder over 67år m/bruks & sparekto,N,N,N,N,N,N,N,N,N,N,N
2489,02125524322,P,21100,Mirjana Ben                        ,Fjellestad                         ,N,J,N,J,N,Kunder over 67år m/bruks & sparekto,N,N,N,N,N,N,N,N,N,N,N
2489,29055011689,P,20000,Wioleta Arthur                     ,Semb                               ,N,N,N,J,N,Kunder over 67år m/bruks & sparekto,N,N,N,N,N,N,N,N,N,N,N
2489,26085101780,P,31100,Paal Hana                          ,Homme                              ,N,N,N,J,N,Kunder over 67år m/bruks & sparekto,N,N,N,N,N,N,N,N,N,N,N
2489,05034303411,P,22000,Elise Jan-Roger                    ,Størksen                           ,N,N,N,J,N,Kunder over 67år m/bruks & sparekto,N,N,N,N,N,N,N,N,N,N,N
2489,21065316282,P,27000,Kristofer Samira                   ,Randen                             ,N,N,N,J,N,Kunder over 67år m/bruks & sparekto,N,N,N,N,N,N,N,N,N,N,N
2489,25024201522,P,31100,Elke Vincent                       ,Hovden                             ,N,N,N,J,N,Kunder over 67år m/bruks & sparekto,N,N,N,N,N,N,N,N,N,N,N
2489,10095516365,P,22912,Bernhard Evita                     ,Nilssen                            ,N,N,N,J,N,Kunder over 67år m/bruks & sparekto,N,N,N,N,N,N,N,N,N,N,N
2489,14104616675,P,22000,Sarah Paulo                        ,Stranden                           ,N,J,N,J,N,Kunder over 67år m/bruks & sparekto,N,N,N,N,N,N,N,N,N,N,N
2489,12074204137,P,10300,Audrius Vibecke                    ,Ingebretsen                        ,N,N,N,J,N,Kunder over 67år m/bruks & sparekto,N,N,N,N,N,N,N,N,N,N,N
2489,19013818293,P,01110,Mantas Bianca                      ,Vevang                             ,N,N,N,J,N,Kunder over 67år m/bruks & sparekto,N,N,N,N,N,N,N,N,N,N,N
2489,12074919608,P,22000,Vigdis Borger                      ,Holmstrøm                          ,N,N,N,J,N,Kunder over 67år m/bruks & sparekto,N,N,N,N,N,N,N,N,N,N,N
2489,12104822256,P,20000,Asle Emely                         ,Åsebø                              ,N,J,N,J,N,Kunder over 67år m/bruks & sparekto,N,N,N,N,N,N,N,N,N,N,N
2489,13035501716,P,31100,Aslak Gro-Anita                    ,Kleven                             ,N,J,N,J,N,Kunder over 67år m/bruks & sparekto,N,N,N,N,N,N,N,N,N,N,N
2489,16064505444,P,20000,Kinga Vegar                        ,Homme                              ,N,N,N,J,N,Kunder over 67år m/bruks & sparekto,N,N,N,N,N,N,N,N,N,N,N
2489,02115307099,P,21100,Elliot Ingela                      ,Fardal                             ,N,N,N,J,N,Kunder over 67år m/bruks & sparekto,N,N,N,N,N,N,N,N,N,N,N
2489,03084023476,P,01110,Borger Aase                        ,Stavik                             ,N,J,N,J,N,Kunder over 67år m/bruks & sparekto,N,N,N,N,N,N,N,N,N,N,N
2489,13105006343,P,22912,Jan-Fredrik Adriana                ,Rørstad                            ,N,N,N,J,N,Kunder over 67år m/bruks & sparekto,N,N,N,N,N,N,N,N,N,N,N
2489,23084917788,P,22912,Donatas Ambjørg                    ,Soltvedt                           ,N,N,N,J,N,Kunder over 67år m/bruks & sparekto,N,N,N,N,N,N,N,N,N,N,N
2489,09094508840,P,01110,Morteza Gudlaug                    ,Gill                               ,N,N,N,J,N,Kunder over 67år m/bruks & sparekto,N,N,N,N,N,N,N,N,N,N,N
2489,28015210313,P,90152,Søren Nina                         ,Skaugen                            ,N,N,N,J,N,Kunder over 67år m/bruks & sparekto,N,N,N,N,N,N,N,N,N,N,N
2489,24045320169,B,10200,Nadja Jan-Fredrik                  ,Aasheim                            ,N,J,N,J,N,Kunder over 67år m/bruks & sparekto,N,N,N,N,N,N,N,N,N,N,N
2489,19065416649,P,21100,Ingmar Anne-Grethe                 ,Midttun                            ,N,J,N,J,N,Kunder over 67år m/bruks & sparekto,N,N,N,N,N,N,N,N,N,N,N
2489,02034420060,P,22000,Lea Hans                           ,Aandal                             ,N,N,N,J,N,Kunder over 67år m/bruks & sparekto,N,N,N,N,N,N,N,N,N,N,N
2489,18115607037,P,22000,Usman Eirunn                       ,Jønsson                            ,N,J,N,J,N,Kunder over 67år m/bruks & sparekto,N,N,N,N,N,N,N,N,N,N,N
2489,05085324561,P,52000,May-Kristin Hans-Christian         ,Skjelstad                          ,N,J,N,J,N,Kunder over 67år m/bruks & sparekto,N,N,N,N,N,N,N,N,N,N,N
2489,27113531652,P,22000,Åsta Kaj                           ,Storsve                            ,N,J,N,J,N,Kunder over 67år m/bruks & sparekto,N,N,N,N,N,N,N,N,N,N,N
2489,22114327542,P,20000,Minh Thorgeir                      ,Stokkenes                          ,N,J,N,J,N,Kunder over 67år m/bruks & sparekto,N,N,N,N,N,N,N,N,N,N,N
2489,06084318874,P,22000,Frode Agneta                       ,Thorstensen                        ,N,N,N,J,N,Kunder over 67år m/bruks & sparekto,N,N,N,N,N,N,N,N,N,N,N
2489,23053829732,P,21100,Sol Odd-Arne                       ,Malik                              ,N,N,N,J,N,Kunder over 67år m/bruks & sparekto,N,N,N,N,N,N,N,N,N,N,N
2489,04125104210,P,41100,Agata Romas                        ,Fauskanger                         ,J,N,N,J,N,Kunder over 67år m/bruks & sparekto,N,N,N,N,N,N,N,N,N,N,N
2489,13125519347,P,22000,Magomed Bjørnhild                  ,Baustad                            ,N,J,N,J,N,Kunder over 67år m/bruks & sparekto,N,N,N,N,N,N,N,N,N,N,N
2489,22045011716,P,22912,Hroar Olga                         ,Homme                              ,N,J,N,J,N,Kunder over 67år m/bruks & sparekto,N,N,N,N,N,N,N,N,N,N,N
2489,16054127417,P,90152,Heine Matilde                      ,Dragland                           ,N,N,N,J,N,Kunder over 67år m/bruks & sparekto,N,N,N,N,N,N,N,N,N,N,N
2489,14085319346,P,22000,Wieslaw Vaida                      ,Husby                              ,N,J,N,J,N,Kunder over 67år m/bruks & sparekto,N,N,N,N,N,N,N,N,N,N,N
2489,17075306172,P,52000,Antoni Anne-Berit                  ,Brænden                            ,N,N,N,J,N,Kunder over 67år m/bruks & sparekto,N,N,N,N,N,N,N,N,N,N,N
2489,03115624635,P,22000,Fatime Tron                        ,Midttun                            ,N,N,N,J,N,Kunder over 67år m/bruks & sparekto,N,N,N,N,N,N,N,N,N,N,N
2489,02053807553,P,90152,Kai Åslaug                         ,Sandnes                            ,N,N,J,J,N,Kunder over 67år m/bruks & sparekto,N,N,N,N,N,N,N,N,N,N,N
2489,25014502621,P,21100,Edgar Irena                        ,Bjørkedal                          ,N,J,N,N,N,Kunder over 67år m/bruks & sparekto,N,N,N,N,N,N,N,N,N,N,N
2489,18045614308,P,22000,Danijela Dovydas                   ,Øvland                             ,N,N,N,J,N,Kunder over 67år m/bruks & sparekto,N,N,N,N,N,N,N,N,N,N,N
2489,20064906349,P,22912,Jardar Elen                        ,Grøterud                           ,N,N,N,J,N,Kunder over 67år m/bruks & sparekto,N,N,N,N,N,N,N,N,N,N,N
2489,17065202220,P,20000,Tale Audun                         ,Horvei                             ,N,N,N,J,N,Kunder over 67år m/bruks & sparekto,N,N,N,N,N,N,N,N,N,N,N
2489,24064608343,P,20000,Ståle Eilen                        ,Mehmood                            ,N,N,N,J,N,Kunder over 67år m/bruks & sparekto,N,N,N,N,N,N,N,N,N,N,N
2489,27084706340,B,83100,Ståle Gurli                        ,Koppang                            ,N,N,N,J,N,Kunder over 67år m/bruks & sparekto,N,N,N,N,N,N,N,N,N,N,N
2489,28075302675,P,22912,Frederick Vaida                    ,Xu                                 ,N,N,J,J,N,Kunder over 67år m/bruks & sparekto,N,N,N,N,N,N,N,N,N,N,N
2489,20055505862,P,10000,Dumitru Milda                      ,Moksnes                            ,N,N,N,J,N,Kunder over 67år m/bruks & sparekto,N,N,N,N,N,N,N,N,N,N,N
2489,06043516807,P,41100,Eduardo Ekaterina                  ,Erikstad                           ,J,N,N,J,N,Kunder over 67år m/bruks & sparekto,N,N,N,N,N,N,N,N,N,N,N
2489,26055200423,P,10000,Kristofer Eirin                    ,Vorland                            ,N,N,N,J,N,Kunder over 67år m/bruks & sparekto,N,N,N,N,N,N,N,N,N,N,N
2489,13014502259,P,20000,Biniam Judy                        ,Kolnes                             ,N,N,N,J,N,Kunder over 67år m/bruks & sparekto,N,N,N,N,N,N,N,N,N,N,N
2489,22043817578,P,10000,Dalia Ingvald                      ,Bøhler                             ,N,N,N,J,N,Kunder over 67år m/bruks & sparekto,N,N,N,N,N,N,N,N,N,N,N
2489,31054612276,P,22912,Mike Sari                          ,Frantzen                           ,N,N,J,J,N,Kunder over 67år m/bruks & sparekto,N,N,N,N,N,N,N,N,N,N,N
2489,18055507895,P,22912,Viola Mahad                        ,Svensson                           ,N,N,N,J,N,Kunder over 67år m/bruks & sparekto,N,N,N,N,N,N,N,N,N,N,N
2489,20084908410,P,01110,Mantas Bianca                      ,Berntzen                           ,N,J,N,J,N,Kunder over 67år m/bruks & sparekto,N,N,N,N,N,N,N,N,N,N,N
2489,02095318099,B,83100,Agneta Willy                       ,Fredheim                           ,J,J,N,J,N,Kunder over 67år m/bruks & sparekto,N,N,N,N,N,N,N,N,N,N,N
2489,02045518151,P,01110,Maylinn Bjørge                     ,Førland                            ,N,N,N,J,N,Kunder over 67år m/bruks & sparekto,N,N,N,N,N,N,N,N,N,N,N
2489,09024903130,P,22000,Benny Margot                       ,Aslaksen                           ,N,N,N,J,N,Kunder over 67år m/bruks & sparekto,N,N,N,N,N,N,N,N,N,N,N
2489,14055317012,P,01110,Karin Idris                        ,Garvik                             ,N,N,N,J,N,Kunder over 67år m/bruks & sparekto,N,N,N,N,N,N,N,N,N,N,N
2489,17114902055,P,22912,Une Frederik                       ,Romsdal                            ,N,N,N,J,N,Kunder over 67år m/bruks & sparekto,N,N,N,N,N,N,N,N,N,N,N
2489,16084223305,P,01110,Raja Nadezda                       ,Bredal                             ,N,N,N,J,N,Kunder over 67år m/bruks & sparekto,N,N,N,N,N,N,N,N,N,N,N
2489,07104707372,P,22000,Hanne Audun                        ,Busch                              ,N,N,N,J,N,Kunder over 67år m/bruks & sparekto,N,N,N,N,N,N,N,N,N,N,N
2489,12015117557,P,20000,Paal Hana                          ,Kile                               ,N,N,N,J,N,Kunder over 67år m/bruks & sparekto,N,N,N,N,N,N,N,N,N,N,N
2489,29055412950,P,21100,Nasreen Carsten                    ,Lomeland                           ,N,N,N,J,N,Kunder over 67år m/bruks & sparekto,N,N,N,N,N,N,N,N,N,N,N
2489,27114507968,P,21100,Fillip Daiva                       ,Aarsand                            ,N,J,N,J,N,Kunder over 67år m/bruks & sparekto,N,N,N,N,N,N,N,N,N,N,N
2489,19114013407,P,10000,Liubov Mantas                      ,Nedregård                          ,N,N,J,J,N,Kunder over 67år m/bruks & sparekto,N,N,N,N,N,N,N,N,N,N,N
2489,28094501018,P,01110,Mehran Ingvill                     ,Jordet                             ,N,N,N,J,N,Kunder over 67år m/bruks & sparekto,N,N,N,N,N,N,N,N,N,N,N
2489,30084218770,P,22000,Kolbjørn Sari                      ,Monstad                            ,N,N,N,J,N,Kunder over 67år m/bruks & sparekto,N,N,N,N,N,N,N,N,N,N,N
2489,07024423446,P,20000,Ågot Maciej                        ,Nordlund                           ,N,N,N,J,N,Kunder over 67år m/bruks & sparekto,N,N,N,N,N,N,N,N,N,N,N
2489,23065501848,P,22000,Ilze Pawel                         ,Flage                              ,N,N,N,J,N,Kunder over 67år m/bruks & sparekto,N,N,N,N,N,N,N,N,N,N,N
2489,29114522560,P,10000,Ståle Gurli                        ,Solvik                             ,J,N,N,J,N,Kunder over 67år m/bruks & sparekto,N,N,N,N,N,N,N,N,N,N,N
2489,05025309725,P,31100,Andrius Marlen                     ,Bakker                             ,J,N,N,J,N,Kunder over 67år m/bruks & sparekto,N,N,N,N,N,N,N,N,N,N,N
2489,27055112172,P,01110,Neil Lorna                         ,Marøy                              ,N,J,J,J,N,Kunder over 67år m/bruks & sparekto,N,N,N,N,N,N,N,N,N,N,N
2489,26084508976,P,31100,Yohannes Wera                      ,Habberstad                         ,N,N,N,J,N,Kunder over 67år m/bruks & sparekto,N,N,N,N,N,N,N,N,N,N,N
2489,19115018755,P,22912,Tony Faiza                         ,Borge                              ,N,N,N,J,N,Kunder over 67år m/bruks & sparekto,N,N,N,N,N,N,N,N,N,N,N
2489,08103905657,P,22000,Edgar Irena                        ,Loen                               ,N,J,N,J,N,Kunder over 67år m/bruks & sparekto,N,N,N,N,N,N,N,N,N,N,N
2489,13035120631,P,53000,Tommy Raimonda                     ,Omdahl                             ,N,J,J,J,N,Kunder over 67år m/bruks & sparekto,N,N,N,N,N,N,N,N,N,N,N
2489,19095100085,P,20000,Vasile Augusta                     ,Rui                                ,N,J,J,J,N,Kunder over 67år m/bruks & sparekto,N,N,N,N,N,N,N,N,N,N,N
2489,14124700176,P,22912,Tron Evelyn                        ,Brastad                            ,N,N,N,J,N,Kunder over 67år m/bruks & sparekto,N,N,N,N,N,N,N,N,N,N,N
2489,21015202146,P,91600,Biniam Nataliia                    ,Monstad                            ,J,N,N,J,N,Kunder over 67år m/bruks & sparekto,N,N,N,N,N,N,N,N,N,N,N
2489,09084607654,P,90152,Frode Agneta                       ,Reite                              ,J,N,N,J,N,Kunder over 67år m/bruks & sparekto,N,N,N,N,N,N,N,N,N,N,N
2489,15013826894,P,20000,Tony Kristina                      ,Slåtten                            ,N,N,N,J,N,Kunder over 67år m/bruks & sparekto,N,N,N,N,N,N,N,N,N,N,N
2489,05075200422,P,20000,Juozas Anne-Grete                  ,Heien                              ,N,N,N,J,N,Kunder over 67år m/bruks & sparekto,N,N,N,N,N,N,N,N,N,N,N
2489,26104625621,P,03500,Joar Rosemarie                     ,Stokkenes                          ,N,J,J,J,N,Kunder over 67år m/bruks & sparekto,N,N,N,N,N,N,N,N,N,N,N
2489,05104806017,P,10000,Fredrikke Jari                     ,Rygh                               ,N,N,N,J,N,Kunder over 67år m/bruks & sparekto,N,N,N,N,N,N,N,N,N,N,N
2489,07014513080,P,21100,Kristofer Eirin                    ,Steindal                           ,N,J,N,J,N,Kunder over 67år m/bruks & sparekto,N,N,N,N,N,N,N,N,N,N,N
2489,13064522749,P,01110,Cristina Francisco                 ,Kongshaug                          ,N,N,N,J,N,Kunder over 67år m/bruks & sparekto,N,N,N,N,N,N,N,N,N,N,N
2489,16074701969,P,22000,Mahad Margith                      ,Kopperud                           ,N,J,N,J,N,Kunder over 67år m/bruks & sparekto,N,N,N,N,N,N,N,N,N,N,N
2489,07074607505,P,22000,Odd-Erik Viktorija                 ,Tharaldsen                         ,N,J,N,J,N,Kunder over 67år m/bruks & sparekto,N,N,N,N,N,N,N,N,N,N,N
2489,18015121773,P,22912,Wieslaw Vaida                      ,Hjelseth                           ,N,J,N,J,N,Kunder over 67år m/bruks & sparekto,N,N,N,N,N,N,N,N,N,N,N
2489,03113202407,P,20000,Glen Katja                         ,Leivestad                          ,N,N,N,J,N,Kunder over 67år m/bruks & sparekto,N,N,N,N,N,N,N,N,N,N,N
2489,19125010116,P,27000,Kari-Ann Geir-Arne                 ,Skjervold                          ,N,N,N,J,N,Kunder over 67år m/bruks & sparekto,N,N,N,N,N,N,N,N,N,N,N
2489,19115304561,P,41100,Andre Mai-Lis                      ,Botten                             ,N,N,N,J,N,Kunder over 67år m/bruks & sparekto,N,N,N,N,N,N,N,N,N,N,N
2489,25015505101,P,10000,Nadja Jan-Fredrik                  ,Haddeland                          ,N,J,N,J,N,Kunder over 67år m/bruks & sparekto,N,N,N,N,N,N,N,N,N,N,N
2489,20034800597,P,21100,Sivert Sari                        ,Dreyer                             ,J,J,N,J,N,Kunder over 67år m/bruks & sparekto,N,N,N,N,N,N,N,N,N,N,N
2489,20104814620,P,01110,Lars-Kristian Gunlaug              ,Sevaldsen                          ,N,N,N,J,N,Kunder over 67år m/bruks & sparekto,N,N,N,N,N,N,N,N,N,N,N
2489,13094702563,P,27000,Halldis Emilio                     ,Røysland                           ,N,N,N,J,N,Kunder over 67år m/bruks & sparekto,N,N,N,N,N,N,N,N,N,N,N
2489,15105016627,P,27000,Radoslaw Birthe                    ,Heier                              ,N,J,J,J,N,Kunder over 67år m/bruks & sparekto,N,N,N,N,N,N,N,N,N,N,N
2489,25093808447,P,20000,Jannecke Helmut                    ,Kvamme                             ,N,N,N,J,N,Kunder over 67år m/bruks & sparekto,N,N,N,N,N,N,N,N,N,N,N
2489,24084717432,P,22912,Inga-Lill Sturle                   ,Alnæs                              ,N,J,N,N,N,Kunder over 67år m/bruks & sparekto,N,N,N,N,N,N,N,N,N,N,N
2489,08064801059,P,22000,Vasile Diane                       ,Wahlstrøm                          ,N,J,N,J,N,Kunder over 67år m/bruks & sparekto,N,N,N,N,N,N,N,N,N,N,N
2489,24105216943,P,31100,Annabell Ivar                      ,Myran                              ,J,J,N,J,N,Kunder over 67år m/bruks & sparekto,N,N,N,N,N,N,N,N,N,N,N
2489,03114414289,P,31100,Hallstein Isabelle                 ,Fagerheim                          ,N,N,N,J,N,Kunder over 67år m/bruks & sparekto,N,N,N,N,N,N,N,N,N,N,N
2489,03095206629,P,20000,Andrius Mie                        ,Fjellestad                         ,N,N,J,J,N,Kunder over 67år m/bruks & sparekto,N,N,N,N,N,N,N,N,N,N,N
2489,24024605902,P,90152,Werner Catharina                   ,Gullaksen                          ,N,N,N,J,N,Kunder over 67år m/bruks & sparekto,N,N,N,N,N,N,N,N,N,N,N
2489,02035202628,P,20000,Eduardo Torhild                    ,Beyer                              ,N,N,N,J,N,Kunder over 67år m/bruks & sparekto,N,N,N,N,N,N,N,N,N,N,N
2489,18015214607,P,22000,Sissel Jan-Roger                   ,Nordgaard                          ,N,N,N,J,N,Kunder over 67år m/bruks & sparekto,N,N,N,N,N,N,N,N,N,N,N
2489,12014521966,P,53000,Gørild Ion                         ,Marøy                              ,N,N,N,J,N,Kunder over 67år m/bruks & sparekto,N,N,N,N,N,N,N,N,N,N,N
2489,29015004531,P,10000,Monika Ingvard                     ,Sundal                             ,N,N,N,J,N,Kunder over 67år m/bruks & sparekto,N,N,N,N,N,N,N,N,N,N,N
2489,18094522532,P,21100,Torhild Noel                       ,Grongstad                          ,N,N,N,J,N,Kunder over 67år m/bruks & sparekto,N,N,N,N,N,N,N,N,N,N,N
2489,07054314145,P,20000,Franziska Julian                   ,Østrem                             ,N,N,N,J,N,Kunder over 67år m/bruks & sparekto,N,N,N,N,N,N,N,N,N,N,N
2489,01065206257,P,31100,Torolf Daniela                     ,Miller                             ,N,J,J,J,N,Kunder over 67år m/bruks & sparekto,N,N,N,N,N,N,N,N,N,N,N
2489,19094706257,B,31100,Martin Svanhild                    ,Bjørnstad                          ,N,N,N,J,N,Kunder over 67år m/bruks & sparekto,N,N,N,N,N,N,N,N,N,N,N
2489,03065416653,P,20000,Christa Emilio                     ,Schie                              ,N,N,N,J,N,Kunder over 67år m/bruks & sparekto,N,N,N,N,N,N,N,N,N,N,N
2489,28044617317,B,10000,Wieslaw Vaida                      ,Linge                              ,N,N,N,J,N,Kunder over 67år m/bruks & sparekto,N,N,N,N,N,N,N,N,N,N,N
2489,26114426473,P,21100,Sandra Leszek                      ,Byrkjeland                         ,N,J,N,J,N,Kunder over 67år m/bruks & sparekto,N,N,N,N,N,N,N,N,N,N,N
2489,15034714565,P,20000,Raja Ranja                         ,Grønning                           ,N,N,N,J,N,Kunder over 67år m/bruks & sparekto,N,N,N,N,N,N,N,N,N,N,N
2489,25025302608,P,01110,Maylen Manuel                      ,Osmundsen                          ,N,N,N,J,N,Kunder over 67år m/bruks & sparekto,N,N,N,N,N,N,N,N,N,N,N
2489,31013926053,P,22000,Magdalena Tord                     ,Rikardsen                          ,J,N,N,J,N,Kunder over 67år m/bruks & sparekto,N,N,N,N,N,N,N,N,N,N,N
2489,06084816858,P,53000,Kristofer Samira                   ,Hatland                            ,N,J,N,N,N,Kunder over 67år m/bruks & sparekto,N,N,N,N,N,N,N,N,N,N,N
2489,25125305965,P,52000,Lotte Abdulkadir                   ,Indergård                          ,N,N,N,J,N,Kunder over 67år m/bruks & sparekto,N,N,N,N,N,N,N,N,N,N,N
2489,21115517853,P,03500,Valdemar Ingrid                    ,Hellerud                           ,N,N,N,J,N,Kunder over 67år m/bruks & sparekto,N,N,N,N,N,N,N,N,N,N,N
2489,30064311561,P,20000,Jafar Kristi                       ,Amble                              ,N,J,N,J,N,Kunder over 67år m/bruks & sparekto,N,N,N,N,N,N,N,N,N,N,N
2489,18075500463,P,41100,Edmund Margith                     ,Skjølberg                          ,J,J,N,J,N,Kunder over 67år m/bruks & sparekto,N,N,N,N,N,N,N,N,N,N,N
2489,23112730745,P,21100,Szymon Evy                         ,Brænden                            ,N,N,N,J,N,Kunder over 67år m/bruks & sparekto,N,N,N,N,N,N,N,N,N,N,N
2489,16094418775,P,10000,Hroar Olga                         ,Schanche                           ,N,N,N,J,N,Kunder over 67år m/bruks & sparekto,N,N,N,N,N,N,N,N,N,N,N
2489,25055015069,P,20000,Bjørghild Helmut                   ,Engelsen                           ,N,N,N,J,N,Kunder over 67år m/bruks & sparekto,N,N,N,N,N,N,N,N,N,N,N
2489,15064516504,P,31100,Nataliia Fernando                  ,Korsvik                            ,N,N,N,J,N,Kunder over 67år m/bruks & sparekto,N,N,N,N,N,N,N,N,N,N,N
2489,17124912865,P,01110,Amanda Joakim                      ,Nyhus                              ,N,N,N,J,N,Kunder over 67år m/bruks & sparekto,N,N,N,N,N,N,N,N,N,N,N
2489,30105016693,P,20000,Ingela Reidar                      ,Omar                               ,N,J,N,J,N,Kunder over 67år m/bruks & sparekto,N,N,N,N,N,N,N,N,N,N,N
2489,18034127324,P,22000,Frode Ksenia                       ,Holta                              ,N,J,N,J,N,Kunder over 67år m/bruks & sparekto,N,N,N,N,N,N,N,N,N,N,N
2489,02115400374,P,21100,Betsy Yosef                        ,Hallan                             ,N,N,J,J,N,Kunder over 67år m/bruks & sparekto,N,N,N,N,N,N,N,N,N,N,N
2489,19124826473,P,22000,Endre Paola                        ,Hjelseth                           ,N,J,N,J,N,Kunder over 67år m/bruks & sparekto,N,N,N,N,N,N,N,N,N,N,N
2489,19054423708,P,01110,Ståle Gurli                        ,Hage                               ,N,N,N,J,N,Kunder over 67år m/bruks & sparekto,N,N,N,N,N,N,N,N,N,N,N
2489,31085419725,P,01110,Ruth Jan-Olav                      ,Ulleberg                           ,N,N,N,J,N,Kunder over 67år m/bruks & sparekto,N,N,N,N,N,N,N,N,N,N,N
2489,27125127938,P,01110,Reid Vida                          ,Brænden                            ,N,N,N,J,N,Kunder over 67år m/bruks & sparekto,N,N,N,N,N,N,N,N,N,N,N
2489,08105514485,P,27000,Wanda Yaser                        ,Førland                            ,N,N,N,J,N,Kunder over 67år m/bruks & sparekto,N,N,N,N,N,N,N,N,N,N,N
2489,06024405735,P,31100,Isa Albin                          ,Sørdal                             ,N,N,N,J,N,Kunder over 67år m/bruks & sparekto,N,N,N,N,N,N,N,N,N,N,N
2489,18025118002,P,90152,Catharina Tron                     ,Erland                             ,N,N,N,J,N,Kunder over 67år m/bruks & sparekto,N,N,N,N,N,N,N,N,N,N,N
2489,31033818575,P,22912,Iben Renate                        ,Heggem                             ,N,N,N,N,N,Kunder over 67år m/bruks & sparekto,N,N,N,N,N,N,N,N,N,N,N
2489,05095112627,P,22000,Kine Varg                          ,Lian                               ,N,N,N,J,N,Kunder over 67år m/bruks & sparekto,N,N,N,N,N,N,N,N,N,N,N
2489,06015209834,P,91600,Julianne Ionut                     ,Ramfjord                           ,J,N,N,N,N,Kunder over 67år m/bruks & sparekto,N,N,N,N,N,N,N,N,N,N,N
2489,30054004431,P,20000,Mia Emilio                         ,Skjørestad                         ,N,N,N,J,N,Kunder over 67år m/bruks & sparekto,N,N,N,N,N,N,N,N,N,N,N
2489,02074116119,P,53000,Asborg Carsten                     ,Høgås                              ,N,J,N,J,N,Kunder over 67år m/bruks & sparekto,N,N,N,N,N,N,N,N,N,N,N
2489,06013225034,P,27000,Lydia Marius                       ,Enes                               ,N,N,N,J,N,Kunder over 67år m/bruks & sparekto,N,N,N,N,N,N,N,N,N,N,N
2489,16104500718,P,10000,Afrim Annelin                      ,Bergh                              ,N,N,N,J,N,Kunder over 67år m/bruks & sparekto,N,N,N,N,N,N,N,N,N,N,N
2489,19015015589,P,22912,Joacim Jasmina                     ,Lund                               ,N,J,N,J,N,Kunder over 67år m/bruks & sparekto,N,N,N,N,N,N,N,N,N,N,N
2489,16073307566,P,10000,Dyveke Herbert                     ,Knutsen                            ,J,J,N,J,N,Kunder over 67år m/bruks & sparekto,N,N,N,N,N,N,N,N,N,N,N
2489,03034808243,P,90152,Sissel Christer                    ,Kiil                               ,N,J,N,J,N,Kunder over 67år m/bruks & sparekto,N,N,N,N,N,N,N,N,N,N,N
2489,17115010158,P,41100,Kolbjørn Sari                      ,Leite                              ,N,N,N,J,N,Kunder over 67år m/bruks & sparekto,N,N,N,N,N,N,N,N,N,N,N
2489,04125001748,P,22912,Neil Lorna                         ,Aanonsen                           ,N,N,N,J,N,Kunder over 67år m/bruks & sparekto,N,N,N,N,N,N,N,N,N,N,N
2489,15025017452,P,20000,Birte Umar                         ,Willumsen                          ,N,N,N,J,N,Kunder over 67år m/bruks & sparekto,N,N,N,N,N,N,N,N,N,N,N
2489,24064320110,P,22000,Øydis Anstein                      ,Kvalø                              ,N,J,N,J,N,Kunder over 67år m/bruks & sparekto,N,N,N,N,N,N,N,N,N,N,N
2489,13044802605,P,27000,Torstein Marith                    ,Le                                 ,N,N,N,J,N,Kunder over 67år m/bruks & sparekto,N,N,N,N,N,N,N,N,N,N,N
2489,27075312275,P,10000,Nadine Mladen                      ,Engedal                            ,J,N,N,J,N,Kunder over 67år m/bruks & sparekto,N,N,N,N,N,N,N,N,N,N,N
2489,23104418252,P,10000,Oddmar Mariana                     ,Nordbø                             ,N,J,N,J,N,Kunder over 67år m/bruks & sparekto,N,N,N,N,N,N,N,N,N,N,N
2489,15104719187,P,22000,Anja Mattis                        ,Jones                              ,N,N,N,J,N,Kunder over 67år m/bruks & sparekto,N,N,N,N,N,N,N,N,N,N,N
2489,07063919866,P,10000,Kristofer Eirin                    ,Dyrstad                            ,N,J,N,J,N,Kunder over 67år m/bruks & sparekto,N,N,N,N,N,N,N,N,N,N,N
2489,29075610538,P,01110,Paal Anlaug                        ,Moi                                ,N,N,N,J,N,Kunder over 67år m/bruks & sparekto,N,N,N,N,N,N,N,N,N,N,N
2489,26065021624,P,22912,Cathrin Kenny                      ,Nore                               ,N,J,N,J,N,Kunder over 67år m/bruks & sparekto,N,N,N,N,N,N,N,N,N,N,N
2489,17025406052,P,21100,Benny Oda                          ,Gregersen                          ,N,N,N,J,N,Kunder over 67år m/bruks & sparekto,N,N,N,N,N,N,N,N,N,N,N
2489,05084420532,P,22912,Reid Erle                          ,Gangstad                           ,N,N,N,J,N,Kunder over 67år m/bruks & sparekto,N,N,N,N,N,N,N,N,N,N,N
2489,29054700316,P,31100,Stener Anne-Marit                  ,Høiseth                            ,J,N,N,J,N,Kunder over 67år m/bruks & sparekto,N,N,N,N,N,N,N,N,N,N,N
2489,26115613595,P,20000,Gregor Anne-Line                   ,Wiig                               ,N,J,N,J,N,Kunder over 67år m/bruks & sparekto,N,N,N,N,N,N,N,N,N,N,N
2489,05035614763,P,53000,Ibrahim Anne-Britt                 ,Flønes                             ,N,J,N,J,N,Kunder over 67år m/bruks & sparekto,N,N,N,N,N,N,N,N,N,N,N
2489,19095306120,P,52000,Joanne Magnus                      ,Fjeldberg                          ,N,J,N,J,N,Kunder over 67år m/bruks & sparekto,N,N,N,N,N,N,N,N,N,N,N
2489,07083437361,P,31100,Petr Ann-Sofie                     ,Wallin                             ,N,J,N,N,N,Kunder over 67år m/bruks & sparekto,N,N,N,N,N,N,N,N,N,N,N
2489,19114900284,P,10000,Jardar Oddrun                      ,Skarstad                           ,N,N,N,J,N,Kunder over 67år m/bruks & sparekto,N,N,N,N,N,N,N,N,N,N,N
2489,10105317811,P,10000,Raimondas Torunn                   ,Sværen                             ,N,N,N,J,N,Kunder over 67år m/bruks & sparekto,N,N,N,N,N,N,N,N,N,N,N
2489,30015216162,P,90152,Søren Nina                         ,Christensen                        ,N,N,N,J,N,Kunder over 67år m/bruks & sparekto,N,N,N,N,N,N,N,N,N,N,N
2489,16103822940,P,01110,Ståle Kristbjørg                   ,Dyrseth                            ,N,N,N,J,N,Kunder over 67år m/bruks & sparekto,N,N,N,N,N,N,N,N,N,N,N
2489,25105401399,P,22000,Elke Vincent                       ,Østgård                            ,N,J,N,J,N,Kunder over 67år m/bruks & sparekto,N,N,N,N,N,N,N,N,N,N,N
2489,11025618043,P,41100,Mehmed Amina                       ,Tjøstheim                          ,N,N,N,J,N,Kunder over 67år m/bruks & sparekto,N,N,N,N,N,N,N,N,N,N,N
2489,13094810455,P,10000,Weronika Miguel                    ,Skålevik                           ,N,J,N,J,N,Kunder over 67år m/bruks & sparekto,N,N,N,N,N,N,N,N,N,N,N
2489,14034801941,P,20000,Berge Almaz                        ,Grongstad                          ,N,J,N,J,N,Kunder over 67år m/bruks & sparekto,N,N,N,N,N,N,N,N,N,N,N
2489,22044001725,P,22000,Mateusz Ragni                      ,Schanche                           ,N,N,N,J,N,Kunder over 67år m/bruks & sparekto,N,N,N,N,N,N,N,N,N,N,N
2489,20064122062,P,10000,Linda Fabio                        ,Molland                            ,N,J,N,J,N,Kunder over 67år m/bruks & sparekto,N,N,N,N,N,N,N,N,N,N,N
2489,16095424663,P,20000,Edgar Irena                        ,Grongstad                          ,N,N,J,J,N,Kunder over 67år m/bruks & sparekto,N,N,N,N,N,N,N,N,N,N,N
2489,24075112579,P,03500,Stine Vincent                      ,Teigland                           ,N,J,J,J,N,Kunder over 67år m/bruks & sparekto,N,N,N,N,N,N,N,N,N,N,N
2489,23123911644,P,20000,Joar Bitten                        ,Malm                               ,N,N,N,J,N,Kunder over 67år m/bruks & sparekto,N,N,N,N,N,N,N,N,N,N,N
2489,15094218109,P,22000,Margot Ion                         ,Olsson                             ,N,N,N,J,N,Kunder over 67år m/bruks & sparekto,N,N,N,N,N,N,N,N,N,N,N
2489,10123903795,P,22912,Dumitru Kelly                      ,Elden                              ,N,J,N,J,N,Kunder over 67år m/bruks & sparekto,N,N,N,N,N,N,N,N,N,N,N
2489,22064804476,P,51000,Eduardo Neringa                    ,Gerhardsen                         ,N,N,J,J,N,Kunder over 67år m/bruks & sparekto,N,N,N,N,N,N,N,N,N,N,N
2489,20075303557,P,22000,Heiko Diana                        ,Hynne                              ,N,N,N,J,N,Kunder over 67år m/bruks & sparekto,N,N,N,N,N,N,N,N,N,N,N
2489,20074704981,P,22000,Maksim Thyra                       ,Ekeland                            ,N,J,N,J,N,Kunder over 67år m/bruks & sparekto,N,N,N,N,N,N,N,N,N,N,N
2489,24064814245,P,20000,Mantas Bianca                      ,Bruvik                             ,N,J,J,J,N,Kunder over 67år m/bruks & sparekto,N,N,N,N,N,N,N,N,N,N,N
2489,13064611741,P,21100,Carla Willy                        ,Bartnes                            ,N,J,N,N,N,Kunder over 67år m/bruks & sparekto,N,N,N,N,N,N,N,N,N,N,N
2489,08113703270,P,41100,Marcel May-Helen                   ,Olaussen                           ,N,N,N,J,N,Kunder over 67år m/bruks & sparekto,N,N,N,N,N,N,N,N,N,N,N
2489,16124513727,P,10000,Edgar Yulia                        ,Hynne                              ,N,N,N,J,N,Kunder over 67år m/bruks & sparekto,N,N,N,N,N,N,N,N,N,N,N
2489,07024702760,P,41100,Håvard Rønnaug                     ,Østby                              ,N,N,N,J,N,Kunder over 67år m/bruks & sparekto,N,N,N,N,N,N,N,N,N,N,N
2489,18124824504,P,22000,Torsten Oxana                      ,Elvenes                            ,N,N,N,J,N,Kunder over 67år m/bruks & sparekto,N,N,N,N,N,N,N,N,N,N,N
2489,09124017790,P,21100,Eldfrid Francisco                  ,Bjerkås                            ,N,N,N,J,N,Kunder over 67år m/bruks & sparekto,N,N,N,N,N,N,N,N,N,N,N
2489,27015625045,P,41100,Marika Reidar                      ,Lohne                              ,N,J,J,J,N,Kunder over 67år m/bruks & sparekto,N,N,N,N,N,N,N,N,N,N,N
2489,19125200357,P,22000,Bodhild Ingvald                    ,Skålevik                           ,N,N,N,J,N,Kunder over 67år m/bruks & sparekto,N,N,N,N,N,N,N,N,N,N,N
2489,14064602773,P,51000,Wieslaw Vaida                      ,Farestveit                         ,N,N,N,J,N,Kunder over 67år m/bruks & sparekto,N,N,N,N,N,N,N,N,N,N,N
2489,25094717704,B,01110,Justas Vilja                       ,Nymark                             ,N,J,N,J,N,Kunder over 67år m/bruks & sparekto,N,N,N,N,N,N,N,N,N,N,N
2489,29105006924,P,10000,Gard Hedda                         ,Eliassen                           ,N,N,N,J,N,Kunder over 67år m/bruks & sparekto,N,N,N,N,N,N,N,N,N,N,N
2489,24124703103,P,01110,Bjarte Mona                        ,Gjøsund                            ,N,J,N,J,N,Kunder over 67år m/bruks & sparekto,N,N,N,N,N,N,N,N,N,N,N
2489,22054820651,P,22000,Sissel Jan-Roger                   ,Homme                              ,N,J,J,J,N,Kunder over 67år m/bruks & sparekto,N,N,N,N,N,N,N,N,N,N,N
2489,10074920360,P,22000,Wioletta Sindre                    ,Amlie                              ,N,J,N,J,N,Kunder over 67år m/bruks & sparekto,N,N,N,N,N,N,N,N,N,N,N
2489,13044607993,P,22912,Anne Berhane                       ,Kjøde                              ,N,N,N,J,N,Kunder over 67år m/bruks & sparekto,N,N,N,N,N,N,N,N,N,N,N
2489,08024500161,P,90152,Borger Faiza                       ,Skarstad                           ,N,J,N,J,N,Kunder over 67år m/bruks & sparekto,N,N,N,N,N,N,N,N,N,N,N
2489,27095310244,P,21100,Kristofer Eirin                    ,Jentoft                            ,N,J,N,J,N,Kunder over 67år m/bruks & sparekto,N,N,N,N,N,N,N,N,N,N,N
2489,02054705207,P,41100,Anita Torsten                      ,Tengesdal                          ,N,N,N,J,N,Kunder over 67år m/bruks & sparekto,N,N,N,N,N,N,N,N,N,N,N
2489,10125421186,P,20000,Heine May-Brit                     ,Hage                               ,N,N,N,J,N,Kunder over 67år m/bruks & sparekto,N,N,N,N,N,N,N,N,N,N,N
2489,18105506585,P,41100,Gertrud Nicolae                    ,Lia                                ,N,J,N,J,N,Kunder over 67år m/bruks & sparekto,N,N,N,N,N,N,N,N,N,N,N
2489,23035106529,P,20000,Livar Rine                         ,Kildal                             ,N,J,N,J,N,Kunder over 67år m/bruks & sparekto,N,N,N,N,N,N,N,N,N,N,N
2489,13105524190,P,10000,Edgar Egle                         ,Baustad                            ,J,J,N,J,N,Kunder over 67år m/bruks & sparekto,N,N,N,N,N,N,N,N,N,N,N
2489,04125017652,P,90152,Shahzad Cynthia                    ,Meidell                            ,J,N,N,J,N,Kunder over 67år m/bruks & sparekto,N,N,N,N,N,N,N,N,N,N,N
2489,09124122888,P,53000,Azad Edna                          ,Steiro                             ,N,N,N,J,N,Kunder over 67år m/bruks & sparekto,N,N,N,N,N,N,N,N,N,N,N
2489,16063115839,P,10000,Tarjei Line                        ,Knutsen                            ,N,J,N,J,N,Kunder over 67år m/bruks & sparekto,N,N,N,N,N,N,N,N,N,N,N
2489,12114811651,P,01110,Håvard Kathrin                     ,Lenes                              ,N,J,J,J,N,Kunder over 67år m/bruks & sparekto,N,N,N,N,N,N,N,N,N,N,N
2489,03104804623,P,22000,Zdzislaw Brenda                    ,Evanger                            ,N,J,N,N,N,Kunder over 67år m/bruks & sparekto,N,N,N,N,N,N,N,N,N,N,N
2489,05095600486,P,22912,Borgny Audun                       ,Dahir                              ,J,J,N,J,N,Kunder over 67år m/bruks & sparekto,N,N,N,N,N,N,N,N,N,N,N
2489,20094509492,P,01110,Marija Thorvald                    ,Holmøy                             ,N,N,N,J,N,Kunder over 67år m/bruks & sparekto,N,N,N,N,N,N,N,N,N,N,N
2489,02015500266,P,52000,Vasile Diane                       ,Berggren                           ,N,N,N,J,N,Kunder over 67år m/bruks & sparekto,N,N,N,N,N,N,N,N,N,N,N
2489,08094920362,P,10000,Ann-Katrin Henri                   ,Dale                               ,N,J,J,J,N,Kunder over 67år m/bruks & sparekto,N,N,N,N,N,N,N,N,N,N,N
2489,10024600322,P,10000,Une Ingvard                        ,Aurstad                            ,N,N,N,J,N,Kunder over 67år m/bruks & sparekto,N,N,N,N,N,N,N,N,N,N,N
2489,11085615965,P,52000,Maricel Thor-Arne                  ,Torsvik                            ,N,N,N,J,N,Kunder over 67år m/bruks & sparekto,N,N,N,N,N,N,N,N,N,N,N
2489,16035110090,P,10000,Jardar Rasa                        ,Myrstad                            ,N,N,N,J,N,Kunder over 67år m/bruks & sparekto,N,N,N,N,N,N,N,N,N,N,N
2489,22065608727,P,20000,Danijela Harald                    ,Englund                            ,N,N,N,J,N,Kunder over 67år m/bruks & sparekto,N,N,N,N,N,N,N,N,N,N,N
2489,23015214430,P,22000,Erin Joakim                        ,Skogland                           ,N,N,N,J,N,Kunder over 67år m/bruks & sparekto,N,N,N,N,N,N,N,N,N,N,N
2489,05123534850,P,27000,Torodd Thao                        ,Lode                               ,N,J,N,J,N,Kunder over 67år m/bruks & sparekto,N,N,N,N,N,N,N,N,N,N,N
2489,22085418223,P,10000,Asle Emely                         ,Rikardsen                          ,N,J,N,J,N,Kunder over 67år m/bruks & sparekto,N,N,N,N,N,N,N,N,N,N,N
2489,31075106915,P,03500,Ayla Bjørn-Inge                    ,Heggset                            ,N,N,N,J,N,Kunder over 67år m/bruks & sparekto,N,N,N,N,N,N,N,N,N,N,N
2489,14034902160,P,01110,Siren Christer                     ,Bakker                             ,N,N,N,J,N,Kunder over 67år m/bruks & sparekto,N,N,N,N,N,N,N,N,N,N,N
2489,26055215706,P,20000,Konsulent Donald                   ,Kværner                            ,N,J,J,J,N,Kunder over 67år m/bruks & sparekto,N,N,N,N,N,N,N,N,N,N,N
2489,14055423165,P,01110,Lotte Abdulkadir                   ,Valla                              ,N,J,N,J,N,Kunder over 67år m/bruks & sparekto,N,N,N,N,N,N,N,N,N,N,N
2489,21014909203,P,27000,Celine Jan-Olav                    ,Rikardsen                          ,N,N,N,J,N,Kunder over 67år m/bruks & sparekto,N,N,N,N,N,N,N,N,N,N,N
2489,16024901517,P,01110,Cristina Francisco                 ,Hegg                               ,N,N,N,J,N,Kunder over 67år m/bruks & sparekto,N,N,N,N,N,N,N,N,N,N,N
2489,17045402525,B,83911,Shahzad Kariann                    ,Brænden                            ,N,N,N,J,N,Kunder over 67år m/bruks & sparekto,N,N,N,N,N,N,N,N,N,N,N
2489,08063623106,P,21100,Fanny Birger                       ,Sola                               ,N,N,N,J,N,Kunder over 67år m/bruks & sparekto,N,N,N,N,N,N,N,N,N,N,N
2489,18065514024,P,31100,Valborg Francisco                  ,Midtbø                             ,N,N,N,J,N,Kunder over 67år m/bruks & sparekto,N,N,N,N,N,N,N,N,N,N,N
2489,19045607855,P,22000,Oluf Arnlaug                       ,Fedje                              ,N,J,J,J,N,Kunder over 67år m/bruks & sparekto,N,N,N,N,N,N,N,N,N,N,N
2489,22024912055,P,21100,Adnan Ludmila                      ,Sogn                               ,N,J,J,J,N,Kunder over 67år m/bruks & sparekto,N,N,N,N,N,N,N,N,N,N,N
2489,21024425484,P,22000,Josefine Sindre                    ,Sønstebø                           ,N,J,N,J,N,Kunder over 67år m/bruks & sparekto,N,N,N,N,N,N,N,N,N,N,N
2489,13074524901,P,20000,Dyveke Herbert                     ,Osmundsen                          ,N,J,N,J,N,Kunder over 67år m/bruks & sparekto,N,N,N,N,N,N,N,N,N,N,N
2489,20055407429,P,01110,Rolandas Jekaterina                ,Arntzen                            ,N,J,N,J,N,Kunder over 67år m/bruks & sparekto,N,N,N,N,N,N,N,N,N,N,N
2489,25062927782,P,22912,Steffan Joanne                     ,Hovda                              ,N,J,N,J,N,Kunder over 67år m/bruks & sparekto,N,N,N,N,N,N,N,N,N,N,N
2489,19065016403,P,22000,Bodhild Helmut                     ,Homme                              ,N,J,J,J,N,Kunder over 67år m/bruks & sparekto,N,N,N,N,N,N,N,N,N,N,N
2489,23034612293,P,20000,Livar Mie                          ,Eikrem                             ,N,N,N,J,N,Kunder over 67år m/bruks & sparekto,N,N,N,N,N,N,N,N,N,N,N
2489,08015401053,P,10000,Beret Idris                        ,Yildiz                             ,N,N,N,J,N,Kunder over 67år m/bruks & sparekto,N,N,N,N,N,N,N,N,N,N,N
2489,18124418913,P,01110,Janina Joakim                      ,Taranger                           ,N,J,N,J,N,Kunder over 67år m/bruks & sparekto,N,N,N,N,N,N,N,N,N,N,N
2489,23074322859,P,22000,Muna Gudbrand                      ,Warholm                            ,N,N,N,J,N,Kunder over 67år m/bruks & sparekto,N,N,N,N,N,N,N,N,N,N,N
2489,01083808892,P,31100,Kristofer Eirin                    ,Steinnes                           ,N,N,N,J,N,Kunder over 67år m/bruks & sparekto,N,N,N,N,N,N,N,N,N,N,N
2489,08114424065,P,21100,Ingvill Syed                       ,Dyrøy                              ,J,N,N,J,N,Kunder over 67år m/bruks & sparekto,N,N,N,N,N,N,N,N,N,N,N
2489,12025005714,P,21100,Magomed Bjørnhild                  ,Lohne                              ,N,J,J,J,N,Kunder over 67år m/bruks & sparekto,N,N,N,N,N,N,N,N,N,N,N
2489,16044812685,P,22000,Siri Gregor                        ,Gravem                             ,N,N,N,J,N,Kunder over 67år m/bruks & sparekto,N,N,N,N,N,N,N,N,N,N,N
2489,27095512610,P,22912,Edit Christer                      ,Osmundsen                          ,N,J,J,J,N,Kunder over 67år m/bruks & sparekto,N,N,N,N,N,N,N,N,N,N,N
2489,12045418373,P,10000,Ståle Gurli                        ,Fardal                             ,N,J,N,N,N,Kunder over 67år m/bruks & sparekto,N,N,N,N,N,N,N,N,N,N,N
2489,22114227440,P,53000,Felicia Trym                       ,Moldskred                          ,N,N,N,J,N,Kunder over 67år m/bruks & sparekto,N,N,N,N,N,N,N,N,N,N,N
2489,25075319447,P,10000,Ahmed Janny                        ,Hammeren                           ,N,N,J,J,N,Kunder over 67år m/bruks & sparekto,N,N,N,N,N,N,N,N,N,N,N
2489,18064310123,P,21100,Dyveke Herbert                     ,Hovd                               ,N,N,N,J,N,Kunder over 67år m/bruks & sparekto,N,N,N,N,N,N,N,N,N,N,N
2489,06075406264,P,31100,Kristofer Asta                     ,Bergsvik                           ,N,N,N,J,N,Kunder over 67år m/bruks & sparekto,N,N,N,N,N,N,N,N,N,N,N
2489,16085104776,P,90152,Wieslaw Vaida                      ,Bøhler                             ,N,N,N,J,N,Kunder over 67år m/bruks & sparekto,N,N,N,N,N,N,N,N,N,N,N
2489,20015313650,P,22000,Geir Sahar                         ,Heggset                            ,N,N,N,J,N,Kunder over 67år m/bruks & sparekto,N,N,N,N,N,N,N,N,N,N,N
2489,09084506769,P,20000,Ståle Gurli                        ,Lindholm                           ,N,N,N,J,N,Kunder over 67år m/bruks & sparekto,N,N,N,N,N,N,N,N,N,N,N
2489,11064111355,P,20000,Jafar Marianna                     ,Brænden                            ,N,N,N,J,N,Kunder over 67år m/bruks & sparekto,N,N,N,N,N,N,N,N,N,N,N
2489,13065114318,P,20000,Dyveke Herbert                     ,Hvattum                            ,N,J,N,J,N,Kunder over 67år m/bruks & sparekto,N,N,N,N,N,N,N,N,N,N,N
2489,23015520868,P,22912,Torolf Mille                       ,Søreng                             ,N,N,N,J,N,Kunder over 67år m/bruks & sparekto,N,N,N,N,N,N,N,N,N,N,N
2489,10033929795,P,21100,Målfrid Elvis                      ,Zhang                              ,N,J,N,J,N,Kunder over 67år m/bruks & sparekto,N,N,N,N,N,N,N,N,N,N,N
2489,02055512895,P,22000,Gard Otilie                        ,Skailand                           ,N,J,J,J,N,Kunder over 67år m/bruks & sparekto,N,N,N,N,N,N,N,N,N,N,N
2489,23014419845,P,10000,Mariel Skule                       ,Slåtten                            ,N,N,N,J,N,Kunder over 67år m/bruks & sparekto,N,N,N,N,N,N,N,N,N,N,N
2489,24025420442,P,21100,Shahid Fariba                      ,Hagland                            ,N,N,N,J,N,Kunder over 67år m/bruks & sparekto,N,N,N,N,N,N,N,N,N,N,N
2489,22045513207,P,90152,Wioleta Arthur                     ,Fardal                             ,N,N,N,J,N,Kunder over 67år m/bruks & sparekto,N,N,N,N,N,N,N,N,N,N,N
2489,14124609578,P,20000,Trude Pieter                       ,Grønning                           ,N,N,N,J,N,Kunder over 67år m/bruks & sparekto,N,N,N,N,N,N,N,N,N,N,N
2489,30074215471,P,53000,Geir Norunn                        ,Albertsen                          ,N,J,N,J,N,Kunder over 67år m/bruks & sparekto,N,N,N,N,N,N,N,N,N,N,N
2489,08105613955,P,01110,Azad Evelyn                        ,Bye                                ,N,N,N,J,N,Kunder over 67år m/bruks & sparekto,N,N,N,N,N,N,N,N,N,N,N
2489,20035001361,P,10000,Elke Vincent                       ,Hoddevik                           ,N,N,N,J,N,Kunder over 67år m/bruks & sparekto,N,N,N,N,N,N,N,N,N,N,N
2489,27075310345,P,10000,Lajla Nicolae                      ,Øverli                             ,J,N,N,J,N,Kunder over 67år m/bruks & sparekto,N,N,N,N,N,N,N,N,N,N,N
2489,18074402697,P,22912,Bartosz Zuzana                     ,Hall                               ,N,N,N,J,N,Kunder over 67år m/bruks & sparekto,N,N,N,N,N,N,N,N,N,N,N
2489,19125611853,P,21100,Mantas Bianca                      ,Midttun                            ,N,N,N,J,N,Kunder over 67år m/bruks & sparekto,N,N,N,N,N,N,N,N,N,N,N
2489,08044403197,P,22912,Senait Kris                        ,Gravdahl                           ,N,N,N,J,N,Kunder over 67år m/bruks & sparekto,N,N,N,N,N,N,N,N,N,N,N
2489,24075003974,P,22912,Nada Roald                         ,Olaussen                           ,N,J,N,J,N,Kunder over 67år m/bruks & sparekto,N,N,N,N,N,N,N,N,N,N,N
2489,13105515183,P,10000,Connie Sturla                      ,Rafoss                             ,N,N,N,J,N,Kunder over 67år m/bruks & sparekto,N,N,N,N,N,N,N,N,N,N,N
2489,31074614267,P,01110,Valter Janny                       ,Sørbø                              ,N,J,N,J,N,Kunder over 67år m/bruks & sparekto,N,N,N,N,N,N,N,N,N,N,N
2489,18084416904,P,22912,Dyveke Herbert                     ,Røysland                           ,N,N,N,J,N,Kunder over 67år m/bruks & sparekto,N,N,N,N,N,N,N,N,N,N,N
2489,21094900244,P,27000,Justyna Tron                       ,Monstad                            ,N,N,N,J,N,Kunder over 67år m/bruks & sparekto,N,N,N,N,N,N,N,N,N,N,N
2489,09013814381,P,01110,Gabrielle Tollef                   ,Nistad                             ,N,J,N,J,N,Kunder over 67år m/bruks & sparekto,N,N,N,N,N,N,N,N,N,N,N
2489,10025110833,P,22912,Sivert Rowena                      ,Bostad                             ,N,J,N,J,N,Kunder over 67år m/bruks & sparekto,N,N,N,N,N,N,N,N,N,N,N
2489,16044917835,P,21100,Thanh Aslak                        ,Torland                            ,N,N,N,J,N,Kunder over 67år m/bruks & sparekto,N,N,N,N,N,N,N,N,N,N,N
2489,30055602383,P,01110,Hellen Mehran                      ,Fardal                             ,N,N,N,J,N,Kunder over 67år m/bruks & sparekto,N,N,N,N,N,N,N,N,N,N,N
2489,04114917198,P,22000,Paal Anlaug                        ,Mjøen                              ,N,N,N,J,N,Kunder over 67år m/bruks & sparekto,N,N,N,N,N,N,N,N,N,N,N
2489,06085313744,P,20000,Marzena Melvin                     ,Husebø                             ,N,N,N,J,N,Kunder over 67år m/bruks & sparekto,N,N,N,N,N,N,N,N,N,N,N
2489,26115200916,P,20000,Carolyn Kian                       ,Fagerheim                          ,N,N,N,J,N,Kunder over 67år m/bruks & sparekto,N,N,N,N,N,N,N,N,N,N,N
2489,21095610606,P,27000,Amalie Tord                        ,Olsson                             ,N,N,J,J,N,Kunder over 67år m/bruks & sparekto,N,N,N,N,N,N,N,N,N,N,N
2489,27074607557,P,01110,Justinas Elvira                    ,Westlie                            ,N,N,N,J,N,Kunder over 67år m/bruks & sparekto,N,N,N,N,N,N,N,N,N,N,N
2489,11014026667,P,22000,Rasa Ionut                         ,Kolnes                             ,N,N,N,J,N,Kunder over 67år m/bruks & sparekto,N,N,N,N,N,N,N,N,N,N,N
2489,11015422647,P,21100,Vasile Augusta                     ,Wahl                               ,N,J,J,J,N,Kunder over 67år m/bruks & sparekto,N,N,N,N,N,N,N,N,N,N,N
2489,29104505188,P,01110,Camilla Torbjørn                   ,Svensson                           ,N,J,N,J,N,Kunder over 67år m/bruks & sparekto,N,N,N,N,N,N,N,N,N,N,N
2489,31013602053,P,10000,Vasile Augusta                     ,Osmundsen                          ,N,N,N,J,N,Kunder over 67år m/bruks & sparekto,N,N,N,N,N,N,N,N,N,N,N
2489,24064412856,P,22000,Kristofer Asta                     ,Fardal                             ,N,N,N,J,N,Kunder over 67år m/bruks & sparekto,N,N,N,N,N,N,N,N,N,N,N
2489,22073416942,P,90152,Andre Åsta                         ,Bjørkli                            ,N,N,N,J,N,Kunder over 67år m/bruks & sparekto,N,N,N,N,N,N,N,N,N,N,N
2489,23094214432,P,20000,Lucia Nicolae                      ,Hannisdal                          ,N,J,N,J,N,Kunder over 67år m/bruks & sparekto,N,N,N,N,N,N,N,N,N,N,N
2489,11034911594,P,90152,Edita Fridtjov                     ,Stavem                             ,N,N,N,J,N,Kunder over 67år m/bruks & sparekto,N,N,N,N,N,N,N,N,N,N,N
2489,09075303960,B,41100,Bibbi Kenny                        ,Unneland                           ,N,J,N,J,N,Kunder over 67år m/bruks & sparekto,N,N,N,N,N,N,N,N,N,N,N
2489,17095202977,P,21100,Aslak Gro-Anita                    ,Holgersen                          ,N,J,N,J,N,Kunder over 67år m/bruks & sparekto,N,N,N,N,N,N,N,N,N,N,N
2489,25055506550,P,22000,Mike Gordana                       ,Olaussen                           ,N,N,N,J,N,Kunder over 67år m/bruks & sparekto,N,N,N,N,N,N,N,N,N,N,N
2489,11094915394,P,10000,Angelika Francisco                 ,Sandøy                             ,N,N,N,J,N,Kunder over 67år m/bruks & sparekto,N,N,N,N,N,N,N,N,N,N,N
2489,02124908283,P,90152,Edna Stuart                        ,Espenes                            ,N,J,N,J,N,Kunder over 67år m/bruks & sparekto,N,N,N,N,N,N,N,N,N,N,N
2489,08085413490,P,20000,Amanda Joakim                      ,Johansen                           ,N,N,N,J,N,Kunder over 67år m/bruks & sparekto,N,N,N,N,N,N,N,N,N,N,N
2489,07095614862,P,22000,Inghild Ulrik                      ,Rosenberg                          ,N,J,N,J,N,Kunder over 67år m/bruks & sparekto,N,N,N,N,N,N,N,N,N,N,N
2489,14075618191,P,41100,Fanny Birger                       ,Veiby                              ,N,N,N,J,N,Kunder over 67år m/bruks & sparekto,N,N,N,N,N,N,N,N,N,N,N
2489,15054604219,P,22912,Dick Evelyn                        ,Hagberg                            ,N,J,N,J,N,Kunder over 67år m/bruks & sparekto,N,N,N,N,N,N,N,N,N,N,N
2489,18103535804,P,27000,Thi Torgny                         ,Byrkjeland                         ,N,N,N,J,N,Kunder over 67år m/bruks & sparekto,N,N,N,N,N,N,N,N,N,N,N
2489,04065211411,P,21100,Maj Kenneth                        ,Kjos                               ,N,N,N,J,N,Kunder over 67år m/bruks & sparekto,N,N,N,N,N,N,N,N,N,N,N
2489,27043526265,P,20000,Mantas Bianca                      ,Stormark                           ,N,N,N,N,N,Kunder over 67år m/bruks & sparekto,N,N,N,N,N,N,N,N,N,N,N
2489,23074012914,P,01110,Torstein Shirin                    ,Frostad                            ,N,N,N,J,N,Kunder over 67år m/bruks & sparekto,N,N,N,N,N,N,N,N,N,N,N
2489,10073611372,P,20000,Ravn Fartun                        ,Enoksen                            ,N,J,N,J,N,Kunder over 67år m/bruks & sparekto,N,N,N,N,N,N,N,N,N,N,N
2489,01015602410,P,22000,Mindor Laura                       ,Haagensen                          ,N,N,N,J,N,Kunder over 67år m/bruks & sparekto,N,N,N,N,N,N,N,N,N,N,N
2489,11073730211,P,20000,Abdirashid Kristin                 ,Rui                                ,N,N,N,J,N,Kunder over 67år m/bruks & sparekto,N,N,N,N,N,N,N,N,N,N,N
2489,27115623244,P,22912,Shahid Farah                       ,Mikalsen                           ,N,N,N,J,N,Kunder over 67år m/bruks & sparekto,N,N,N,N,N,N,N,N,N,N,N
2489,15104304092,P,01110,Mantas Bianca                      ,Vevang                             ,N,J,N,J,N,Kunder over 67år m/bruks & sparekto,N,N,N,N,N,N,N,N,N,N,N
2489,12025610049,P,41100,Eduardo Sylva                      ,Hansen                             ,N,N,N,J,N,Kunder over 67år m/bruks & sparekto,N,N,N,N,N,N,N,N,N,N,N
2489,28024319476,P,01110,Arnulf Hamdi                       ,Frostad                            ,N,N,N,J,N,Kunder over 67år m/bruks & sparekto,N,N,N,N,N,N,N,N,N,N,N
2489,17035413049,P,22000,Ibrahim Azra                       ,Heier                              ,N,N,N,J,N,Kunder over 67år m/bruks & sparekto,N,N,N,N,N,N,N,N,N,N,N
2489,01094603044,P,53000,Edgar Irena                        ,Gram                               ,N,N,N,J,N,Kunder over 67år m/bruks & sparekto,N,N,N,N,N,N,N,N,N,N,N
2489,23115019333,P,21100,Raisa Asbjørn                      ,Tennfjord                          ,N,N,N,J,N,Kunder over 67år m/bruks & sparekto,N,N,N,N,N,N,N,N,N,N,N
2489,08013132098,P,22912,Tarjei Hulda                       ,Ræstad                             ,N,N,N,J,N,Kunder over 67år m/bruks & sparekto,N,N,N,N,N,N,N,N,N,N,N
2489,08023415233,P,90152,Sofia Maciej                       ,Lindgaard                          ,N,N,N,J,N,Kunder over 67år m/bruks & sparekto,N,N,N,N,N,N,N,N,N,N,N
2489,08125420495,P,10000,Karen-Marie Bjørge                 ,Bendiksen                          ,N,N,N,J,N,Kunder over 67år m/bruks & sparekto,N,N,N,N,N,N,N,N,N,N,N
2489,15033821473,P,41100,Celine Torbjørn                    ,Teigen                             ,N,N,N,J,N,Kunder over 67år m/bruks & sparekto,N,N,N,N,N,N,N,N,N,N,N
2489,14044200113,P,20000,Senad Hansine                      ,Vedå                               ,N,N,N,J,N,Kunder over 67år m/bruks & sparekto,N,N,N,N,N,N,N,N,N,N,N
2489,21044409612,P,90155,Antonia Duy                        ,Tonstad                            ,N,N,N,J,N,Kunder over 67år m/bruks & sparekto,N,N,N,N,N,N,N,N,N,N,N
2489,27015524583,P,01110,Ann-Katrin Dovydas                 ,Bru                                ,N,N,N,J,N,Kunder over 67år m/bruks & sparekto,N,N,N,N,N,N,N,N,N,N,N
2489,07115118808,P,22912,Sollaug Agnar                      ,Hovden                             ,N,N,N,J,N,Kunder over 67år m/bruks & sparekto,N,N,N,N,N,N,N,N,N,N,N
2489,10104900343,P,20000,Ståle Gurli                        ,Borge                              ,N,N,N,J,N,Kunder over 67år m/bruks & sparekto,N,N,N,N,N,N,N,N,N,N,N
2489,27045607424,P,22912,Audrius Mali                       ,Dyrseth                            ,N,J,N,J,N,Kunder over 67år m/bruks & sparekto,N,N,N,N,N,N,N,N,N,N,N
2489,07095419202,P,20000,Milda Tron                         ,Nordby                             ,N,N,N,J,N,Kunder over 67år m/bruks & sparekto,N,N,N,N,N,N,N,N,N,N,N
2489,13094407901,P,22000,Asia Haakon                        ,Norderhaug                         ,N,J,N,J,N,Kunder over 67år m/bruks & sparekto,N,N,N,N,N,N,N,N,N,N,N
2489,17115014846,P,10000,Inna Søren                         ,Monstad                            ,N,J,N,J,N,Kunder over 67år m/bruks & sparekto,N,N,N,N,N,N,N,N,N,N,N
2489,11015614708,P,20000,Darius Natalie                     ,Osmundsen                          ,N,J,N,J,N,Kunder over 67år m/bruks & sparekto,N,N,N,N,N,N,N,N,N,N,N
2489,08113804328,P,90152,Asia Gheorghe                      ,Rui                                ,N,N,N,J,N,Kunder over 67år m/bruks & sparekto,N,N,N,N,N,N,N,N,N,N,N
2489,21054418296,P,52000,Sivert Katrin                      ,Tveita                             ,N,J,N,J,N,Kunder over 67år m/bruks & sparekto,N,N,N,N,N,N,N,N,N,N,N
2489,09095313237,P,22912,Mohamad Nataliya                   ,Silden                             ,N,N,N,N,N,Kunder over 67år m/bruks & sparekto,N,N,N,N,N,N,N,N,N,N,N
2489,06045101183,P,41100,Reid Vida                          ,Borgan                             ,N,J,N,J,N,Kunder over 67år m/bruks & sparekto,N,N,N,N,N,N,N,N,N,N,N
2489,11095605992,P,10000,Usman Oksana                       ,Lindgren                           ,N,J,N,J,N,Kunder over 67år m/bruks & sparekto,N,N,N,N,N,N,N,N,N,N,N
2489,09085302814,P,20000,Kristofer Samira                   ,Stokkenes                          ,N,N,N,J,N,Kunder over 67år m/bruks & sparekto,N,N,N,N,N,N,N,N,N,N,N
2489,01105415466,P,21100,Edgar Irena                        ,Dybvik                             ,N,J,N,J,N,Kunder over 67år m/bruks & sparekto,N,N,N,N,N,N,N,N,N,N,N
2489,20025118767,P,10000,Gudbjørg Mahdi                     ,Herheim                            ,N,N,N,J,N,Kunder over 67år m/bruks & sparekto,N,N,N,N,N,N,N,N,N,N,N
2489,17084807184,P,31100,Pablo Anne-Kari                    ,Sulen                              ,N,J,N,J,N,Kunder over 67år m/bruks & sparekto,N,N,N,N,N,N,N,N,N,N,N
2489,27125614227,B,83100,Fredrikke Jari                     ,Vedå                               ,N,J,N,J,N,Kunder over 67år m/bruks & sparekto,N,N,N,N,N,N,N,N,N,N,N
2489,13044306047,P,53000,Kjellfrid Leon                     ,Slyngstad                          ,N,N,N,J,N,Kunder over 67år m/bruks & sparekto,N,N,N,N,N,N,N,N,N,N,N
2489,26045208205,P,90152,Timothy Elvira                     ,Tveito                             ,N,N,N,J,N,Kunder over 67år m/bruks & sparekto,N,N,N,N,N,N,N,N,N,N,N
2489,31085504544,P,01110,Lotte Abdulkadir                   ,Tetlie                             ,N,N,N,J,N,Kunder over 67år m/bruks & sparekto,N,N,N,N,N,N,N,N,N,N,N
2489,20085003160,P,22912,Britt Sverre                       ,Bjørkås                            ,N,N,N,J,N,Kunder over 67år m/bruks & sparekto,N,N,N,N,N,N,N,N,N,N,N
2489,23055121990,P,20000,Hildegunn Sune                     ,Yttervik                           ,N,N,N,J,N,Kunder over 67år m/bruks & sparekto,N,N,N,N,N,N,N,N,N,N,N
2489,15115622088,P,22000,Sigfred Herlaug                    ,Borge                              ,N,J,N,J,N,Kunder over 67år m/bruks & sparekto,N,N,N,N,N,N,N,N,N,N,N
2489,20084315916,P,90152,Kolbjørn Sari                      ,Sandvik                            ,N,N,N,J,N,Kunder over 67år m/bruks & sparekto,N,N,N,N,N,N,N,N,N,N,N
2489,23114601829,P,41100,Kristofer Asta                     ,Aarflot                            ,N,N,N,J,N,Kunder over 67år m/bruks & sparekto,N,N,N,N,N,N,N,N,N,N,N
2489,06105101404,P,90152,Asif Gunilla                       ,Rui                                ,N,N,N,J,N,Kunder over 67år m/bruks & sparekto,N,N,N,N,N,N,N,N,N,N,N
2489,26115105034,P,41100,Ingvill Syed                       ,Throndsen                          ,N,J,N,J,N,Kunder over 67år m/bruks & sparekto,N,N,N,N,N,N,N,N,N,N,N
2489,11125023748,P,22000,Kristine Kemal                     ,Nordnes                            ,N,J,N,J,N,Kunder over 67år m/bruks & sparekto,N,N,N,N,N,N,N,N,N,N,N
2489,12024211779,P,22000,Oskar Kelly                        ,Steinnes                           ,N,J,N,J,N,Kunder over 67år m/bruks & sparekto,N,N,N,N,N,N,N,N,N,N,N
2489,13084300912,P,01110,Joanne Steingrim                   ,Willumsen                          ,N,J,N,J,N,Kunder over 67år m/bruks & sparekto,N,N,N,N,N,N,N,N,N,N,N
2489,25125108051,P,22912,Eystein Una                        ,Hjelseth                           ,N,J,N,J,N,Kunder over 67år m/bruks & sparekto,N,N,N,N,N,N,N,N,N,N,N
2489,22094601790,P,21100,Neil Lorna                         ,Sundal                             ,N,N,N,J,N,Kunder over 67år m/bruks & sparekto,N,N,N,N,N,N,N,N,N,N,N
2489,22035210036,P,22000,Torleiv Shirley                    ,Røen                               ,N,N,N,J,N,Kunder over 67år m/bruks & sparekto,N,N,N,N,N,N,N,N,N,N,N
2489,09085023923,P,41100,Noel Aila                          ,Dinh                               ,N,N,N,J,N,Kunder over 67år m/bruks & sparekto,N,N,N,N,N,N,N,N,N,N,N
2489,18013710461,P,20000,Justina Asbjørn                    ,Reiten                             ,N,N,N,J,N,Kunder over 67år m/bruks & sparekto,N,N,N,N,N,N,N,N,N,N,N
2489,28105314304,P,01110,Rania Trond                        ,Fardal                             ,N,N,N,J,N,Kunder over 67år m/bruks & sparekto,N,N,N,N,N,N,N,N,N,N,N
2489,09124927983,P,10000,Edgar Egle                         ,Engstad                            ,N,N,N,J,N,Kunder over 67år m/bruks & sparekto,N,N,N,N,N,N,N,N,N,N,N
2489,09105119922,P,22912,Nada Roald                         ,Jahren                             ,N,N,N,J,N,Kunder over 67år m/bruks & sparekto,N,N,N,N,N,N,N,N,N,N,N
2489,06125314374,B,20000,Elke Mindaugas                     ,Ofstad                             ,N,N,J,J,N,Kunder over 67år m/bruks & sparekto,N,N,N,N,N,N,N,N,N,N,N
2489,22065616436,P,90152,Sandra Jan-Olav                    ,Fardal                             ,N,J,N,J,N,Kunder over 67år m/bruks & sparekto,N,N,N,N,N,N,N,N,N,N,N
2489,07085519829,P,31100,Rasa Ionut                         ,Skorpen                            ,N,N,N,J,N,Kunder over 67år m/bruks & sparekto,N,N,N,N,N,N,N,N,N,N,N
2489,22074908318,P,22000,Halldis Emilio                     ,Enoksen                            ,N,N,N,J,N,Kunder over 67år m/bruks & sparekto,N,N,N,N,N,N,N,N,N,N,N
2489,19074800427,P,10300,Henrikke Gheorghe                  ,Saleh                              ,N,N,N,J,N,Kunder over 67år m/bruks & sparekto,N,N,N,N,N,N,N,N,N,N,N
2489,07123904642,P,21100,Cassandra Tron                     ,Georgsen                           ,N,N,N,J,N,Kunder over 67år m/bruks & sparekto,N,N,N,N,N,N,N,N,N,N,N
2489,07114321634,P,10000,Kristofer Eirin                    ,Osmundsen                          ,N,N,N,N,N,Kunder over 67år m/bruks & sparekto,N,N,N,N,N,N,N,N,N,N,N
2489,21084007193,P,31100,Borger Esther                      ,Syrstad                            ,N,J,N,J,N,Kunder over 67år m/bruks & sparekto,N,N,N,N,N,N,N,N,N,N,N
2489,21114500108,P,01110,Iselin Emilio                      ,Kvernmo                            ,N,J,N,J,N,Kunder over 67år m/bruks & sparekto,N,N,N,N,N,N,N,N,N,N,N
2489,13014115476,P,90152,Petra Arnvid                       ,Stormo                             ,N,N,N,J,N,Kunder over 67år m/bruks & sparekto,N,N,N,N,N,N,N,N,N,N,N
2489,30014600031,P,10000,Torleiv Anne-Kristin               ,Sandve                             ,N,N,N,J,N,Kunder over 67år m/bruks & sparekto,N,N,N,N,N,N,N,N,N,N,N
2489,15105108939,P,27000,Donatas Adine                      ,Fardal                             ,N,J,N,J,N,Kunder over 67år m/bruks & sparekto,N,N,N,N,N,N,N,N,N,N,N
2489,23115102494,P,22000,Rut Steingrim                      ,Røste                              ,N,N,N,J,N,Kunder over 67år m/bruks & sparekto,N,N,N,N,N,N,N,N,N,N,N
2489,16065107590,P,41100,Ruth Jan-Olav                      ,Hammersland                        ,N,J,N,J,N,Kunder over 67år m/bruks & sparekto,N,N,N,N,N,N,N,N,N,N,N
2489,12095109606,P,53000,Møyfrid Asbjørn                    ,Fuglestad                          ,N,N,N,J,N,Kunder over 67år m/bruks & sparekto,N,N,N,N,N,N,N,N,N,N,N
2489,24034511337,P,01110,Magomed Bjørnhild                  ,Kleven                             ,N,J,N,J,N,Kunder over 67år m/bruks & sparekto,N,N,N,N,N,N,N,N,N,N,N
2489,21014920916,P,22912,Thu Umar                           ,Klette                             ,N,J,N,J,N,Kunder over 67år m/bruks & sparekto,N,N,N,N,N,N,N,N,N,N,N
2489,06013531895,P,01110,Sima Ole-Marius                    ,Leine                              ,N,N,N,J,N,Kunder over 67år m/bruks & sparekto,N,N,N,N,N,N,N,N,N,N,N
2489,19114917225,P,22912,Elaine Nicolae                     ,Aksdal                             ,N,N,N,J,N,Kunder over 67år m/bruks & sparekto,N,N,N,N,N,N,N,N,N,N,N
2489,29125209821,P,10000,Edgar Irena                        ,Mannes                             ,N,J,N,J,N,Kunder over 67år m/bruks & sparekto,N,N,N,N,N,N,N,N,N,N,N
2489,04082612284,P,22912,Thyra Boye                         ,Hatlem                             ,N,N,N,J,N,Kunder over 67år m/bruks & sparekto,N,N,N,N,N,N,N,N,N,N,N
2489,08124016291,P,21100,Asif Gunilla                       ,Grøndahl                           ,N,J,N,J,N,Kunder over 67år m/bruks & sparekto,N,N,N,N,N,N,N,N,N,N,N
2489,23064416596,P,22000,Minh Thorgeir                      ,Engstrøm                           ,N,N,J,J,N,Kunder over 67år m/bruks & sparekto,N,N,N,N,N,N,N,N,N,N,N
2489,09095014744,P,22912,Ragne Audun                        ,Håland                             ,N,N,N,J,N,Kunder over 67år m/bruks & sparekto,N,N,N,N,N,N,N,N,N,N,N
2489,04115311269,B,83100,Miriam Ingvald                     ,Eidet                              ,N,J,N,J,N,Kunder over 67år m/bruks & sparekto,N,N,N,N,N,N,N,N,N,N,N
2489,24125301742,P,22000,Danijela Dovydas                   ,Kleppe                             ,N,N,N,J,N,Kunder over 67år m/bruks & sparekto,N,N,N,N,N,N,N,N,N,N,N
2489,08104814914,P,22000,Alma Alv                           ,Brovold                            ,N,J,N,J,N,Kunder over 67år m/bruks & sparekto,N,N,N,N,N,N,N,N,N,N,N
2489,20114709876,P,21100,Heiko Ingfrid                      ,Mæhre                              ,N,J,N,J,N,Kunder over 67år m/bruks & sparekto,N,N,N,N,N,N,N,N,N,N,N
2489,16035306173,P,41100,Knut-Erik Alisa                    ,Dahlstrøm                          ,N,N,N,J,N,Kunder over 67år m/bruks & sparekto,N,N,N,N,N,N,N,N,N,N,N
2489,15015614754,P,91600,Uno Wencke                         ,Clausen                            ,N,J,J,J,N,Kunder over 67år m/bruks & sparekto,N,N,N,N,N,N,N,N,N,N,N
2489,16044810917,P,21100,Stener Yasmin                      ,Hovden                             ,N,N,N,J,N,Kunder over 67år m/bruks & sparekto,N,N,N,N,N,N,N,N,N,N,N
2489,26045114073,P,31100,Knud Natalie                       ,Mellem                             ,N,N,N,J,N,Kunder over 67år m/bruks & sparekto,N,N,N,N,N,N,N,N,N,N,N
2489,26024225932,B,90152,Olle Ingveig                       ,Haddeland                          ,N,J,N,J,N,Kunder over 67år m/bruks & sparekto,N,N,N,N,N,N,N,N,N,N,N
2489,19084227253,P,21100,Mateusz Eirunn                     ,Lomeland                           ,N,N,N,J,N,Kunder over 67år m/bruks & sparekto,N,N,N,N,N,N,N,N,N,N,N
2489,16095616724,P,52000,Rodrigo Halina                     ,Lam                                ,N,N,N,J,N,Kunder over 67år m/bruks & sparekto,N,N,N,N,N,N,N,N,N,N,N
2489,28035304969,P,91600,Ståle Gurli                        ,Bakker                             ,N,J,N,J,N,Kunder over 67år m/bruks & sparekto,N,N,N,N,N,N,N,N,N,N,N
2489,29085319130,P,22912,Jardar Toril                       ,Grønning                           ,N,N,N,J,N,Kunder over 67år m/bruks & sparekto,N,N,N,N,N,N,N,N,N,N,N
2489,11015105897,P,22912,Birte Umar                         ,Endresen                           ,N,J,N,J,N,Kunder over 67år m/bruks & sparekto,N,N,N,N,N,N,N,N,N,N,N
2489,29034911477,P,27000,Rasa Bastian                       ,Fagervik                           ,N,N,N,J,N,Kunder over 67år m/bruks & sparekto,N,N,N,N,N,N,N,N,N,N,N
2489,04075411958,P,90152,Loan Attila                        ,Zakariassen                        ,N,J,N,J,N,Kunder over 67år m/bruks & sparekto,N,N,N,N,N,N,N,N,N,N,N
2489,17054504942,P,20000,Jens Justina                       ,Bengtsson                          ,N,N,N,J,N,Kunder over 67år m/bruks & sparekto,N,N,N,N,N,N,N,N,N,N,N
2489,01114415347,P,01110,Wieslaw Vaida                      ,Sørbø                              ,N,J,N,J,N,Kunder over 67år m/bruks & sparekto,N,N,N,N,N,N,N,N,N,N,N
2489,29034102331,P,20000,Oscar Tanja                        ,Nygren                             ,N,J,N,J,N,Kunder over 67år m/bruks & sparekto,N,N,N,N,N,N,N,N,N,N,N
2489,11115410530,P,20000,Ann-Katrin Dovydas                 ,Storsve                            ,N,N,N,J,N,Kunder over 67år m/bruks & sparekto,N,N,N,N,N,N,N,N,N,N,N
2489,24074917212,P,22912,Edgar Irena                        ,Rolfsen                            ,N,N,N,J,N,Kunder over 67år m/bruks & sparekto,N,N,N,N,N,N,N,N,N,N,N
2489,01065321811,P,20000,Valter Janny                       ,Rosvold                            ,N,J,N,J,N,Kunder over 67år m/bruks & sparekto,N,N,N,N,N,N,N,N,N,N,N
2489,07054605352,P,41100,Julie Sivert                       ,Torbergsen                         ,N,N,N,J,N,Kunder over 67år m/bruks & sparekto,N,N,N,N,N,N,N,N,N,N,N
2489,18034813961,P,01110,Sigfred Hanna                      ,Homme                              ,N,N,N,J,N,Kunder over 67år m/bruks & sparekto,N,N,N,N,N,N,N,N,N,N,N
2489,12073628472,P,10000,Berta Mahdi                        ,Svensson                           ,N,N,N,J,N,Kunder over 67år m/bruks & sparekto,N,N,N,N,N,N,N,N,N,N,N
2489,12105502891,P,10000,Ingo Isabella                      ,Lundh                              ,N,J,N,J,N,Kunder over 67år m/bruks & sparekto,N,N,N,N,N,N,N,N,N,N,N
2489,10045400722,P,10000,Minh Thorgeir                      ,Øvsthus                            ,N,J,N,J,N,Kunder over 67år m/bruks & sparekto,N,N,N,N,N,N,N,N,N,N,N
2489,03104708896,P,10000,Mike Gudbjørg                      ,Drage                              ,N,N,N,J,N,Kunder over 67år m/bruks & sparekto,N,N,N,N,N,N,N,N,N,N,N
2489,21074310726,P,90152,Knud Leona                         ,Eidsvåg                            ,N,N,N,J,N,Kunder over 67år m/bruks & sparekto,N,N,N,N,N,N,N,N,N,N,N
2489,17085009761,P,20000,Afrim Cristina                     ,Singh                              ,N,N,N,J,N,Kunder over 67år m/bruks & sparekto,N,N,N,N,N,N,N,N,N,N,N
2489,12015103300,P,21100,Tarjei Synne                       ,Vedå                               ,N,N,N,J,N,Kunder over 67år m/bruks & sparekto,N,N,N,N,N,N,N,N,N,N,N
2489,12104015474,P,22912,Ingo Kirsten                       ,Vangen                             ,N,N,N,J,N,Kunder over 67år m/bruks & sparekto,N,N,N,N,N,N,N,N,N,N,N
