4519,25078111960,P,00900,Edna Mattis                        ,Urdal                              ,N,N,N,J,N,KUNDER MED UTENLANDSADRESSE        ,N,N,N,N,N,N,N,N,N,N,N
4519,07076563777,P,00102,Stener Ann-Lisbeth                 ,Askeland                           ,J,N,N,J,N,KUNDER MED UTENLANDSADRESSE        ,N,N,N,N,N,N,N,N,N,N,N
4519,02089000648,P,00800,Halvar Deborah                     ,Tveitan                            ,N,N,N,J,N,KUNDER MED UTENLANDSADRESSE        ,N,N,N,N,N,N,N,N,N,N,N
4519,20099001233,P,00900,Knud Ljiljana                      ,Myreng                             ,N,N,N,J,N,KUNDER MED UTENLANDSADRESSE        ,N,N,N,N,N,N,N,N,N,N,N
4519,10044012109,P,00102,Tor-Inge Naima                     ,Sørhaug                            ,N,J,N,J,N,KUNDER MED UTENLANDSADRESSE        ,N,N,N,N,N,N,N,N,N,N,N
4519,29117809712,P,00800,Elliot Agnete                      ,Bentsen                            ,N,N,N,J,N,KUNDER MED UTENLANDSADRESSE        ,N,N,N,N,N,N,N,N,N,N,N
4519,05116903603,P,00800,Dyveke Melvin                      ,Amiri                              ,N,J,N,J,N,KUNDER MED UTENLANDSADRESSE        ,N,N,N,N,N,N,N,N,N,N,N
4519,02117815849,P,00102,Juozas Cesilie                     ,Vevang                             ,N,N,N,J,N,KUNDER MED UTENLANDSADRESSE        ,N,N,N,N,N,N,N,N,N,N,N
4519,10048218348,P,00102,Ståle Danielle                     ,Steiro                             ,N,N,N,J,N,KUNDER MED UTENLANDSADRESSE        ,N,N,N,N,N,N,N,N,N,N,N
4519,14018903491,P,00102,Håvard Matilde                     ,Lillejord                          ,N,N,N,J,N,KUNDER MED UTENLANDSADRESSE        ,N,N,N,N,N,N,N,N,N,N,N
4519,12068006552,P,00102,Karsten Zahra                      ,Hustad                             ,N,N,N,J,N,KUNDER MED UTENLANDSADRESSE        ,N,N,N,N,N,N,N,N,N,N,N
4519,22017915278,P,01200,Ragnfrid Valentin                  ,Digre                              ,N,N,N,J,N,KUNDER MED UTENLANDSADRESSE        ,N,N,N,N,N,N,N,N,N,N,N
4519,24126806570,P,01200,Usman Oksana                       ,Gleditsch                          ,N,N,N,J,N,KUNDER MED UTENLANDSADRESSE        ,N,N,N,N,N,N,N,N,N,N,N
4519,12118804668,P,01200,Paal Karolina                      ,Alme                               ,N,N,N,J,N,KUNDER MED UTENLANDSADRESSE        ,N,N,N,N,N,N,N,N,N,N,N
4519,05078317711,P,00102,Lina Herleif                       ,Willumsen                          ,N,N,N,J,N,KUNDER MED UTENLANDSADRESSE        ,N,N,N,N,N,N,N,N,N,N,N
4519,18016816570,P,01200,Eivor Roald                        ,Slyngstad                          ,N,J,N,J,N,KUNDER MED UTENLANDSADRESSE        ,N,N,N,N,N,N,N,N,N,N,N
4519,05105809788,P,00102,Petr Gerda                         ,Egeberg                            ,N,N,N,J,N,KUNDER MED UTENLANDSADRESSE        ,N,N,N,N,N,N,N,N,N,N,N
4519,21106717157,P,00800,Aigars Betty                       ,Søgård                             ,J,N,N,J,N,KUNDER MED UTENLANDSADRESSE        ,N,N,N,N,N,N,N,N,N,N,N
4519,26106419271,P,01200,Keth Marcos                        ,Fagerli                            ,N,N,N,J,N,KUNDER MED UTENLANDSADRESSE        ,N,N,N,N,N,N,N,N,N,N,N
4519,07058209060,P,00102,Oksana Florian                     ,Trengereid                         ,N,N,N,J,N,KUNDER MED UTENLANDSADRESSE        ,N,N,N,N,N,N,N,N,N,N,N
4519,28046501367,P,00102,Ann-Katrin Dovydas                 ,Bryne                              ,N,N,N,J,N,KUNDER MED UTENLANDSADRESSE        ,N,N,N,N,N,N,N,N,N,N,N
4519,17016214434,P,00102,Joan Thorgeir                      ,Ringdal                            ,N,J,N,J,N,KUNDER MED UTENLANDSADRESSE        ,N,N,N,N,N,N,N,N,N,N,N
4519,11025222514,P,00800,Cesar Margun                       ,Vassbotn                           ,N,N,N,J,N,KUNDER MED UTENLANDSADRESSE        ,N,N,N,N,N,N,N,N,N,N,N
4519,21099318357,P,00102,Salih Esther                       ,Osmundsen                          ,N,N,N,J,N,KUNDER MED UTENLANDSADRESSE        ,N,N,N,N,N,N,N,N,N,N,N
4519,27029419146,P,00102,Håvard Heike                       ,Lopez                              ,N,N,N,J,N,KUNDER MED UTENLANDSADRESSE        ,N,N,N,N,N,N,N,N,N,N,N
4519,19087206419,P,00102,Frederick Inghild                  ,Tjøstheim                          ,N,N,N,J,N,KUNDER MED UTENLANDSADRESSE        ,N,N,N,N,N,N,N,N,N,N,N
4519,12118713654,P,00900,Johanne Maciej                     ,Engebretsen                        ,N,N,N,J,N,KUNDER MED UTENLANDSADRESSE        ,N,N,N,N,N,N,N,N,N,N,N
4519,14037903281,P,00102,Lilly Lars-Erik                    ,Lindquist                          ,N,N,N,J,N,KUNDER MED UTENLANDSADRESSE        ,N,N,N,N,N,N,N,N,N,N,N
4519,13077800144,P,00900,Wojciech Serine                    ,Moa                                ,N,N,N,J,N,KUNDER MED UTENLANDSADRESSE        ,N,N,N,N,N,N,N,N,N,N,N
4519,11073628948,P,00900,Steffan Rosemarie                  ,Hofstad                            ,N,N,N,J,N,KUNDER MED UTENLANDSADRESSE        ,N,N,N,N,N,N,N,N,N,N,N
4519,20068502951,P,00102,Kristofer Wally                    ,Robstad                            ,N,N,N,J,N,KUNDER MED UTENLANDSADRESSE        ,N,N,N,N,N,N,N,N,N,N,N
4519,21010131631,P,00102,Kjellaug Maciej                    ,Røst                               ,N,N,N,J,N,KUNDER MED UTENLANDSADRESSE        ,N,N,N,N,N,N,N,N,N,N,N
4519,11069017489,P,00800,Mantas Mai-Britt                   ,Ottersen                           ,N,N,N,J,N,KUNDER MED UTENLANDSADRESSE        ,N,N,N,N,N,N,N,N,N,N,N
4519,09038109976,P,00102,Ingrida Ari                        ,Stokkan                            ,N,N,N,J,N,KUNDER MED UTENLANDSADRESSE        ,N,N,N,N,N,N,N,N,N,N,N
4519,24067614611,P,00900,Suzanne Yosef                      ,Grav                               ,N,N,N,J,N,KUNDER MED UTENLANDSADRESSE        ,N,N,N,N,N,N,N,N,N,N,N
4519,24014414564,P,06008,Signe Trond                        ,Thorsø                             ,N,N,N,J,N,KUNDER MED UTENLANDSADRESSE        ,N,N,N,N,N,N,N,N,N,N,N
4519,13087814704,P,00102,Kristofer Lajla                    ,Vevang                             ,N,J,N,J,N,KUNDER MED UTENLANDSADRESSE        ,N,N,N,N,N,N,N,N,N,N,N
4519,06119425326,P,01200,Denis Rut                          ,Harsvik                            ,N,N,N,J,N,KUNDER MED UTENLANDSADRESSE        ,N,N,N,N,N,N,N,N,N,N,N
4519,05019415114,P,00102,Karwan Jurgita                     ,Solvoll                            ,N,N,N,J,N,KUNDER MED UTENLANDSADRESSE        ,N,N,N,N,N,N,N,N,N,N,N
4519,25095413172,P,01200,Mohamad Jasmin                     ,Fiskerstrand                       ,J,N,N,J,N,KUNDER MED UTENLANDSADRESSE        ,N,N,N,N,N,N,N,N,N,N,N
4519,31089012786,P,00800,Dawid Sahar                        ,Rønneberg                          ,N,N,N,J,N,KUNDER MED UTENLANDSADRESSE        ,N,N,N,N,N,N,N,N,N,N,N
4519,11049304937,P,00800,Arnfrid Bernt                      ,Seierstad                          ,N,N,N,J,N,KUNDER MED UTENLANDSADRESSE        ,N,N,N,N,N,N,N,N,N,N,N
4519,07015705927,P,01200,Nerijus Wenche                     ,Alexandersen                       ,N,N,N,J,N,KUNDER MED UTENLANDSADRESSE        ,N,N,N,N,N,N,N,N,N,N,N
4519,30126200648,P,00900,Knud Amalie                        ,Grøndahl                           ,N,N,N,J,N,KUNDER MED UTENLANDSADRESSE        ,N,N,N,N,N,N,N,N,N,N,N
4519,29118608915,P,01200,An-Magritt Arthur                  ,Aslam                              ,N,J,N,J,N,KUNDER MED UTENLANDSADRESSE        ,N,N,N,N,N,N,N,N,N,N,N
4519,02059003634,P,00800,Salih Eleni                        ,Sirnes                             ,N,N,N,J,N,KUNDER MED UTENLANDSADRESSE        ,N,N,N,N,N,N,N,N,N,N,N
4519,18120012580,P,01200,Curt Roya                          ,Lauvrak                            ,N,N,N,N,N,KUNDER MED UTENLANDSADRESSE        ,N,N,N,N,N,N,N,N,N,N,N
4519,09108803948,P,00102,Fiona Jack                         ,Solevåg                            ,N,N,N,J,N,KUNDER MED UTENLANDSADRESSE        ,N,N,N,N,N,N,N,N,N,N,N
4519,02108109214,P,00900,Eystein Helene                     ,Busk                               ,N,N,N,J,N,KUNDER MED UTENLANDSADRESSE        ,N,N,N,N,N,N,N,N,N,N,N
4519,01079205628,P,00102,Aimee Lars-Erik                    ,Bjørkheim                          ,N,N,N,N,N,KUNDER MED UTENLANDSADRESSE        ,N,N,N,N,N,N,N,N,N,N,N
4519,25098966202,P,00102,Sabina Ramin                       ,Østvik                             ,N,N,N,J,N,KUNDER MED UTENLANDSADRESSE        ,N,N,N,N,N,N,N,N,N,N,N
4519,24028100287,P,00102,Olle Thorhild                      ,Thorkildsen                        ,N,N,N,J,N,KUNDER MED UTENLANDSADRESSE        ,N,N,N,N,N,N,N,N,N,N,N
4519,04128204569,P,00800,Emad Thi                           ,Nyborg                             ,N,N,N,J,N,KUNDER MED UTENLANDSADRESSE        ,N,N,N,N,N,N,N,N,N,N,N
4519,24028603580,P,00800,Gine Dani                          ,Dahle                              ,N,N,N,J,N,KUNDER MED UTENLANDSADRESSE        ,N,N,N,N,N,N,N,N,N,N,N
4519,14097569771,P,00102,Odd-Erik Ragna                     ,Johnstad                           ,N,N,N,J,N,KUNDER MED UTENLANDSADRESSE        ,N,N,N,N,N,N,N,N,N,N,N
4519,26077816541,P,00102,Sajjad Eileen                      ,Nysveen                            ,N,J,N,J,N,KUNDER MED UTENLANDSADRESSE        ,N,N,N,N,N,N,N,N,N,N,N
4519,12034413620,P,01200,Heine Vår                          ,Aanensen                           ,N,N,N,J,N,KUNDER MED UTENLANDSADRESSE        ,N,N,N,N,N,N,N,N,N,N,N
4519,31074916069,P,00102,Jennifer Sturle                    ,Landa                              ,N,N,N,J,N,KUNDER MED UTENLANDSADRESSE        ,N,N,N,N,N,N,N,N,N,N,N
4519,16127820418,P,00900,Torolf Mary                        ,Heggen                             ,N,N,N,J,N,KUNDER MED UTENLANDSADRESSE        ,N,N,N,N,N,N,N,N,N,N,N
4519,17078904909,P,00102,Ståle Edel                         ,Pladsen                            ,N,N,N,J,N,KUNDER MED UTENLANDSADRESSE        ,N,N,N,N,N,N,N,N,N,N,N
4519,09056109304,P,01200,Loreta Thom                        ,Blomvik                            ,N,N,N,J,N,KUNDER MED UTENLANDSADRESSE        ,N,N,N,N,N,N,N,N,N,N,N
4519,05037814328,P,00102,Tommy Sabina                       ,Nystrand                           ,N,J,N,J,N,KUNDER MED UTENLANDSADRESSE        ,N,N,N,N,N,N,N,N,N,N,N
4519,02095519752,P,00102,Hani Francisco                     ,Reed                               ,N,N,N,J,N,KUNDER MED UTENLANDSADRESSE        ,N,N,N,N,N,N,N,N,N,N,N
4519,11079210422,P,00900,Elham Kian                         ,Loe                                ,N,J,N,J,N,KUNDER MED UTENLANDSADRESSE        ,N,N,N,N,N,N,N,N,N,N,N
4519,07014502224,P,01200,Marcel Frøya                       ,Tjøstheim                          ,N,N,N,J,N,KUNDER MED UTENLANDSADRESSE        ,N,N,N,N,N,N,N,N,N,N,N
4519,06115206573,P,00102,Danijela Dovydas                   ,Herland                            ,N,N,N,J,N,KUNDER MED UTENLANDSADRESSE        ,N,N,N,N,N,N,N,N,N,N,N
4519,14015108194,P,01200,Simone Aleksandrs                  ,Kvilhaug                           ,N,J,N,J,N,KUNDER MED UTENLANDSADRESSE        ,N,N,N,N,N,N,N,N,N,N,N
4519,07046403538,P,00102,Ole-Kristian Thao                  ,Randen                             ,N,N,N,J,N,KUNDER MED UTENLANDSADRESSE        ,N,N,N,N,N,N,N,N,N,N,N
4519,08090506545,P,00900,Malena Maciej                      ,Hovden                             ,N,N,N,J,N,KUNDER MED UTENLANDSADRESSE        ,N,N,N,N,N,N,N,N,N,N,N
4519,12098602354,P,00800,Ingelin Styrk                      ,Mollestad                          ,N,N,N,J,N,KUNDER MED UTENLANDSADRESSE        ,N,N,N,N,N,N,N,N,N,N,N
4519,03046010352,P,06008,Tommy Kari-Mette                   ,Thorsrud                           ,N,N,N,J,N,KUNDER MED UTENLANDSADRESSE        ,N,N,N,N,N,N,N,N,N,N,N
4519,01064909130,P,01200,Brigt Lan                          ,Alm                                ,N,N,N,J,N,KUNDER MED UTENLANDSADRESSE        ,N,N,N,N,N,N,N,N,N,N,N
4519,24109324848,P,00102,Hege Duy                           ,Omland                             ,N,N,N,J,N,KUNDER MED UTENLANDSADRESSE        ,N,N,N,N,N,N,N,N,N,N,N
4519,07105717363,P,00800,Amer Tordis                        ,Steinnes                           ,N,N,N,J,N,KUNDER MED UTENLANDSADRESSE        ,N,N,N,N,N,N,N,N,N,N,N
4519,27045206314,P,00102,Gregor Sabine                      ,Stavrum                            ,N,N,N,J,N,KUNDER MED UTENLANDSADRESSE        ,N,N,N,N,N,N,N,N,N,N,N
4519,07096314080,P,00102,Kristofer Nikoline                 ,Fredriksen                         ,N,N,N,J,N,KUNDER MED UTENLANDSADRESSE        ,N,N,N,N,N,N,N,N,N,N,N
4519,26097610990,P,00102,Andrius Kristina                   ,Rui                                ,N,N,N,J,N,KUNDER MED UTENLANDSADRESSE        ,N,N,N,N,N,N,N,N,N,N,N
4519,02031031292,P,00102,Kersti Muhamed                     ,Arif                               ,N,N,N,J,N,KUNDER MED UTENLANDSADRESSE        ,N,N,N,N,N,N,N,N,N,N,N
4519,30044500171,P,00102,Youssef Mariam                     ,Miljeteig                          ,N,N,N,J,N,KUNDER MED UTENLANDSADRESSE        ,N,N,N,N,N,N,N,N,N,N,N
4519,17088504844,P,01200,Zdzislaw Silvia                    ,Tellefsen                          ,N,N,N,J,N,KUNDER MED UTENLANDSADRESSE        ,N,N,N,N,N,N,N,N,N,N,N
4519,26117620114,P,00102,Frithjof Annette                   ,Molstad                            ,N,N,N,J,N,KUNDER MED UTENLANDSADRESSE        ,N,N,N,N,N,N,N,N,N,N,N
4519,12018420226,P,00800,Asmund Teresa                      ,Skjold                             ,N,J,N,J,N,KUNDER MED UTENLANDSADRESSE        ,N,N,N,N,N,N,N,N,N,N,N
4519,17077702776,P,00102,Paal Brynhild                      ,Pihl                               ,N,N,N,J,N,KUNDER MED UTENLANDSADRESSE        ,N,N,N,N,N,N,N,N,N,N,N
4519,11059208766,P,01200,Benny Danielle                     ,Hofstad                            ,N,N,N,J,N,KUNDER MED UTENLANDSADRESSE        ,N,N,N,N,N,N,N,N,N,N,N
4519,11024302239,P,00102,Une Varg                           ,Langeland                          ,N,N,N,J,N,KUNDER MED UTENLANDSADRESSE        ,N,N,N,N,N,N,N,N,N,N,N
4519,28074911740,P,01200,Mike Gordana                       ,Lomeland                           ,N,N,N,J,N,KUNDER MED UTENLANDSADRESSE        ,N,N,N,N,N,N,N,N,N,N,N
4519,06058304075,P,00102,Henrikke Staffan                   ,Haile                              ,N,J,N,J,N,KUNDER MED UTENLANDSADRESSE        ,N,N,N,N,N,N,N,N,N,N,N
4519,12035407608,P,00800,Edgar Irena                        ,Evjen                              ,N,N,N,J,N,KUNDER MED UTENLANDSADRESSE        ,N,N,N,N,N,N,N,N,N,N,N
4519,29069710814,P,00800,Hild Tristan                       ,Homme                              ,N,N,N,J,N,KUNDER MED UTENLANDSADRESSE        ,N,N,N,N,N,N,N,N,N,N,N
4519,04038412170,P,00102,Zofia Oddmund                      ,Nakken                             ,N,N,N,J,N,KUNDER MED UTENLANDSADRESSE        ,N,N,N,N,N,N,N,N,N,N,N
4519,05118604905,P,01200,Nataliia Fernando                  ,Lynum                              ,N,N,N,J,N,KUNDER MED UTENLANDSADRESSE        ,N,N,N,N,N,N,N,N,N,N,N
4519,31056500238,P,00102,Tara Agnar                         ,Støen                              ,N,J,N,J,N,KUNDER MED UTENLANDSADRESSE        ,N,N,N,N,N,N,N,N,N,N,N
4519,11118602848,P,00800,Justas Gudveig                     ,Carlsson                           ,N,N,N,J,N,KUNDER MED UTENLANDSADRESSE        ,N,N,N,N,N,N,N,N,N,N,N
4519,07069010363,P,00102,Gunni Sylwester                    ,Sivertsen                          ,N,N,N,J,N,KUNDER MED UTENLANDSADRESSE        ,N,N,N,N,N,N,N,N,N,N,N
4519,10089900013,P,01200,Oskar Fatemeh                      ,Skogseth                           ,N,N,N,J,N,KUNDER MED UTENLANDSADRESSE        ,N,N,N,N,N,N,N,N,N,N,N
4519,21104721211,P,01200,Natalie Sigve                      ,Oland                              ,N,N,N,J,N,KUNDER MED UTENLANDSADRESSE        ,N,N,N,N,N,N,N,N,N,N,N
4519,08089423628,P,01200,Kaya Fernando                      ,Vagle                              ,N,N,N,J,N,KUNDER MED UTENLANDSADRESSE        ,N,N,N,N,N,N,N,N,N,N,N
4519,27049411788,P,00800,Geir Kitt                          ,Grøneng                            ,N,N,N,J,N,KUNDER MED UTENLANDSADRESSE        ,N,N,N,N,N,N,N,N,N,N,N
4519,09067806554,P,01200,Sigvor Ari                         ,Mjåland                            ,N,N,N,J,N,KUNDER MED UTENLANDSADRESSE        ,N,N,N,N,N,N,N,N,N,N,N
4519,30116414755,P,00102,Curt Cassandra                     ,Noor                               ,N,N,N,J,N,KUNDER MED UTENLANDSADRESSE        ,N,N,N,N,N,N,N,N,N,N,N
4519,02107005253,P,00102,Reidun Hans-Christian              ,Storsve                            ,N,N,N,J,N,KUNDER MED UTENLANDSADRESSE        ,N,N,N,N,N,N,N,N,N,N,N
4519,22025612969,P,00900,Cesar Lotte                        ,Haukland                           ,N,J,N,J,N,KUNDER MED UTENLANDSADRESSE        ,N,N,N,N,N,N,N,N,N,N,N
4519,03086611383,P,00800,Martin Sigrunn                     ,Rage                               ,N,N,N,J,N,KUNDER MED UTENLANDSADRESSE        ,N,N,N,N,N,N,N,N,N,N,N
4519,10097801768,P,00102,Dragana Maciej                     ,Tveter                             ,N,N,N,J,N,KUNDER MED UTENLANDSADRESSE        ,N,N,N,N,N,N,N,N,N,N,N
4519,29078704673,P,00800,Maksim Rose                        ,Rognlien                           ,N,N,N,J,N,KUNDER MED UTENLANDSADRESSE        ,N,N,N,N,N,N,N,N,N,N,N
4519,25086216801,P,00800,Søren Iselinn                      ,Melbø                              ,N,N,N,J,N,KUNDER MED UTENLANDSADRESSE        ,N,N,N,N,N,N,N,N,N,N,N
4519,11118808993,P,01200,Ahmet Daniella                     ,Elnes                              ,N,N,N,J,N,KUNDER MED UTENLANDSADRESSE        ,N,N,N,N,N,N,N,N,N,N,N
4519,01115606480,P,00800,Birgitta Hai                       ,Gjerløw                            ,N,N,N,J,N,KUNDER MED UTENLANDSADRESSE        ,N,N,N,N,N,N,N,N,N,N,N
4519,28106713865,P,00102,Thorunn Milian                     ,Lauvrak                            ,N,N,N,J,N,KUNDER MED UTENLANDSADRESSE        ,N,N,N,N,N,N,N,N,N,N,N
4519,30115716529,P,00800,Asmund Fiona                       ,Le                                 ,N,N,N,J,N,KUNDER MED UTENLANDSADRESSE        ,N,N,N,N,N,N,N,N,N,N,N
4519,29047904364,P,06008,Torsten Ann-Elin                   ,Revheim                            ,N,N,N,J,N,KUNDER MED UTENLANDSADRESSE        ,N,N,N,N,N,N,N,N,N,N,N
4519,19099261636,P,01200,Thorsten Janette                   ,Bakkehaug                          ,N,N,N,J,N,KUNDER MED UTENLANDSADRESSE        ,N,N,N,N,N,N,N,N,N,N,N
4519,26037606153,P,00102,Oscar Tori                         ,Sørbø                              ,N,N,N,J,N,KUNDER MED UTENLANDSADRESSE        ,N,N,N,N,N,N,N,N,N,N,N
4519,24075008194,P,01200,Anneline Ingvald                   ,Handeland                          ,N,N,N,J,N,KUNDER MED UTENLANDSADRESSE        ,N,N,N,N,N,N,N,N,N,N,N
4519,05128000625,P,00102,Frederick Olga                     ,Sjøthun                            ,N,N,N,J,N,KUNDER MED UTENLANDSADRESSE        ,N,N,N,N,N,N,N,N,N,N,N
4519,02056711395,P,00900,Ådne Klara                         ,Berglund                           ,N,N,N,J,N,KUNDER MED UTENLANDSADRESSE        ,N,N,N,N,N,N,N,N,N,N,N
4519,06048912557,P,00102,Kirstin Steingrim                  ,Askeland                           ,N,N,N,J,N,KUNDER MED UTENLANDSADRESSE        ,N,N,N,N,N,N,N,N,N,N,N
4519,28106015416,P,01200,Brynhild Noel                      ,Ramsøy                             ,N,N,N,J,N,KUNDER MED UTENLANDSADRESSE        ,N,N,N,N,N,N,N,N,N,N,N
4519,20125506381,P,00102,Natalya Elvis                      ,Gåsland                            ,N,N,N,J,N,KUNDER MED UTENLANDSADRESSE        ,N,N,N,N,N,N,N,N,N,N,N
4519,19059026065,P,00800,Zeynep Gaute                       ,Vevang                             ,N,N,N,J,N,KUNDER MED UTENLANDSADRESSE        ,N,N,N,N,N,N,N,N,N,N,N
4519,02099105111,P,00900,Ahmet Andreea                      ,Nuur                               ,N,N,N,N,N,KUNDER MED UTENLANDSADRESSE        ,N,N,N,N,N,N,N,N,N,N,N
4519,22058411411,P,00900,Antonia Istvan                     ,Brænden                            ,N,N,N,J,N,KUNDER MED UTENLANDSADRESSE        ,N,N,N,N,N,N,N,N,N,N,N
4519,06036515927,P,00800,Ayse Kemal                         ,Lagesen                            ,N,N,N,J,N,KUNDER MED UTENLANDSADRESSE        ,N,N,N,N,N,N,N,N,N,N,N
4519,17039105985,P,00102,Jolanta Pieter                     ,Haarberg                           ,N,N,N,J,N,KUNDER MED UTENLANDSADRESSE        ,N,N,N,N,N,N,N,N,N,N,N
4519,25049854881,P,00900,Vebjørn Weronika                   ,Lu                                 ,N,N,N,J,N,KUNDER MED UTENLANDSADRESSE        ,N,N,N,N,N,N,N,N,N,N,N
4519,23025206630,P,00800,Amer Hong                          ,Røkke                              ,N,N,N,J,N,KUNDER MED UTENLANDSADRESSE        ,N,N,N,N,N,N,N,N,N,N,N
4519,21037203723,P,01200,Kari-Mette Muhamed                 ,Seglem                             ,N,J,N,J,N,KUNDER MED UTENLANDSADRESSE        ,N,N,N,N,N,N,N,N,N,N,N
4519,13066500173,P,00102,Danuta Frederik                    ,Bengtsson                          ,N,N,N,J,N,KUNDER MED UTENLANDSADRESSE        ,N,N,N,N,N,N,N,N,N,N,N
4519,13076918133,P,00102,Jafar Anne-Kathrine                ,Vevang                             ,N,N,N,J,N,KUNDER MED UTENLANDSADRESSE        ,N,N,N,N,N,N,N,N,N,N,N
4519,07066711522,P,06008,Bettina Jorulf                     ,Sund                               ,N,N,N,J,N,KUNDER MED UTENLANDSADRESSE        ,N,N,N,N,N,N,N,N,N,N,N
4519,04069307596,P,00102,Gabriella Albin                    ,Buljo                              ,N,N,N,J,N,KUNDER MED UTENLANDSADRESSE        ,N,N,N,N,N,N,N,N,N,N,N
4519,30078203400,P,01200,Vårin Per-Kristian                 ,Kongsvik                           ,N,N,N,J,N,KUNDER MED UTENLANDSADRESSE        ,N,N,N,N,N,N,N,N,N,N,N
4519,05047707562,P,00102,Jeanette Marcelo                   ,Søreide                            ,N,N,N,J,N,KUNDER MED UTENLANDSADRESSE        ,N,N,N,N,N,N,N,N,N,N,N
4519,11096809621,P,01200,Karin Idris                        ,Furuheim                           ,N,N,N,J,N,KUNDER MED UTENLANDSADRESSE        ,N,N,N,N,N,N,N,N,N,N,N
4519,08018713498,P,00800,Antonia Mika                       ,Prestegård                         ,N,N,N,J,N,KUNDER MED UTENLANDSADRESSE        ,N,N,N,N,N,N,N,N,N,N,N
4519,12125608491,P,01200,Marit Dean                         ,Flatland                           ,N,N,N,J,N,KUNDER MED UTENLANDSADRESSE        ,N,N,N,N,N,N,N,N,N,N,N
4519,29018421982,P,00800,Sigfred Wanja                      ,Haddal                             ,N,N,N,J,N,KUNDER MED UTENLANDSADRESSE        ,N,N,N,N,N,N,N,N,N,N,N
4519,23115225820,P,00800,Rania Trym                         ,Monge                              ,N,N,N,J,N,KUNDER MED UTENLANDSADRESSE        ,N,N,N,N,N,N,N,N,N,N,N
4519,24065807862,P,00102,Ådne Hodan                         ,Bergem                             ,N,J,N,J,N,KUNDER MED UTENLANDSADRESSE        ,N,N,N,N,N,N,N,N,N,N,N
4519,16076008381,P,00102,Martin Hedda                       ,Berhe                              ,N,N,N,J,N,KUNDER MED UTENLANDSADRESSE        ,N,N,N,N,N,N,N,N,N,N,N
4519,10127901606,P,00102,Stener Lin                         ,Barstad                            ,N,N,N,J,N,KUNDER MED UTENLANDSADRESSE        ,N,N,N,N,N,N,N,N,N,N,N
4519,02030376245,P,00102,Torleiv Anne-Sofie                 ,Rønningen                          ,N,N,N,J,N,KUNDER MED UTENLANDSADRESSE        ,N,N,N,N,N,N,N,N,N,N,N
4519,12048500968,P,00102,Kate Jan-Olav                      ,Indahl                             ,N,N,N,J,N,KUNDER MED UTENLANDSADRESSE        ,N,N,N,N,N,N,N,N,N,N,N
4519,24098711917,P,00102,Else Wiktor                        ,Harsvik                            ,N,N,N,J,N,KUNDER MED UTENLANDSADRESSE        ,N,N,N,N,N,N,N,N,N,N,N
4519,06050005990,P,00800,Hroar Olga                         ,Lyssand                            ,N,N,N,J,N,KUNDER MED UTENLANDSADRESSE        ,N,N,N,N,N,N,N,N,N,N,N
4519,12074618519,P,00102,Kinga Trym                         ,Fure                               ,N,N,N,J,N,KUNDER MED UTENLANDSADRESSE        ,N,N,N,N,N,N,N,N,N,N,N
4519,30116408038,P,00800,Olina Marius                       ,Fardal                             ,N,N,N,J,N,KUNDER MED UTENLANDSADRESSE        ,N,N,N,N,N,N,N,N,N,N,N
4519,24078611754,P,00800,Nils Nour                          ,Wagner                             ,N,N,N,J,N,KUNDER MED UTENLANDSADRESSE        ,N,N,N,N,N,N,N,N,N,N,N
4519,10088200735,P,00800,Magomed Dødsbo                     ,Heggem                             ,N,N,N,J,N,KUNDER MED UTENLANDSADRESSE        ,N,N,N,N,N,N,N,N,N,N,N
4519,01066959968,P,00102,Carola Manuel                      ,Hagberg                            ,N,N,N,J,N,KUNDER MED UTENLANDSADRESSE        ,N,N,N,N,N,N,N,N,N,N,N
4519,11066856366,P,00800,Oluf Snefrid                       ,Akhtar                             ,N,N,N,J,N,KUNDER MED UTENLANDSADRESSE        ,N,N,N,N,N,N,N,N,N,N,N
4519,16118719038,P,01200,Tarjei Nathalia                    ,Olden                              ,N,N,N,J,N,KUNDER MED UTENLANDSADRESSE        ,N,N,N,N,N,N,N,N,N,N,N
4519,09045514517,P,00102,Nataliia Fernando                  ,Fure                               ,N,N,N,J,N,KUNDER MED UTENLANDSADRESSE        ,N,N,N,N,N,N,N,N,N,N,N
4519,09059602214,P,00102,Ole-Morten Elham                   ,Lavik                              ,N,N,N,J,N,KUNDER MED UTENLANDSADRESSE        ,N,N,N,N,N,N,N,N,N,N,N
4519,06108816617,P,00800,Mari Mateo                         ,Osmundsen                          ,J,N,N,J,N,KUNDER MED UTENLANDSADRESSE        ,N,N,N,N,N,N,N,N,N,N,N
4519,02015901880,P,06008,Linnea Sivert                      ,Nordberg                           ,N,N,N,J,N,KUNDER MED UTENLANDSADRESSE        ,N,N,N,N,N,N,N,N,N,N,N
4519,26034506743,P,01200,Rodrigo Ann-Elise                  ,Horne                              ,N,J,N,J,N,KUNDER MED UTENLANDSADRESSE        ,N,N,N,N,N,N,N,N,N,N,N
4519,22118663547,P,00102,Synneve Skule                      ,Gregersen                          ,N,N,N,J,N,KUNDER MED UTENLANDSADRESSE        ,N,N,N,N,N,N,N,N,N,N,N
4519,26030818686,P,01200,Janina Magnus                      ,Christiansen                       ,N,N,N,J,N,KUNDER MED UTENLANDSADRESSE        ,N,N,N,N,N,N,N,N,N,N,N
4519,04097068327,P,00800,Oluf Oddlaug                       ,Brænden                            ,N,N,N,J,N,KUNDER MED UTENLANDSADRESSE        ,N,N,N,N,N,N,N,N,N,N,N
4519,27028917282,P,00102,Asmund Teresa                      ,Kringstad                          ,N,N,N,J,N,KUNDER MED UTENLANDSADRESSE        ,N,N,N,N,N,N,N,N,N,N,N
4519,10045512121,P,01200,Tia Ion                            ,Mjånes                             ,N,N,N,J,N,KUNDER MED UTENLANDSADRESSE        ,N,N,N,N,N,N,N,N,N,N,N
4519,31037714030,P,00900,Geir Merete                        ,Mathiassen                         ,N,N,N,J,N,KUNDER MED UTENLANDSADRESSE        ,N,N,N,N,N,N,N,N,N,N,N
4519,30084807253,P,00102,Runi Marcelo                       ,Rise                               ,N,N,N,J,N,KUNDER MED UTENLANDSADRESSE        ,N,N,N,N,N,N,N,N,N,N,N
4519,03117805653,P,01200,Lene Julio                         ,Bekkevold                          ,N,N,N,J,N,KUNDER MED UTENLANDSADRESSE        ,N,N,N,N,N,N,N,N,N,N,N
4519,25128906668,P,00102,Ibrahim Aylin                      ,Torstensen                         ,N,N,N,J,N,KUNDER MED UTENLANDSADRESSE        ,N,N,N,N,N,N,N,N,N,N,N
4519,06049658425,P,00102,Audny Sylwester                    ,Kvaale                             ,N,N,N,J,N,KUNDER MED UTENLANDSADRESSE        ,N,N,N,N,N,N,N,N,N,N,N
4519,10116869344,P,00102,Rikke Jan-Inge                     ,Torvund                            ,N,N,N,J,N,KUNDER MED UTENLANDSADRESSE        ,N,N,N,N,N,N,N,N,N,N,N
4519,18129502556,P,01200,Ahmed Elzbieta                     ,Taule                              ,N,N,N,J,N,KUNDER MED UTENLANDSADRESSE        ,N,N,N,N,N,N,N,N,N,N,N
4519,09118520278,P,00102,Augusta Jack                       ,Tveten                             ,N,N,N,J,N,KUNDER MED UTENLANDSADRESSE        ,N,N,N,N,N,N,N,N,N,N,N
4519,22045214048,P,00102,Henrik Konsulent                   ,Lorentzen                          ,N,N,N,J,N,KUNDER MED UTENLANDSADRESSE        ,N,N,N,N,N,N,N,N,N,N,N
4519,18017717371,P,00800,Gregor Magny                       ,Øverbø                             ,N,N,N,J,N,KUNDER MED UTENLANDSADRESSE        ,N,N,N,N,N,N,N,N,N,N,N
4519,20056658115,P,06008,Lajla Steingrim                    ,Seppola                            ,N,N,N,J,N,KUNDER MED UTENLANDSADRESSE        ,N,N,N,N,N,N,N,N,N,N,N
4519,06055700123,P,00102,Anstein Laura                      ,Idsø                               ,N,N,N,J,N,KUNDER MED UTENLANDSADRESSE        ,N,N,N,N,N,N,N,N,N,N,N
4519,20096900342,P,01200,Youssef Rukhsana                   ,Vevang                             ,N,N,N,J,N,KUNDER MED UTENLANDSADRESSE        ,N,N,N,N,N,N,N,N,N,N,N
4519,21083712772,P,01200,Mathilde Hai                       ,Bendiksen                          ,N,N,N,J,N,KUNDER MED UTENLANDSADRESSE        ,N,N,N,N,N,N,N,N,N,N,N
4519,15125811687,P,00800,Karsten Sonja                      ,Vatle                              ,N,N,N,J,N,KUNDER MED UTENLANDSADRESSE        ,N,N,N,N,N,N,N,N,N,N,N
4519,14068000255,P,06008,Olle Thale                         ,Habbestad                          ,N,J,N,J,N,KUNDER MED UTENLANDSADRESSE        ,N,N,N,N,N,N,N,N,N,N,N
4519,13119623825,P,00102,Norunn Sivert                      ,Ferkingstad                        ,N,N,N,J,N,KUNDER MED UTENLANDSADRESSE        ,N,N,N,N,N,N,N,N,N,N,N
4519,18038721077,P,00900,Hilda Eigil                        ,Sundal                             ,N,N,N,J,N,KUNDER MED UTENLANDSADRESSE        ,N,N,N,N,N,N,N,N,N,N,N
4519,23115500376,P,00800,Ibrahim Mathilde                   ,Kopperud                           ,N,N,N,J,N,KUNDER MED UTENLANDSADRESSE        ,N,N,N,N,N,N,N,N,N,N,N
4519,04055812492,P,01200,Benn Reidun                        ,Walle                              ,N,N,N,J,N,KUNDER MED UTENLANDSADRESSE        ,N,N,N,N,N,N,N,N,N,N,N
4519,03067818937,P,00102,Kolbjørn Sari                      ,Yilmaz                             ,N,J,N,J,N,KUNDER MED UTENLANDSADRESSE        ,N,N,N,N,N,N,N,N,N,N,N
4519,24128811199,P,01200,Mantas Fay                         ,Lidal                              ,N,N,N,J,N,KUNDER MED UTENLANDSADRESSE        ,N,N,N,N,N,N,N,N,N,N,N
4519,16040323515,P,00800,Janette Nils-Petter                ,Hermansen                          ,N,N,N,J,N,KUNDER MED UTENLANDSADRESSE        ,N,N,N,N,N,N,N,N,N,N,N
4519,09049101012,P,00102,Agne Bastian                       ,Monsen                             ,N,N,N,J,N,KUNDER MED UTENLANDSADRESSE        ,N,N,N,N,N,N,N,N,N,N,N
4519,07068010688,P,00900,Petr Bertha                        ,Nereng                             ,N,N,N,J,N,KUNDER MED UTENLANDSADRESSE        ,N,N,N,N,N,N,N,N,N,N,N
4519,08060320455,P,00103,Raja Tonje                         ,Melbø                              ,N,N,N,J,N,KUNDER MED UTENLANDSADRESSE        ,N,N,N,N,N,N,N,N,N,N,N
4519,28067218797,P,00102,Zdzislaw Rahel                     ,Malmo                              ,N,N,N,J,N,KUNDER MED UTENLANDSADRESSE        ,N,N,N,N,N,N,N,N,N,N,N
4519,19115003472,P,00102,Wencke Kamran                      ,Svensson                           ,N,N,N,J,N,KUNDER MED UTENLANDSADRESSE        ,N,N,N,N,N,N,N,N,N,N,N
4519,18117515962,P,00800,Paal Hana                          ,Asbjørnsen                         ,N,N,N,J,N,KUNDER MED UTENLANDSADRESSE        ,N,N,N,N,N,N,N,N,N,N,N
4519,15128812102,P,01200,Sead Reidun                        ,Sunde                              ,N,N,N,J,N,KUNDER MED UTENLANDSADRESSE        ,N,N,N,N,N,N,N,N,N,N,N
4519,11085706383,P,00900,Sivert Anne-Lill                   ,Iversen                            ,N,J,J,J,N,KUNDER MED UTENLANDSADRESSE        ,N,N,N,N,N,N,N,N,N,N,N
4519,05066110755,P,00900,Jafar Jeanne                       ,Akhtar                             ,N,J,N,J,N,KUNDER MED UTENLANDSADRESSE        ,N,N,N,N,N,N,N,N,N,N,N
4519,17088614747,P,00800,Mantas Fay                         ,Løkke                              ,N,N,N,J,N,KUNDER MED UTENLANDSADRESSE        ,N,N,N,N,N,N,N,N,N,N,N
4519,22108216364,P,00102,Mattis Dagmar                      ,Engeset                            ,N,N,N,J,N,KUNDER MED UTENLANDSADRESSE        ,N,N,N,N,N,N,N,N,N,N,N
4519,16079915916,P,00102,Torveig Yaser                      ,Rikardsen                          ,N,N,N,J,N,KUNDER MED UTENLANDSADRESSE        ,N,N,N,N,N,N,N,N,N,N,N
4519,28055018466,P,00800,Torunn Styrk                       ,Johannesen                         ,N,J,N,J,N,KUNDER MED UTENLANDSADRESSE        ,N,N,N,N,N,N,N,N,N,N,N
4519,07084305299,P,00102,Ariel Oddmund                      ,Seeberg                            ,N,N,N,J,N,KUNDER MED UTENLANDSADRESSE        ,N,N,N,N,N,N,N,N,N,N,N
