2329,28069712896,P,10000,Endre Kine                         ,Hjelseth                           ,N,N,N,J,N,Kunder med bare sparekonto         ,N,N,N,N,N,N,N,N,N,N,N
2329,30077006598,P,10000,Janet Jahn                         ,Aalvik                             ,N,N,N,N,N,Kunder med bare sparekonto         ,N,N,N,N,N,N,N,N,N,N,N
2329,09010114966,P,10000,Tarjei Thordis                     ,Jøssang                            ,N,N,N,J,N,Kunder med bare sparekonto         ,N,N,N,N,N,N,N,N,N,N,N
2329,04066800003,P,10000,Yosef Wally                        ,Begum                              ,N,N,N,J,N,Kunder med bare sparekonto         ,N,N,N,N,N,N,N,N,N,N,N
2329,04114917198,P,10000,Paal Anlaug                        ,Mjøen                              ,N,N,N,J,N,Kunder med bare sparekonto         ,N,N,N,N,N,N,N,N,N,N,N
2329,20129420376,P,10000,Liudmila Ari                       ,Øiseth                             ,N,N,N,J,N,Kunder med bare sparekonto         ,N,N,N,N,N,N,N,N,N,N,N
2329,20025001533,B,10000,Mia Elvis                          ,Bruland                            ,N,J,N,J,N,Kunder med bare sparekonto         ,N,N,N,N,N,N,N,N,N,N,N
2329,20074700889,P,10000,Helle Donald                       ,Evenrud                            ,N,N,N,J,N,Kunder med bare sparekonto         ,N,N,N,N,N,N,N,N,N,N,N
2329,15084815834,P,10000,Linn-Kristin Helmut                ,Lillehagen                         ,N,J,N,J,N,Kunder med bare sparekonto         ,N,N,N,N,N,N,N,N,N,N,N
2329,07085507421,P,10000,Anstein Aasne                      ,Willumsen                          ,N,N,N,J,N,Kunder med bare sparekonto         ,N,N,N,N,N,N,N,N,N,N,N
2329,17036604182,P,10000,Stein Nathalia                     ,Haarstad                           ,N,N,N,J,N,Kunder med bare sparekonto         ,N,N,N,N,N,N,N,N,N,N,N
2329,31105902878,P,10000,Tuyet Romas                        ,Søreide                            ,N,J,N,J,N,Kunder med bare sparekonto         ,N,N,N,N,N,N,N,N,N,N,N
2329,14084722376,P,10000,Jafar Beata                        ,Myrland                            ,N,N,N,J,N,Kunder med bare sparekonto         ,N,N,N,N,N,N,N,N,N,N,N
2329,16077616539,P,10000,Kolbjørn Sari                      ,Monstad                            ,N,N,N,J,N,Kunder med bare sparekonto         ,N,N,N,N,N,N,N,N,N,N,N
2329,21049507078,P,10000,Noel Hana                          ,Øiestad                            ,N,N,N,J,N,Kunder med bare sparekonto         ,N,N,N,N,N,N,N,N,N,N,N
2329,01095416574,P,10000,Berit Ramin                        ,Alsvik                             ,N,N,J,J,N,Kunder med bare sparekonto         ,N,N,N,N,N,N,N,N,N,N,N
2329,07019011520,P,10000,Kristine Irfan                     ,Fardal                             ,N,N,N,N,N,Kunder med bare sparekonto         ,N,N,N,N,N,N,N,N,N,N,N
2329,11094411469,P,10000,Jorun Haakon                       ,Klepp                              ,N,J,N,J,N,Kunder med bare sparekonto         ,N,N,N,N,N,N,N,N,N,N,N
2329,23104426476,P,10000,Steven Ine                         ,Reitan                             ,N,N,N,J,N,Kunder med bare sparekonto         ,N,N,N,N,N,N,N,N,N,N,N
2329,24066916576,P,10000,Andres Anniken                     ,Oppedal                            ,N,N,N,J,N,Kunder med bare sparekonto         ,N,N,N,N,N,N,N,N,N,N,N
2329,13129023729,P,10000,Andrius Kristina                   ,Mørk                               ,J,N,N,J,N,Kunder med bare sparekonto         ,N,N,N,N,N,N,N,N,N,N,N
2329,12076600064,P,10000,Søren Pauline                      ,Ugland                             ,N,J,N,J,N,Kunder med bare sparekonto         ,N,N,N,N,N,N,N,N,N,N,N
2329,08085621050,P,10000,Werner Lea                         ,Selvåg                             ,N,N,N,J,N,Kunder med bare sparekonto         ,N,N,N,N,N,N,N,N,N,N,N
2329,13050134150,P,10000,Kathleen Willy                     ,Tonstad                            ,N,N,N,J,N,Kunder med bare sparekonto         ,N,N,N,N,N,N,N,N,N,N,N
2329,11128407873,P,10000,Stener Monique                     ,Sørbø                              ,N,N,N,J,N,Kunder med bare sparekonto         ,N,N,N,N,N,N,N,N,N,N,N
2329,13094901973,P,10000,Ruth Jan-Olav                      ,Hestenes                           ,N,N,N,J,N,Kunder med bare sparekonto         ,N,N,N,N,N,N,N,N,N,N,N
2329,06129402758,P,10000,Cindy Fernando                     ,Vevang                             ,N,N,N,J,N,Kunder med bare sparekonto         ,N,N,N,N,N,N,N,N,N,N,N
2329,30103111338,P,10000,Marika Hans-Christian              ,Nordgaard                          ,N,N,N,N,N,Kunder med bare sparekonto         ,N,N,N,N,N,N,N,N,N,N,N
2329,07085110009,P,10000,Fadumo Geir-Arne                   ,Djønne                             ,N,J,N,J,N,Kunder med bare sparekonto         ,N,N,N,N,N,N,N,N,N,N,N
2329,27123933384,P,10000,Mika Fatima                        ,Høye                               ,N,N,N,J,N,Kunder med bare sparekonto         ,N,N,N,N,N,N,N,N,N,N,N
2329,20069506063,P,10000,Henrik Martyna                     ,Le                                 ,N,J,J,J,N,Kunder med bare sparekonto         ,N,N,N,N,N,N,N,N,N,N,N
2329,23104713823,P,30000,Mohamad Hilde-Gunn                 ,Nordnes                            ,N,J,N,J,N,Kunder med bare sparekonto         ,N,N,N,N,N,N,N,N,N,N,N
2329,30014715335,B,10000,Lajla Nicolae                      ,Ditlefsen                          ,N,N,N,J,N,Kunder med bare sparekonto         ,N,N,N,N,N,N,N,N,N,N,N
2329,12085300901,P,10000,Edmund Elfrida                     ,Tokle                              ,N,N,N,J,N,Kunder med bare sparekonto         ,N,N,N,N,N,N,N,N,N,N,N
2329,10027604086,P,10000,Sylvia Ionut                       ,Mehmood                            ,N,N,N,N,N,Kunder med bare sparekonto         ,N,N,N,N,N,N,N,N,N,N,N
2329,24028905382,P,10000,Inger-Lise Arnvid                  ,Daleng                             ,N,N,N,J,N,Kunder med bare sparekonto         ,N,N,N,N,N,N,N,N,N,N,N
2329,29126909029,P,10000,Sigri Ivar                         ,Nærland                            ,N,N,N,N,N,Kunder med bare sparekonto         ,N,N,N,N,N,N,N,N,N,N,N
2329,12097211602,P,10000,Christa Emilio                     ,Sortland                           ,N,J,N,N,N,Kunder med bare sparekonto         ,N,N,N,N,N,N,N,N,N,N,N
2329,21038810925,P,10000,Petr Tone                          ,Røsand                             ,N,N,N,J,N,Kunder med bare sparekonto         ,N,N,N,N,N,N,N,N,N,N,N
2329,17028101945,P,10000,Cesar Irena                        ,Gill                               ,N,J,N,J,N,Kunder med bare sparekonto         ,N,N,N,N,N,N,N,N,N,N,N
2329,29108818687,P,10000,Kristine Marc                      ,Hellevik                           ,N,N,N,J,N,Kunder med bare sparekonto         ,N,N,N,N,N,N,N,N,N,N,N
2329,19096401283,P,10000,Amy Kato                           ,Antonsen                           ,N,N,N,N,N,Kunder med bare sparekonto         ,N,N,N,N,N,N,N,N,N,N,N
2329,24097416903,P,10000,Karwan Gørill                      ,Grøtte                             ,N,N,N,J,N,Kunder med bare sparekonto         ,N,N,N,N,N,N,N,N,N,N,N
2329,14038501810,P,10000,Birgitta Hai                       ,Storeide                           ,N,N,N,J,N,Kunder med bare sparekonto         ,N,N,N,N,N,N,N,N,N,N,N
2329,10049000257,P,40000,Ann-Elisabeth Fernando             ,Vikan                              ,N,N,N,J,N,Kunder med bare sparekonto         ,N,N,N,N,N,N,N,N,N,N,N
2329,05079910505,P,10000,Birte Sigve                        ,Obrestad                           ,N,N,N,N,N,Kunder med bare sparekonto         ,N,N,N,N,N,N,N,N,N,N,N
2329,09105508716,P,10000,Bibbi Kenny                        ,Skistad                            ,N,N,N,J,N,Kunder med bare sparekonto         ,N,N,N,N,N,N,N,N,N,N,N
2329,26106719496,P,10000,Benny Iman                         ,Aasbø                              ,N,N,N,J,N,Kunder med bare sparekonto         ,N,N,N,N,N,N,N,N,N,N,N
2329,12029806134,P,10000,Geir Leah                          ,Sørbø                              ,N,J,N,N,N,Kunder med bare sparekonto         ,N,N,N,N,N,N,N,N,N,N,N
2329,09025300944,P,10000,Ole-Kristian Oddbjørg              ,Kværner                            ,N,N,N,J,N,Kunder med bare sparekonto         ,N,N,N,N,N,N,N,N,N,N,N
2329,21049811656,P,10000,Rimantas Katalin                   ,Hinna                              ,N,N,N,J,N,Kunder med bare sparekonto         ,N,N,N,N,N,N,N,N,N,N,N
2329,02015806594,P,10000,Sajjad Lin                         ,Engevik                            ,N,N,N,N,N,Kunder med bare sparekonto         ,N,N,N,N,N,N,N,N,N,N,N
2329,23044115174,P,10000,Ingmar Cathinka                    ,Malm                               ,N,N,N,N,N,Kunder med bare sparekonto         ,N,N,N,N,N,N,N,N,N,N,N
2329,24086711628,P,02323,Helga Agnar                        ,Ofstad                             ,N,N,N,J,N,Kunder med bare sparekonto         ,N,N,N,N,N,N,N,N,N,N,N
2329,14105216387,P,10000,Ruth Jan-Olav                      ,Handeland                          ,N,N,N,J,N,Kunder med bare sparekonto         ,N,N,N,N,N,N,N,N,N,N,N
2329,06076910640,P,10000,Christen Margith                   ,Osmundsen                          ,N,J,N,J,N,Kunder med bare sparekonto         ,N,N,N,N,N,N,N,N,N,N,N
2329,07126820024,P,10000,Neringa Mahad                      ,Høiby                              ,N,N,N,J,N,Kunder med bare sparekonto         ,N,N,N,N,N,N,N,N,N,N,N
2329,24085013846,P,10000,Judy Maciej                        ,Helgøy                             ,N,N,N,J,N,Kunder med bare sparekonto         ,N,N,N,N,N,N,N,N,N,N,N
2329,08070212715,P,10000,Donatas Madina                     ,Sandnes                            ,N,N,N,J,N,Kunder med bare sparekonto         ,N,N,N,N,N,N,N,N,N,N,N
2329,20086109485,P,10000,Hallgeir Synneva                   ,Sandsmark                          ,N,J,N,N,N,Kunder med bare sparekonto         ,N,N,N,N,N,N,N,N,N,N,N
2329,13024111363,P,10000,Donna Varg                         ,Ekeland                            ,N,N,N,J,N,Kunder med bare sparekonto         ,N,N,N,N,N,N,N,N,N,N,N
2329,30018504711,P,10000,Fiona Eduard                       ,Oshaug                             ,N,N,N,J,N,Kunder med bare sparekonto         ,N,N,N,N,N,N,N,N,N,N,N
2329,20109567346,P,10000,Minh Thorgeir                      ,Sandtorv                           ,N,N,N,J,N,Kunder med bare sparekonto         ,N,N,N,N,N,N,N,N,N,N,N
2329,01025910687,P,10000,Arnulf Linnea                      ,Øvland                             ,N,J,N,J,N,Kunder med bare sparekonto         ,N,N,N,N,N,N,N,N,N,N,N
2329,28055910067,P,10000,Fillip Ågot                        ,Hesselberg                         ,N,N,N,J,N,Kunder med bare sparekonto         ,N,N,N,N,N,N,N,N,N,N,N
2329,13065219810,P,10000,Gunhild Sivert                     ,Hovland                            ,N,J,N,J,N,Kunder med bare sparekonto         ,N,N,N,N,N,N,N,N,N,N,N
2329,04114918305,P,10000,Ilze Gregor                        ,Mjøen                              ,N,J,N,J,N,Kunder med bare sparekonto         ,N,N,N,N,N,N,N,N,N,N,N
2329,08115722973,P,10000,Aadne Susann                       ,Sundberg                           ,N,N,N,J,N,Kunder med bare sparekonto         ,N,N,N,N,N,N,N,N,N,N,N
2329,03075902300,P,10000,Thanh Tristan                      ,Flønes                             ,N,N,N,N,N,Kunder med bare sparekonto         ,N,N,N,N,N,N,N,N,N,N,N
2329,12039314191,P,10000,Rodrigo Lilian                     ,Sørbø                              ,N,N,N,J,N,Kunder med bare sparekonto         ,N,N,N,N,N,N,N,N,N,N,N
2329,11053412264,P,10000,Antonie Pieter                     ,Frydenlund                         ,N,N,N,J,N,Kunder med bare sparekonto         ,N,N,N,N,N,N,N,N,N,N,N
2329,28109100058,P,10000,Petr Sophie                        ,Aga                                ,N,N,N,J,N,Kunder med bare sparekonto         ,N,N,N,N,N,N,N,N,N,N,N
2329,28034714705,P,10000,Edita Fridtjov                     ,Edvardsen                          ,N,N,N,J,N,Kunder med bare sparekonto         ,N,N,N,N,N,N,N,N,N,N,N
2329,08030050259,P,10000,Eduardo Vilde                      ,Olaisen                            ,N,N,N,J,N,Kunder med bare sparekonto         ,N,N,N,N,N,N,N,N,N,N,N
2329,24118622509,P,10000,Aleksandra Aleksandrs              ,Skullerud                          ,N,N,N,J,N,Kunder med bare sparekonto         ,N,N,N,N,N,N,N,N,N,N,N
2329,28124922838,P,10000,Jeremy Halldis                     ,Grotle                             ,N,N,N,J,N,Kunder med bare sparekonto         ,N,N,N,N,N,N,N,N,N,N,N
2329,19048504852,P,10000,Knud Åse                           ,Vevang                             ,N,J,N,N,N,Kunder med bare sparekonto         ,N,N,N,N,N,N,N,N,N,N,N
2329,14034309567,P,10000,Tony Galina                        ,Thu                                ,N,N,N,N,N,Kunder med bare sparekonto         ,N,N,N,N,N,N,N,N,N,N,N
2329,04066414871,P,10000,Indre Jorulf                       ,Lieng                              ,N,N,N,J,N,Kunder med bare sparekonto         ,N,N,N,N,N,N,N,N,N,N,N
2329,22127005013,P,10000,Erika Donald                       ,Romsdal                            ,N,N,N,J,N,Kunder med bare sparekonto         ,N,N,N,N,N,N,N,N,N,N,N
2329,28066420568,P,10000,Marcel Othilie                     ,Sørbø                              ,N,N,N,J,N,Kunder med bare sparekonto         ,N,N,N,N,N,N,N,N,N,N,N
2329,18089658191,P,10000,Otilie Mirza                       ,Gjerdingen                         ,N,N,N,J,N,Kunder med bare sparekonto         ,N,N,N,N,N,N,N,N,N,N,N
2329,23128422285,P,10000,Matilde Irfan                      ,Mostue                             ,N,N,N,J,N,Kunder med bare sparekonto         ,N,N,N,N,N,N,N,N,N,N,N
2329,18025415422,P,10000,Ivana Gaute                        ,Hellum                             ,N,N,N,J,N,Kunder med bare sparekonto         ,N,N,N,N,N,N,N,N,N,N,N
2329,31031917231,P,10000,Anne-Margrethe Gregor              ,Moum                               ,N,N,N,J,N,Kunder med bare sparekonto         ,N,N,N,N,N,N,N,N,N,N,N
2329,22014608749,P,10000,Knut-Erik Eila                     ,Sele                               ,N,J,N,J,N,Kunder med bare sparekonto         ,N,N,N,N,N,N,N,N,N,N,N
2329,13107104571,P,10000,Kate Dejan                         ,Furunes                            ,N,N,N,J,N,Kunder med bare sparekonto         ,N,N,N,N,N,N,N,N,N,N,N
2329,05026012270,P,10000,Kristofer Sienna                   ,Augestad                           ,N,J,J,N,N,Kunder med bare sparekonto         ,N,N,N,N,N,N,N,N,N,N,N
2329,12124116692,P,10000,Ahmet Ingrid                       ,Staff                              ,N,N,N,N,N,Kunder med bare sparekonto         ,N,N,N,N,N,N,N,N,N,N,N
2329,26075910907,P,10000,Paal Hana                          ,Rist                               ,N,N,N,J,N,Kunder med bare sparekonto         ,N,N,N,N,N,N,N,N,N,N,N
2329,23085001671,P,10000,Gard Antje                         ,Gilde                              ,N,N,N,N,N,Kunder med bare sparekonto         ,N,N,N,N,N,N,N,N,N,N,N
2329,06129102533,P,10000,Tommy Siril                        ,Midtun                             ,N,N,N,J,N,Kunder med bare sparekonto         ,N,N,N,N,N,N,N,N,N,N,N
2329,21069804397,P,10000,Azad Maja                          ,Heggestad                          ,N,N,N,J,N,Kunder med bare sparekonto         ,N,N,N,N,N,N,N,N,N,N,N
2329,19126221447,P,10000,Knud Natalie                       ,Wanvik                             ,N,N,N,J,N,Kunder med bare sparekonto         ,N,N,N,N,N,N,N,N,N,N,N
2329,03017114696,P,10000,Matilde Abdulahi                   ,Myhre                              ,N,J,N,J,N,Kunder med bare sparekonto         ,N,N,N,N,N,N,N,N,N,N,N
2329,24016506237,P,10000,Ramona Ivo                         ,Løset                              ,N,N,N,J,N,Kunder med bare sparekonto         ,N,N,N,N,N,N,N,N,N,N,N
2329,13118717877,P,10000,Yohannes Lily                      ,Angelsen                           ,N,N,N,N,N,Kunder med bare sparekonto         ,N,N,N,N,N,N,N,N,N,N,N
2329,10086310924,P,10000,Nikita Thilde                      ,Fardal                             ,N,N,J,J,N,Kunder med bare sparekonto         ,N,N,N,N,N,N,N,N,N,N,N
2329,12119505850,P,10000,Mario Aneta                        ,Dalby                              ,N,N,N,J,N,Kunder med bare sparekonto         ,N,N,N,N,N,N,N,N,N,N,N
2329,26034516110,P,10000,Ruth Jan-Olav                      ,Herigstad                          ,N,N,N,J,N,Kunder med bare sparekonto         ,N,N,N,N,N,N,N,N,N,N,N
2329,13119603395,P,10000,Zeynep Mikko                       ,Grotle                             ,N,N,N,J,N,Kunder med bare sparekonto         ,N,N,N,N,N,N,N,N,N,N,N
2329,16025201004,P,10000,Antoni Aila                        ,Askvik                             ,N,N,N,J,N,Kunder med bare sparekonto         ,N,N,N,N,N,N,N,N,N,N,N
2329,21117117674,P,10000,Borgny Audun                       ,Lam                                ,N,J,N,J,N,Kunder med bare sparekonto         ,N,N,N,N,N,N,N,N,N,N,N
2329,16057404543,P,10000,Dumitru Antonia                    ,Melgård                            ,N,N,N,J,N,Kunder med bare sparekonto         ,N,N,N,N,N,N,N,N,N,N,N
2329,07043927919,P,10000,Ahmed Ann-Iren                     ,Edvartsen                          ,N,N,N,J,N,Kunder med bare sparekonto         ,N,N,N,N,N,N,N,N,N,N,N
2329,25066103296,P,10000,Sigvor Birger                      ,Fimland                            ,N,N,N,J,N,Kunder med bare sparekonto         ,N,N,N,N,N,N,N,N,N,N,N
2329,19050010883,P,10000,Kamil Rukhsana                     ,Rafoss                             ,N,N,N,J,N,Kunder med bare sparekonto         ,N,N,N,N,N,N,N,N,N,N,N
2329,13014806738,P,10000,Farhad Grazyna                     ,Østerhus                           ,N,N,N,J,N,Kunder med bare sparekonto         ,N,N,N,N,N,N,N,N,N,N,N
2329,01055606745,P,10000,Une Ingvard                        ,Hoddevik                           ,N,J,N,J,N,Kunder med bare sparekonto         ,N,N,N,N,N,N,N,N,N,N,N
2329,07035316447,P,10000,Harald Hellen                      ,Nordbø                             ,N,J,N,J,N,Kunder med bare sparekonto         ,N,N,N,N,N,N,N,N,N,N,N
2329,14015425378,P,10000,Gertrud Nicolae                    ,Knoph                              ,N,J,N,N,N,Kunder med bare sparekonto         ,N,N,N,N,N,N,N,N,N,N,N
2329,04029809017,P,10000,Salih Elisabet                     ,Smeland                            ,N,N,N,J,N,Kunder med bare sparekonto         ,N,N,N,N,N,N,N,N,N,N,N
2329,06065404425,P,10000,Siv Vincent                        ,Skullerud                          ,N,J,N,J,N,Kunder med bare sparekonto         ,N,N,N,N,N,N,N,N,N,N,N
2329,20065523281,P,10000,Heiko Viviann                      ,Lindland                           ,N,J,N,J,N,Kunder med bare sparekonto         ,N,N,N,N,N,N,N,N,N,N,N
2329,03119628155,P,10000,Ann-Iren Agnar                     ,Lilleås                            ,N,N,N,J,N,Kunder med bare sparekonto         ,N,N,N,N,N,N,N,N,N,N,N
2329,17046105133,P,10000,Hallgeir Tirill                    ,Sande                              ,N,N,N,J,N,Kunder med bare sparekonto         ,N,N,N,N,N,N,N,N,N,N,N
2329,09119463383,P,30000,Nour Juozas                        ,Knutsen                            ,N,J,N,J,N,Kunder med bare sparekonto         ,N,N,N,N,N,N,N,N,N,N,N
2329,05078715512,P,10000,Betzy Herbert                      ,Garcia                             ,N,N,N,J,N,Kunder med bare sparekonto         ,N,N,N,N,N,N,N,N,N,N,N
2329,15019410460,P,30000,Valborg Erik                       ,Strøm                              ,N,N,N,N,N,Kunder med bare sparekonto         ,N,N,N,N,N,N,N,N,N,N,N
2329,04055403673,P,02323,Bodhild Helmut                     ,Rodriguez                          ,N,N,N,J,N,Kunder med bare sparekonto         ,N,N,N,N,N,N,N,N,N,N,N
2329,21044615867,P,10000,Møyfrid Asbjørn                    ,Wagner                             ,N,J,N,J,N,Kunder med bare sparekonto         ,N,N,N,N,N,N,N,N,N,N,N
2329,07125813695,P,10000,Nerijus Hildur                     ,Fimland                            ,N,N,N,N,N,Kunder med bare sparekonto         ,N,N,N,N,N,N,N,N,N,N,N
2329,17036511915,P,10000,Alfhild Jan-Olav                   ,Isaksen                            ,N,N,N,J,N,Kunder med bare sparekonto         ,N,N,N,N,N,N,N,N,N,N,N
2329,10028409392,P,10000,Berge Wanda                        ,Leidland                           ,N,N,N,J,N,Kunder med bare sparekonto         ,N,N,N,N,N,N,N,N,N,N,N
2329,15075617337,P,10000,Henny Ahmed                        ,Stene                              ,N,N,N,N,N,Kunder med bare sparekonto         ,N,N,N,N,N,N,N,N,N,N,N
2329,06125100439,P,10000,Gregor Irma                        ,Haddeland                          ,N,N,N,J,N,Kunder med bare sparekonto         ,N,N,N,N,N,N,N,N,N,N,N
2329,06118701303,P,10000,Tine Roald                         ,Hermansen                          ,N,N,N,J,N,Kunder med bare sparekonto         ,N,N,N,N,N,N,N,N,N,N,N
2329,03067613332,P,10000,Cesar Hanna                        ,Hall                               ,N,J,N,J,N,Kunder med bare sparekonto         ,N,N,N,N,N,N,N,N,N,N,N
2329,28127408663,P,10000,Oskar Torhild                      ,Eikeland                           ,N,J,N,J,N,Kunder med bare sparekonto         ,N,N,N,N,N,N,N,N,N,N,N
2329,07105915041,P,10000,Brenda Melvin                      ,Bråten                             ,N,J,N,N,N,Kunder med bare sparekonto         ,N,N,N,N,N,N,N,N,N,N,N
2329,17075114192,P,10000,Mike Gordana                       ,Aasheim                            ,N,N,N,J,N,Kunder med bare sparekonto         ,N,N,N,N,N,N,N,N,N,N,N
2329,07095320346,P,10000,Kamil Elke                         ,Homme                              ,N,N,N,N,N,Kunder med bare sparekonto         ,N,N,N,N,N,N,N,N,N,N,N
2329,19094816583,P,10000,Karsten Gunda                      ,Prytz                              ,N,J,N,J,N,Kunder med bare sparekonto         ,N,N,N,N,N,N,N,N,N,N,N
2329,04057200540,P,10000,Jens Ylva                          ,Wojcik                             ,N,N,N,N,N,Kunder med bare sparekonto         ,N,N,N,N,N,N,N,N,N,N,N
2329,31077417276,P,10000,Sanna Pawel                        ,Rui                                ,N,J,N,J,N,Kunder med bare sparekonto         ,N,N,N,N,N,N,N,N,N,N,N
2329,29087116199,P,10000,Yassin Lotta                       ,Wilhelmsen                         ,N,N,N,J,N,Kunder med bare sparekonto         ,N,N,N,N,N,N,N,N,N,N,N
2329,07096408565,P,10000,Ravn Valentina                     ,Anderssen                          ,N,N,N,J,N,Kunder med bare sparekonto         ,N,N,N,N,N,N,N,N,N,N,N
2329,19036116482,P,10000,Geir Ragni                         ,Bay                                ,N,N,N,J,N,Kunder med bare sparekonto         ,N,N,N,N,N,N,N,N,N,N,N
2329,12097001527,P,10000,Nerijus Inge                       ,Hjelseth                           ,N,N,N,N,N,Kunder med bare sparekonto         ,N,N,N,N,N,N,N,N,N,N,N
2329,01129009000,P,10000,Laima Magnus                       ,Lange                              ,N,N,N,J,N,Kunder med bare sparekonto         ,N,N,N,N,N,N,N,N,N,N,N
2329,29107220915,P,10000,Tuyet Frank                        ,Syrstad                            ,N,N,N,J,N,Kunder med bare sparekonto         ,N,N,N,N,N,N,N,N,N,N,N
2329,10094415875,P,10000,Rahma Ulrik                        ,Mohammad                           ,N,N,N,J,N,Kunder med bare sparekonto         ,N,N,N,N,N,N,N,N,N,N,N
2329,27054415597,P,10000,Stener Eileen                      ,Vatne                              ,N,N,N,J,N,Kunder med bare sparekonto         ,N,N,N,N,N,N,N,N,N,N,N
2329,13065508855,P,10000,Lydia Marius                       ,Thoresen                           ,N,N,N,J,N,Kunder med bare sparekonto         ,N,N,N,N,N,N,N,N,N,N,N
2329,19076911846,P,10000,Kristofer Hanne                    ,Eike                               ,N,J,J,J,N,Kunder med bare sparekonto         ,N,N,N,N,N,N,N,N,N,N,N
2329,30106405839,P,10000,Lene Audun                         ,Høiland                            ,N,J,N,J,N,Kunder med bare sparekonto         ,N,N,N,N,N,N,N,N,N,N,N
2329,28044808694,P,10000,Mantas Bianca                      ,Ditlefsen                          ,N,N,N,J,N,Kunder med bare sparekonto         ,N,N,N,N,N,N,N,N,N,N,N
2329,09085707431,P,10000,Mantas Merethe                     ,Saltnes                            ,N,J,N,N,N,Kunder med bare sparekonto         ,N,N,N,N,N,N,N,N,N,N,N
2329,23075022239,P,10000,Ahmet Ingrid                       ,Thorstensen                        ,N,N,N,J,N,Kunder med bare sparekonto         ,N,N,N,N,N,N,N,N,N,N,N
2329,22075408432,P,10000,Karita Helmer                      ,Kjærvik                            ,N,N,N,J,N,Kunder med bare sparekonto         ,N,N,N,N,N,N,N,N,N,N,N
2329,02040425449,P,10000,Fillip Jessica                     ,Støylen                            ,N,N,N,J,N,Kunder med bare sparekonto         ,N,N,N,N,N,N,N,N,N,N,N
2329,04075010333,P,10000,Ruby Carsten                       ,Øie                                ,N,J,N,J,N,Kunder med bare sparekonto         ,N,N,N,N,N,N,N,N,N,N,N
2329,14085615034,P,10000,Herman May-Kristin                 ,Haugvaldstad                       ,N,N,N,N,N,Kunder med bare sparekonto         ,N,N,N,N,N,N,N,N,N,N,N
2329,17066009114,P,10000,Asle Ellie                         ,Wik                                ,N,N,N,J,N,Kunder med bare sparekonto         ,N,N,N,N,N,N,N,N,N,N,N
2329,07037014006,P,10000,Anstein Ekaterina                  ,Kvarme                             ,N,N,N,J,N,Kunder med bare sparekonto         ,N,N,N,N,N,N,N,N,N,N,N
2329,19024217593,P,30000,Rachel Jan-Fredrik                 ,Lillegård                          ,N,N,N,J,N,Kunder med bare sparekonto         ,N,N,N,N,N,N,N,N,N,N,N
2329,21104904103,P,10000,Adnan Grazyna                      ,Valberg                            ,N,N,N,J,N,Kunder med bare sparekonto         ,N,N,N,N,N,N,N,N,N,N,N
2329,21085305325,P,10000,Hroar Olga                         ,Brunstad                           ,N,N,N,N,N,Kunder med bare sparekonto         ,N,N,N,N,N,N,N,N,N,N,N
2329,01043523666,P,10000,Ole-Morten Belinda                 ,Utvik                              ,N,N,N,J,N,Kunder med bare sparekonto         ,N,N,N,N,N,N,N,N,N,N,N
2329,30075717829,P,10000,Kirstin Tollef                     ,Englund                            ,N,N,N,J,N,Kunder med bare sparekonto         ,N,N,N,N,N,N,N,N,N,N,N
2329,14126300159,P,10000,Aiste Jan-Inge                     ,Semb                               ,N,N,N,J,N,Kunder med bare sparekonto         ,N,N,N,N,N,N,N,N,N,N,N
2329,07097901680,P,10000,Dick Jelena                        ,Natås                              ,N,J,N,J,N,Kunder med bare sparekonto         ,N,N,N,N,N,N,N,N,N,N,N
2329,24098313873,P,10000,Jorund Torbjørn                    ,Mjånes                             ,N,J,J,J,N,Kunder med bare sparekonto         ,N,N,N,N,N,N,N,N,N,N,N
2329,25075717833,P,10000,Frode Maryan                       ,Heggset                            ,N,N,N,J,N,Kunder med bare sparekonto         ,N,N,N,N,N,N,N,N,N,N,N
2329,25127308988,P,10000,Hellen Mehran                      ,Falkenberg                         ,N,N,N,J,N,Kunder med bare sparekonto         ,N,N,N,N,N,N,N,N,N,N,N
2329,13085403685,P,10000,Petr Olina                         ,Osmundsen                          ,N,J,J,J,N,Kunder med bare sparekonto         ,N,N,N,N,N,N,N,N,N,N,N
2329,18097266537,P,10000,Senad Hansine                      ,Hille                              ,N,J,N,J,N,Kunder med bare sparekonto         ,N,N,N,N,N,N,N,N,N,N,N
2329,02075700086,P,10000,Mateusz Eirunn                     ,Leirvik                            ,N,J,N,J,N,Kunder med bare sparekonto         ,N,N,N,N,N,N,N,N,N,N,N
2329,16075022860,P,10000,Sienna Kato                        ,Hofstad                            ,N,N,N,J,N,Kunder med bare sparekonto         ,N,N,N,N,N,N,N,N,N,N,N
2329,23106514550,P,10000,Minh Thorgeir                      ,Nyheim                             ,N,N,N,N,N,Kunder med bare sparekonto         ,N,N,N,N,N,N,N,N,N,N,N
2329,28065407673,P,10000,Werner Nataliia                    ,Kjeldsberg                         ,N,N,N,J,N,Kunder med bare sparekonto         ,N,N,N,N,N,N,N,N,N,N,N
2329,11105607174,P,10000,Ingrida Thor-Arne                  ,Drabløs                            ,N,N,N,J,N,Kunder med bare sparekonto         ,N,N,N,N,N,N,N,N,N,N,N
2329,19085103647,P,10000,Thi Thorolf                        ,Stange                             ,N,J,N,J,N,Kunder med bare sparekonto         ,N,N,N,N,N,N,N,N,N,N,N
2329,19017717149,P,10000,Herborg Hai                        ,Koppang                            ,J,N,N,J,N,Kunder med bare sparekonto         ,N,N,N,N,N,N,N,N,N,N,N
2329,27097200489,P,10000,Wally Kris                         ,Rist                               ,N,J,N,J,N,Kunder med bare sparekonto         ,N,N,N,N,N,N,N,N,N,N,N
2329,27037806981,P,10000,Tommy Siril                        ,Chen                               ,N,N,N,J,N,Kunder med bare sparekonto         ,N,N,N,N,N,N,N,N,N,N,N
2329,07035313723,P,10000,Hild Julian                        ,Brænden                            ,N,N,N,J,N,Kunder med bare sparekonto         ,N,N,N,N,N,N,N,N,N,N,N
2329,23034811946,P,10000,Renee Julio                        ,Saastad                            ,N,N,N,J,N,Kunder med bare sparekonto         ,N,N,N,N,N,N,N,N,N,N,N
2329,11070270384,P,10000,Farhad Lucy                        ,Mehmood                            ,N,N,N,N,N,Kunder med bare sparekonto         ,N,N,N,N,N,N,N,N,N,N,N
2329,11099068185,P,10000,Bjørnhild Abdifatah                ,Fosen                              ,J,N,N,J,N,Kunder med bare sparekonto         ,N,N,N,N,N,N,N,N,N,N,N
2329,24046103862,P,10000,Benny Maren                        ,Balstad                            ,N,N,N,J,N,Kunder med bare sparekonto         ,N,N,N,N,N,N,N,N,N,N,N
2329,07033800228,P,10000,Arnfrid Dovydas                    ,Haraldsen                          ,N,N,N,J,N,Kunder med bare sparekonto         ,N,N,N,N,N,N,N,N,N,N,N
2329,08074313028,P,10000,Magomed Solvår                     ,Berget                             ,N,N,N,J,N,Kunder med bare sparekonto         ,N,N,N,N,N,N,N,N,N,N,N
2329,18127502419,P,10000,Valter Janny                       ,Ræstad                             ,N,N,N,N,N,Kunder med bare sparekonto         ,N,N,N,N,N,N,N,N,N,N,N
2329,18126911633,P,10000,Liliana Miguel                     ,Wilhelmsen                         ,N,N,N,J,N,Kunder med bare sparekonto         ,N,N,N,N,N,N,N,N,N,N,N
2329,10113811140,P,10000,Line Knut-Erik                     ,Sætermo                            ,N,N,N,N,N,Kunder med bare sparekonto         ,N,N,N,N,N,N,N,N,N,N,N
2329,22117513150,P,10000,Alfhild Jan-Olav                   ,Nysveen                            ,N,N,N,J,N,Kunder med bare sparekonto         ,N,N,N,N,N,N,N,N,N,N,N
2329,02014501889,P,10000,Torodd Fariba                      ,Svenkerud                          ,N,N,N,J,N,Kunder med bare sparekonto         ,N,N,N,N,N,N,N,N,N,N,N
2329,07027512342,P,10000,Nataliia Fernando                  ,Borlaug                            ,N,J,N,N,N,Kunder med bare sparekonto         ,N,N,N,N,N,N,N,N,N,N,N
2329,28127202275,P,10000,Ole-Morten Elham                   ,Lilleberg                          ,N,N,N,J,N,Kunder med bare sparekonto         ,N,N,N,N,N,N,N,N,N,N,N
2329,18084702710,P,10000,Robertas Katrin                    ,Devik                              ,J,N,N,J,N,Kunder med bare sparekonto         ,N,N,N,N,N,N,N,N,N,N,N
2329,23046802047,P,10000,Bjørghild Helmut                   ,Mazur                              ,N,J,J,J,N,Kunder med bare sparekonto         ,N,N,N,N,N,N,N,N,N,N,N
2329,04073323873,P,10000,Zlatko Anlaug                      ,Sollid                             ,N,J,N,J,N,Kunder med bare sparekonto         ,N,N,N,N,N,N,N,N,N,N,N
2329,04056111781,P,10000,Bibbi Kenny                        ,Gabrielsen                         ,N,N,N,N,N,Kunder med bare sparekonto         ,N,N,N,N,N,N,N,N,N,N,N
2329,24128508828,P,30000,Fartun Jahn                        ,Mjelde                             ,N,J,J,N,N,Kunder med bare sparekonto         ,N,N,N,N,N,N,N,N,N,N,N
2329,30114717637,P,10000,Møyfrid Asbjørn                    ,Ekeland                            ,N,N,N,J,N,Kunder med bare sparekonto         ,N,N,N,N,N,N,N,N,N,N,N
2329,23126018215,P,10000,Kari-Anne Gudbrand                 ,Holgersen                          ,N,J,J,J,N,Kunder med bare sparekonto         ,N,N,N,N,N,N,N,N,N,N,N
2329,06079910382,P,10000,Conny Ari                          ,Akselsen                           ,N,N,N,N,N,Kunder med bare sparekonto         ,N,N,N,N,N,N,N,N,N,N,N
2329,25085818980,P,10000,Dalia Ingvald                      ,Gustad                             ,N,N,N,J,N,Kunder med bare sparekonto         ,N,N,N,N,N,N,N,N,N,N,N
2329,26038454071,P,10000,Minda Sasa                         ,Kleiveland                         ,N,N,N,N,N,Kunder med bare sparekonto         ,N,N,N,N,N,N,N,N,N,N,N
2329,01025605043,P,10000,Mantas Bianca                      ,Høgseth                            ,N,J,N,J,N,Kunder med bare sparekonto         ,N,N,N,N,N,N,N,N,N,N,N
2329,16084314904,P,10000,Borger Esther                      ,Pettersson                         ,N,N,N,J,N,Kunder med bare sparekonto         ,N,N,N,N,N,N,N,N,N,N,N
2329,30085306908,P,10000,Ragne Kato                         ,Greve                              ,N,N,N,J,N,Kunder med bare sparekonto         ,N,N,N,N,N,N,N,N,N,N,N
2329,31074711998,P,10000,Wieslaw Vaida                      ,Sirnes                             ,N,N,N,J,N,Kunder med bare sparekonto         ,N,N,N,N,N,N,N,N,N,N,N
2329,02114203885,P,10000,Edgar Irena                        ,Tewelde                            ,N,N,N,J,N,Kunder med bare sparekonto         ,N,N,N,N,N,N,N,N,N,N,N
2329,10075610454,P,10000,Lina Bjørn-Inge                    ,Christoffersen                     ,N,J,J,J,N,Kunder med bare sparekonto         ,N,N,N,N,N,N,N,N,N,N,N
2329,01028013902,P,10000,Shahzad Edita                      ,Kirkerud                           ,N,J,N,N,N,Kunder med bare sparekonto         ,N,N,N,N,N,N,N,N,N,N,N
2329,22013920684,P,10000,Mantas Bianca                      ,Bibi                               ,N,N,N,J,N,Kunder med bare sparekonto         ,N,N,N,N,N,N,N,N,N,N,N
2329,02025423650,P,30000,Lucie Vincent                      ,Håland                             ,N,J,J,N,N,Kunder med bare sparekonto         ,N,N,N,N,N,N,N,N,N,N,N
2329,20065819032,P,10000,Lydia Marius                       ,Grønvold                           ,N,N,N,J,N,Kunder med bare sparekonto         ,N,N,N,N,N,N,N,N,N,N,N
2329,08035401386,P,10000,Senad Hansine                      ,Thomassen                          ,N,N,N,J,N,Kunder med bare sparekonto         ,N,N,N,N,N,N,N,N,N,N,N
2329,29119624876,P,10000,Oscar Edda                         ,Hobberstad                         ,N,N,N,J,N,Kunder med bare sparekonto         ,N,N,N,N,N,N,N,N,N,N,N
2329,06115309550,P,10000,Stener Berit                       ,Ophaug                             ,N,J,N,J,N,Kunder med bare sparekonto         ,N,N,N,N,N,N,N,N,N,N,N
2329,30075713211,P,10000,Ioana Syed                         ,Rahman                             ,N,N,N,J,N,Kunder med bare sparekonto         ,N,N,N,N,N,N,N,N,N,N,N
2329,08076107506,P,10000,Gine Francisco                     ,Storsve                            ,N,J,N,J,N,Kunder med bare sparekonto         ,N,N,N,N,N,N,N,N,N,N,N
2329,16116509834,P,10000,Susann Kamran                      ,Myller                             ,N,N,N,J,N,Kunder med bare sparekonto         ,N,N,N,N,N,N,N,N,N,N,N
2329,12026217758,P,10000,Aadne Wanja                        ,Aulie                              ,N,N,N,J,N,Kunder med bare sparekonto         ,N,N,N,N,N,N,N,N,N,N,N
2329,23127122466,P,10000,Shahid Jannie                      ,Årnes                              ,N,N,N,J,N,Kunder med bare sparekonto         ,N,N,N,N,N,N,N,N,N,N,N
2329,04086102663,P,10000,Ådne Conny                         ,Indahl                             ,N,N,N,J,N,Kunder med bare sparekonto         ,N,N,N,N,N,N,N,N,N,N,N
2329,14065007259,P,10000,Azad Elsie                         ,Steinnes                           ,N,J,J,J,N,Kunder med bare sparekonto         ,N,N,N,N,N,N,N,N,N,N,N
2329,21057217011,P,10000,Håvard Kathrin                     ,Nordeng                            ,N,N,N,N,N,Kunder med bare sparekonto         ,N,N,N,N,N,N,N,N,N,N,N
2329,25085614927,P,10000,Ann-Mari Danny                     ,Skevik                             ,N,N,N,J,N,Kunder med bare sparekonto         ,N,N,N,N,N,N,N,N,N,N,N
2329,17126522649,P,10000,Mateusz Eirunn                     ,Wik                                ,N,N,N,J,N,Kunder med bare sparekonto         ,N,N,N,N,N,N,N,N,N,N,N
2329,18026612930,P,10000,Danijela Dovydas                   ,Halvorsrud                         ,N,J,N,J,N,Kunder med bare sparekonto         ,N,N,N,N,N,N,N,N,N,N,N
2329,27115323291,P,10000,Ben Gertrud                        ,Sandøy                             ,N,N,N,J,N,Kunder med bare sparekonto         ,N,N,N,N,N,N,N,N,N,N,N
2329,29045806640,P,10000,Kai Pia                            ,Øie                                ,N,N,N,J,N,Kunder med bare sparekonto         ,N,N,N,N,N,N,N,N,N,N,N
2329,06015015762,P,10000,Thorild Jan-Inge                   ,Lam                                ,N,N,N,J,N,Kunder med bare sparekonto         ,N,N,N,N,N,N,N,N,N,N,N
2329,03034415276,P,10000,Tor-Inge Adine                     ,Tveten                             ,N,J,N,J,N,Kunder med bare sparekonto         ,N,N,N,N,N,N,N,N,N,N,N
2329,31056221266,P,10000,Brit Ole-Marius                    ,Bratberg                           ,N,N,N,J,N,Kunder med bare sparekonto         ,N,N,N,N,N,N,N,N,N,N,N
2329,24104923352,P,10000,Willy Gintare                      ,Borlaug                            ,N,N,N,J,N,Kunder med bare sparekonto         ,N,N,N,N,N,N,N,N,N,N,N
2329,04054719340,P,10000,Jorge Gina                         ,Hynne                              ,N,N,N,J,N,Kunder med bare sparekonto         ,N,N,N,N,N,N,N,N,N,N,N
2329,01085005673,P,10000,Aiste Ben                          ,Magerøy                            ,N,N,N,J,N,Kunder med bare sparekonto         ,N,N,N,N,N,N,N,N,N,N,N
2329,11040066847,P,10000,Fillip Caroline                    ,Lysø                               ,N,N,N,J,N,Kunder med bare sparekonto         ,N,N,N,N,N,N,N,N,N,N,N
2329,18054620744,B,30000,Isaac Renata                       ,Orvik                              ,N,J,J,N,N,Kunder med bare sparekonto         ,N,N,N,N,N,N,N,N,N,N,N
2329,14129750716,P,10000,Halldis Trond                      ,Svenningsen                        ,N,N,N,J,N,Kunder med bare sparekonto         ,N,N,N,N,N,N,N,N,N,N,N
2329,30085917699,P,30000,Bjørghild Albin                    ,Mæle                               ,N,J,N,J,N,Kunder med bare sparekonto         ,N,N,N,N,N,N,N,N,N,N,N
2329,15106318295,P,10000,Amal Harald                        ,Myrseth                            ,N,J,J,J,N,Kunder med bare sparekonto         ,N,N,N,N,N,N,N,N,N,N,N
2329,17096813686,P,10000,Sienna Mateo                       ,Finnesand                          ,N,N,N,N,N,Kunder med bare sparekonto         ,N,N,N,N,N,N,N,N,N,N,N
2329,18075311288,P,10000,Asle Emely                         ,Sæland                             ,N,J,N,J,N,Kunder med bare sparekonto         ,N,N,N,N,N,N,N,N,N,N,N
2329,08097907138,P,10000,Inger-Anne Staffan                 ,Jønsson                            ,N,N,N,J,N,Kunder med bare sparekonto         ,N,N,N,N,N,N,N,N,N,N,N
2329,10117209119,P,10000,Kathe Abdulkadir                   ,Vårdal                             ,N,N,N,J,N,Kunder med bare sparekonto         ,N,N,N,N,N,N,N,N,N,N,N
2329,06068801336,P,10000,Teresa Søren                       ,Hustad                             ,N,N,N,J,N,Kunder med bare sparekonto         ,N,N,N,N,N,N,N,N,N,N,N
2329,20045617433,P,10000,Ivana Idris                        ,Edvartsen                          ,N,N,N,J,N,Kunder med bare sparekonto         ,N,N,N,N,N,N,N,N,N,N,N
2329,31105220009,P,10000,Catharina Thorolf                  ,Balstad                            ,N,N,N,J,N,Kunder med bare sparekonto         ,N,N,N,N,N,N,N,N,N,N,N
2329,28109621538,P,10000,Christine Aslan                    ,Ring                               ,N,N,N,J,N,Kunder med bare sparekonto         ,N,N,N,N,N,N,N,N,N,N,N
2329,31074815416,P,10000,Nazia Thorolf                      ,Kvandal                            ,N,N,N,J,N,Kunder med bare sparekonto         ,N,N,N,N,N,N,N,N,N,N,N
2329,29087722811,P,10000,Frederick Ragnfrid                 ,Tonstad                            ,N,N,N,N,N,Kunder med bare sparekonto         ,N,N,N,N,N,N,N,N,N,N,N
2329,14115713052,P,10000,Milda Tron                         ,Fardal                             ,N,N,N,J,N,Kunder med bare sparekonto         ,N,N,N,N,N,N,N,N,N,N,N
2329,13076506943,P,10000,Daria Nicolae                      ,Granlund                           ,N,J,N,N,N,Kunder med bare sparekonto         ,N,N,N,N,N,N,N,N,N,N,N
2329,04067603570,P,10000,Kari-Anne Bjørn-Inge               ,Plassen                            ,N,N,N,J,N,Kunder med bare sparekonto         ,N,N,N,N,N,N,N,N,N,N,N
2329,19036200327,P,10000,Uno Siril                          ,Kolnes                             ,N,N,N,J,N,Kunder med bare sparekonto         ,N,N,N,N,N,N,N,N,N,N,N
2329,21014505056,P,10000,Heiko Viviann                      ,Tronstad                           ,N,N,N,N,N,Kunder med bare sparekonto         ,N,N,N,N,N,N,N,N,N,N,N
2329,01034509359,P,10000,Ådne Elina                         ,Molteberg                          ,N,N,N,J,N,Kunder med bare sparekonto         ,N,N,N,N,N,N,N,N,N,N,N
2329,05090820836,P,10000,Inger-Johanne Francisco            ,Fardal                             ,N,N,N,J,N,Kunder med bare sparekonto         ,N,N,N,N,N,N,N,N,N,N,N
2329,05104419153,P,10000,Adnan Iselin                       ,Borge                              ,N,N,N,J,N,Kunder med bare sparekonto         ,N,N,N,N,N,N,N,N,N,N,N
2329,23020100818,P,10000,Irma Stein-Erik                    ,Støylen                            ,N,N,N,J,N,Kunder med bare sparekonto         ,N,N,N,N,N,N,N,N,N,N,N
2329,11039006814,P,10000,Lill Varg                          ,Berisha                            ,N,N,N,J,N,Kunder med bare sparekonto         ,N,N,N,N,N,N,N,N,N,N,N
2329,22129626570,P,10000,Hellen Aslak                       ,Romsdal                            ,N,N,N,J,N,Kunder med bare sparekonto         ,N,N,N,N,N,N,N,N,N,N,N
2329,16046004713,P,10000,Søren Joanne                       ,Enoksen                            ,N,J,N,J,N,Kunder med bare sparekonto         ,N,N,N,N,N,N,N,N,N,N,N
2329,10058471025,P,10000,Pauline Valentin                   ,Bru                                ,N,J,N,J,N,Kunder med bare sparekonto         ,N,N,N,N,N,N,N,N,N,N,N
2329,17086903482,P,10000,Oddrun Angel                       ,Løvold                             ,N,J,N,N,N,Kunder med bare sparekonto         ,N,N,N,N,N,N,N,N,N,N,N
2329,06095809799,P,10000,Dalia Ingvald                      ,Edvardsen                          ,J,N,N,J,N,Kunder med bare sparekonto         ,N,N,N,N,N,N,N,N,N,N,N
2329,18030015246,P,10000,Azra Julian                        ,Bang                               ,N,N,N,J,N,Kunder med bare sparekonto         ,N,N,N,N,N,N,N,N,N,N,N
2329,15054907076,P,10000,Vasile Augusta                     ,Jordan                             ,N,J,N,J,N,Kunder med bare sparekonto         ,N,N,N,N,N,N,N,N,N,N,N
2329,26015101236,P,10000,Andre Mikaela                      ,Fardal                             ,N,N,N,J,N,Kunder med bare sparekonto         ,N,N,N,N,N,N,N,N,N,N,N
2329,23085014943,P,10000,Dumitru Antonia                    ,Lindland                           ,N,J,N,J,N,Kunder med bare sparekonto         ,N,N,N,N,N,N,N,N,N,N,N
2329,27127516788,P,10000,Hroar Olga                         ,Frigstad                           ,N,N,N,J,N,Kunder med bare sparekonto         ,N,N,N,N,N,N,N,N,N,N,N
2329,21049966072,P,10000,Kolbjørn Vibekke                   ,Øyen                               ,N,N,N,J,N,Kunder med bare sparekonto         ,N,N,N,N,N,N,N,N,N,N,N
2329,07047309810,P,10000,Kine Ole-Marius                    ,Mundal                             ,N,N,N,J,N,Kunder med bare sparekonto         ,N,N,N,N,N,N,N,N,N,N,N
2329,21017922901,P,10000,Lotta Thorleif                     ,Midtbø                             ,N,J,N,J,N,Kunder med bare sparekonto         ,N,N,N,N,N,N,N,N,N,N,N
2329,04024608250,P,10000,Vasile Augusta                     ,Stene                              ,N,J,N,J,N,Kunder med bare sparekonto         ,N,N,N,N,N,N,N,N,N,N,N
2329,02045519883,P,10000,Mateusz Eirunn                     ,Lindås                             ,N,N,N,J,N,Kunder med bare sparekonto         ,N,N,N,N,N,N,N,N,N,N,N
2329,24028903029,P,10000,Kamil Thilde                       ,Kvåle                              ,N,N,N,N,N,Kunder med bare sparekonto         ,N,N,N,N,N,N,N,N,N,N,N
2329,27100522085,P,10000,Paal Magnhild                      ,Hobberstad                         ,N,N,N,J,N,Kunder med bare sparekonto         ,N,N,N,N,N,N,N,N,N,N,N
2329,19065707856,P,10000,Sigrun Hans                        ,Fure                               ,N,N,N,J,N,Kunder med bare sparekonto         ,N,N,N,N,N,N,N,N,N,N,N
2329,16024509668,P,10000,Heather Samuel                     ,Heitmann                           ,N,N,N,J,N,Kunder med bare sparekonto         ,N,N,N,N,N,N,N,N,N,N,N
2329,31038208023,P,10000,Ståle Othilie                      ,Skulstad                           ,N,J,N,J,N,Kunder med bare sparekonto         ,N,N,N,N,N,N,N,N,N,N,N
2329,02095611063,P,10000,Jill Jahn                          ,Johannesen                         ,N,N,N,N,N,Kunder med bare sparekonto         ,N,N,N,N,N,N,N,N,N,N,N
2329,14118508867,P,10000,My Marc                            ,Skogvoll                           ,N,N,N,J,N,Kunder med bare sparekonto         ,N,N,N,N,N,N,N,N,N,N,N
2329,29034007207,P,10000,Farzana Cesar                      ,Sundt                              ,N,J,N,J,N,Kunder med bare sparekonto         ,N,N,N,N,N,N,N,N,N,N,N
2329,19065319422,P,10000,Asha Haakon                        ,Dahlstrøm                          ,N,J,J,J,N,Kunder med bare sparekonto         ,N,N,N,N,N,N,N,N,N,N,N
2329,06046408142,P,10000,Bernhard Anne-Kristine             ,Svensson                           ,N,N,N,J,N,Kunder med bare sparekonto         ,N,N,N,N,N,N,N,N,N,N,N
2329,07105020079,P,10000,Sharon Sivert                      ,Leknes                             ,N,J,N,J,N,Kunder med bare sparekonto         ,N,N,N,N,N,N,N,N,N,N,N
2329,05097008703,P,10000,Gregor Anne-Line                   ,Bergtun                            ,N,N,N,J,N,Kunder med bare sparekonto         ,N,N,N,N,N,N,N,N,N,N,N
2329,04128419026,P,10000,Lill-Tove Sorin                    ,Hval                               ,N,N,N,N,N,Kunder med bare sparekonto         ,N,N,N,N,N,N,N,N,N,N,N
2329,16080304939,P,10000,Ramunas Maryam                     ,Amdahl                             ,N,N,N,J,N,Kunder med bare sparekonto         ,N,N,N,N,N,N,N,N,N,N,N
2329,13126100935,P,10000,Neil Patricia                      ,Gabrielsen                         ,N,N,N,J,N,Kunder med bare sparekonto         ,N,N,N,N,N,N,N,N,N,N,N
2329,08104522913,P,10000,Embla Styrk                        ,Olufsen                            ,N,N,N,J,N,Kunder med bare sparekonto         ,N,N,N,N,N,N,N,N,N,N,N
2329,02126615798,P,10000,Liudmila Pawel                     ,Eide                               ,N,N,N,J,N,Kunder med bare sparekonto         ,N,N,N,N,N,N,N,N,N,N,N
2329,07084132793,P,10000,Fillip Daiva                       ,Vigdal                             ,N,N,N,J,N,Kunder med bare sparekonto         ,N,N,N,N,N,N,N,N,N,N,N
2329,18085616974,P,10000,Niklas Elly                        ,Woldseth                           ,N,N,N,J,N,Kunder med bare sparekonto         ,N,N,N,N,N,N,N,N,N,N,N
2329,04085018367,P,10000,Olle Samira                        ,Sørheim                            ,N,N,N,J,N,Kunder med bare sparekonto         ,N,N,N,N,N,N,N,N,N,N,N
2329,20017917715,P,10000,Magomed Bjørnhild                  ,Askim                              ,N,N,N,J,N,Kunder med bare sparekonto         ,N,N,N,N,N,N,N,N,N,N,N
2329,05064607385,P,10000,Berly Marcelo                      ,Leidland                           ,N,N,N,J,N,Kunder med bare sparekonto         ,N,N,N,N,N,N,N,N,N,N,N
2329,23126208103,P,10000,Gregor Merethe                     ,Aasbø                              ,N,N,N,J,N,Kunder med bare sparekonto         ,N,N,N,N,N,N,N,N,N,N,N
2329,24059622044,P,10000,Tor-Inge Marte                     ,Oterhals                           ,N,N,N,J,N,Kunder med bare sparekonto         ,N,N,N,N,N,N,N,N,N,N,N
2329,19124901653,P,10000,Sivert Ella                        ,Wik                                ,N,N,N,N,N,Kunder med bare sparekonto         ,N,N,N,N,N,N,N,N,N,N,N
2329,13115506832,P,10000,Kitt Babak                         ,Ree                                ,N,N,N,N,N,Kunder med bare sparekonto         ,N,N,N,N,N,N,N,N,N,N,N
2329,15036400827,P,10000,Marcel Runi                        ,Vigre                              ,N,J,N,J,N,Kunder med bare sparekonto         ,N,N,N,N,N,N,N,N,N,N,N
2329,03128018734,P,10000,Kolbjørn Sari                      ,Haugsdal                           ,N,N,N,J,N,Kunder med bare sparekonto         ,N,N,N,N,N,N,N,N,N,N,N
2329,17034223718,P,10000,Sol Odd-Arne                       ,Isdahl                             ,N,N,N,J,N,Kunder med bare sparekonto         ,N,N,N,N,N,N,N,N,N,N,N
2329,14096801433,P,10000,Eirunn Juozas                      ,Sulen                              ,N,N,N,J,N,Kunder med bare sparekonto         ,N,N,N,N,N,N,N,N,N,N,N
2329,12086967829,P,10000,Cesar Yordanos                     ,Hareide                            ,N,N,N,J,N,Kunder med bare sparekonto         ,N,N,N,N,N,N,N,N,N,N,N
2329,03055618797,P,10000,Vanessa Marton                     ,Fardal                             ,N,N,N,J,N,Kunder med bare sparekonto         ,N,N,N,N,N,N,N,N,N,N,N
2329,19129101566,P,10000,Marina Mahdi                       ,Dyngeland                          ,N,N,N,J,N,Kunder med bare sparekonto         ,N,N,N,N,N,N,N,N,N,N,N
2329,25114722122,P,10000,Silke Øyvind                       ,Brunstad                           ,N,J,N,J,N,Kunder med bare sparekonto         ,N,N,N,N,N,N,N,N,N,N,N
2329,04074826267,P,10000,Tarjei Hulda                       ,Liabø                              ,N,J,N,J,N,Kunder med bare sparekonto         ,N,N,N,N,N,N,N,N,N,N,N
2329,10014709423,P,10000,Faiza Trond                        ,Rong                               ,N,N,N,J,N,Kunder med bare sparekonto         ,N,N,N,N,N,N,N,N,N,N,N
2329,22107816422,P,30000,Elliot Roza                        ,Tengesdal                          ,N,J,N,J,N,Kunder med bare sparekonto         ,N,N,N,N,N,N,N,N,N,N,N
2329,19014610327,P,30000,Betty Janne                        ,Nordnes                            ,N,N,N,J,N,Kunder med bare sparekonto         ,N,N,N,N,N,N,N,N,N,N,N
2329,20015011182,P,10000,Gudny Øyvind                       ,Bertelsen                          ,N,N,N,J,N,Kunder med bare sparekonto         ,N,N,N,N,N,N,N,N,N,N,N
2329,02106107761,P,10000,Hedda Ingvard                      ,Meidell                            ,N,N,N,J,N,Kunder med bare sparekonto         ,N,N,N,N,N,N,N,N,N,N,N
2329,27068408321,P,10000,Bibbi Kenny                        ,Gustad                             ,N,J,N,J,N,Kunder med bare sparekonto         ,N,N,N,N,N,N,N,N,N,N,N
2329,15078919466,P,30000,Raimondas Juliet                   ,Skauen                             ,N,J,N,N,N,Kunder med bare sparekonto         ,N,N,N,N,N,N,N,N,N,N,N
2329,13024718861,P,10000,Marcel Frøya                       ,Høgås                              ,N,J,N,J,N,Kunder med bare sparekonto         ,N,N,N,N,N,N,N,N,N,N,N
2329,18106808658,P,10000,Franz Sigrun                       ,Skaar                              ,N,N,N,J,N,Kunder med bare sparekonto         ,N,N,N,N,N,N,N,N,N,N,N
2329,08055113891,P,10000,Mehmed Amina                       ,Lillehagen                         ,N,N,N,J,N,Kunder med bare sparekonto         ,N,N,N,N,N,N,N,N,N,N,N
2329,03027016676,P,10000,Sarah Paulo                        ,Bye                                ,N,N,N,J,N,Kunder med bare sparekonto         ,N,N,N,N,N,N,N,N,N,N,N
2329,29105907271,P,10000,Kathrin Magnus                     ,Fardal                             ,N,J,N,J,N,Kunder med bare sparekonto         ,N,N,N,N,N,N,N,N,N,N,N
2329,18099858547,P,10000,Ståle Gurli                        ,Duong                              ,N,N,N,J,N,Kunder med bare sparekonto         ,N,N,N,N,N,N,N,N,N,N,N
2329,21056813915,P,10000,Ståle Gurli                        ,Buljo                              ,N,J,N,N,N,Kunder med bare sparekonto         ,N,N,N,N,N,N,N,N,N,N,N
2329,28087213295,P,10000,Mantas Bianca                      ,Raja                               ,N,N,N,N,N,Kunder med bare sparekonto         ,N,N,N,N,N,N,N,N,N,N,N
2329,18124611462,P,10000,Hasan Ann-Elise                    ,Broen                              ,N,J,N,J,N,Kunder med bare sparekonto         ,N,N,N,N,N,N,N,N,N,N,N
2329,22065318222,P,10000,Margret Tollef                     ,Hynne                              ,N,N,N,J,N,Kunder med bare sparekonto         ,N,N,N,N,N,N,N,N,N,N,N
2329,26114702640,P,10000,Wieslaw Gunni                      ,Aarsand                            ,N,J,N,J,N,Kunder med bare sparekonto         ,N,N,N,N,N,N,N,N,N,N,N
2329,19078117454,P,10000,Elly Pieter                        ,Trøan                              ,N,N,N,N,N,Kunder med bare sparekonto         ,N,N,N,N,N,N,N,N,N,N,N
2329,10038306729,P,10000,Benn Katrina                       ,Grøndahl                           ,J,N,N,N,N,Kunder med bare sparekonto         ,N,N,N,N,N,N,N,N,N,N,N
2329,13025009341,P,10000,Shahid Erica                       ,Christensen                        ,N,J,J,J,N,Kunder med bare sparekonto         ,N,N,N,N,N,N,N,N,N,N,N
2329,11047504750,P,10000,Ann-Iren Skule                     ,Obrestad                           ,N,N,N,J,N,Kunder med bare sparekonto         ,N,N,N,N,N,N,N,N,N,N,N
2329,23129107383,P,10000,Neil Rosita                        ,Tønnessen                          ,N,J,N,N,N,Kunder med bare sparekonto         ,N,N,N,N,N,N,N,N,N,N,N
2329,12126803727,P,10000,Sabrina Nabil                      ,Skarstad                           ,N,N,N,J,N,Kunder med bare sparekonto         ,N,N,N,N,N,N,N,N,N,N,N
2329,07117301502,P,10000,Marion Vincent                     ,Nyhuus                             ,N,N,N,J,N,Kunder med bare sparekonto         ,N,N,N,N,N,N,N,N,N,N,N
2329,20014504304,P,10000,Borghild Mieczyslaw                ,Tveten                             ,N,N,N,J,N,Kunder med bare sparekonto         ,N,N,N,N,N,N,N,N,N,N,N
2329,27059912041,P,10000,Beatrice Stuart                    ,Todnem                             ,N,N,N,J,N,Kunder med bare sparekonto         ,N,N,N,N,N,N,N,N,N,N,N
2329,13036504034,P,10000,Normann Aasta                      ,Magnussen                          ,J,N,N,J,N,Kunder med bare sparekonto         ,N,N,N,N,N,N,N,N,N,N,N
2329,24026711688,P,10000,Maksim Miranda                     ,Raza                               ,N,N,N,J,N,Kunder med bare sparekonto         ,N,N,N,N,N,N,N,N,N,N,N
2329,14015813459,P,10000,Fillip Ågot                        ,Aanestad                           ,N,N,N,J,N,Kunder med bare sparekonto         ,N,N,N,N,N,N,N,N,N,N,N
2329,02106109500,P,10000,Ståle Gurli                        ,Willassen                          ,N,N,N,J,N,Kunder med bare sparekonto         ,N,N,N,N,N,N,N,N,N,N,N
2329,06095519375,P,10000,Ruth Jan-Olav                      ,Qvale                              ,N,N,N,J,N,Kunder med bare sparekonto         ,N,N,N,N,N,N,N,N,N,N,N
2329,07049618756,P,10000,Amy Hallstein                      ,Bjørnestad                         ,N,N,N,J,N,Kunder med bare sparekonto         ,N,N,N,N,N,N,N,N,N,N,N
2329,21069508003,P,10000,Borger Aase                        ,Olaisen                            ,N,N,N,J,N,Kunder med bare sparekonto         ,N,N,N,N,N,N,N,N,N,N,N
2329,24047804791,P,10000,Alla Sasa                          ,Raa                                ,J,N,N,J,N,Kunder med bare sparekonto         ,N,N,N,N,N,N,N,N,N,N,N
2329,21024319331,P,10000,Ingo Sigrunn                       ,Lillehagen                         ,N,N,N,J,N,Kunder med bare sparekonto         ,N,N,N,N,N,N,N,N,N,N,N
2329,09065410807,P,10000,Sigfred Haldis                     ,Yilmaz                             ,N,N,N,J,N,Kunder med bare sparekonto         ,N,N,N,N,N,N,N,N,N,N,N
2329,06100713614,P,10000,Mehmed Beatriz                     ,Haugvaldstad                       ,N,N,N,J,N,Kunder med bare sparekonto         ,N,N,N,N,N,N,N,N,N,N,N
2329,04045410175,P,10000,Silke Øyvind                       ,Sævareid                           ,N,N,N,J,N,Kunder med bare sparekonto         ,N,N,N,N,N,N,N,N,N,N,N
2329,29104518883,P,10000,Mika Ingegerd                      ,Skoglund                           ,N,J,N,J,N,Kunder med bare sparekonto         ,N,N,N,N,N,N,N,N,N,N,N
2329,18120001562,P,10000,Sead Marta                         ,Stenberg                           ,N,N,N,J,N,Kunder med bare sparekonto         ,N,N,N,N,N,N,N,N,N,N,N
2329,20086814235,P,10000,Karin Idris                        ,Langaas                            ,N,N,N,N,N,Kunder med bare sparekonto         ,N,N,N,N,N,N,N,N,N,N,N
2329,03127256283,P,10000,Fillip Ågot                        ,Englund                            ,N,J,N,J,N,Kunder med bare sparekonto         ,N,N,N,N,N,N,N,N,N,N,N
2329,11026716324,P,10000,Tilde Roald                        ,Tjøsvoll                           ,N,J,N,J,N,Kunder med bare sparekonto         ,N,N,N,N,N,N,N,N,N,N,N
2329,19036504059,P,30000,Radoslaw Marlin                    ,Tenold                             ,N,N,N,J,N,Kunder med bare sparekonto         ,N,N,N,N,N,N,N,N,N,N,N
2329,15125915296,P,10000,Morteza Amalia                     ,Vågen                              ,N,J,N,J,N,Kunder med bare sparekonto         ,N,N,N,N,N,N,N,N,N,N,N
2329,22097322965,P,10000,Jeremy Mihaela                     ,Askim                              ,N,N,N,N,N,Kunder med bare sparekonto         ,N,N,N,N,N,N,N,N,N,N,N
2329,14055102636,P,10000,Kristofer Samira                   ,Winsnes                            ,N,N,N,J,N,Kunder med bare sparekonto         ,N,N,N,N,N,N,N,N,N,N,N
2329,14056806521,P,10000,Justas Vilja                       ,Kaspersen                          ,N,N,N,N,N,Kunder med bare sparekonto         ,N,N,N,N,N,N,N,N,N,N,N
2329,26067308939,P,10000,Celia Arthur                       ,Stray                              ,N,N,N,N,N,Kunder med bare sparekonto         ,N,N,N,N,N,N,N,N,N,N,N
2329,20085507681,P,10000,Vesna Audun                        ,Halstensen                         ,N,N,N,J,N,Kunder med bare sparekonto         ,N,N,N,N,N,N,N,N,N,N,N
2329,10019601167,P,10000,Kristofer Inger-Marie              ,Halvorsen                          ,J,N,N,J,N,Kunder med bare sparekonto         ,N,N,N,N,N,N,N,N,N,N,N
2329,03058712174,P,10000,Heiko Anneli                       ,Fornes                             ,N,J,N,J,N,Kunder med bare sparekonto         ,N,N,N,N,N,N,N,N,N,N,N
2329,21035410543,P,10000,Wieslaw Vaida                      ,Parveen                            ,N,J,N,J,N,Kunder med bare sparekonto         ,N,N,N,N,N,N,N,N,N,N,N
2329,18105418023,P,10000,Valdemar Linda                     ,Kvalvåg                            ,N,J,N,J,N,Kunder med bare sparekonto         ,N,N,N,N,N,N,N,N,N,N,N
2329,13054209759,P,10000,Håvard Semhar                      ,Steinnes                           ,N,N,N,J,N,Kunder med bare sparekonto         ,N,N,N,N,N,N,N,N,N,N,N
2329,25015115877,P,10000,Søren Simona                       ,Grønlund                           ,N,J,N,J,N,Kunder med bare sparekonto         ,N,N,N,N,N,N,N,N,N,N,N
2329,13125121726,P,10000,Marcel Othilie                     ,Kleiveland                         ,N,N,N,J,N,Kunder med bare sparekonto         ,N,N,N,N,N,N,N,N,N,N,N
2329,24083216030,P,30000,Ehsan Lill-Ann                     ,Miljeteig                          ,N,N,N,J,N,Kunder med bare sparekonto         ,N,N,N,N,N,N,N,N,N,N,N
2329,04120052786,P,10000,Sigita Pieter                      ,Nordanger                          ,N,N,N,J,N,Kunder med bare sparekonto         ,N,N,N,N,N,N,N,N,N,N,N
2329,12113806123,P,10000,Minh Thorgeir                      ,Fjelldal                           ,N,N,N,J,N,Kunder med bare sparekonto         ,N,N,N,N,N,N,N,N,N,N,N
2329,20075213922,P,10000,Jorge Gina                         ,Groth                              ,N,N,N,J,N,Kunder med bare sparekonto         ,N,N,N,N,N,N,N,N,N,N,N
2329,06048715743,P,10000,Aigars Minna                       ,Tveiten                            ,N,N,N,J,N,Kunder med bare sparekonto         ,N,N,N,N,N,N,N,N,N,N,N
2329,29016319552,P,10000,Cristian Emina                     ,Sørheim                            ,N,N,N,J,N,Kunder med bare sparekonto         ,N,N,N,N,N,N,N,N,N,N,N
2329,31053621255,P,10000,Steffan Mariya                     ,Brænden                            ,N,N,N,J,N,Kunder med bare sparekonto         ,N,N,N,N,N,N,N,N,N,N,N
2329,11105401452,P,10000,Elsie Ulrik                        ,Meisingset                         ,N,J,N,J,N,Kunder med bare sparekonto         ,N,N,N,N,N,N,N,N,N,N,N
2329,25065914223,P,10000,Halvar Vesna                       ,Wahl                               ,N,N,N,J,N,Kunder med bare sparekonto         ,N,N,N,N,N,N,N,N,N,N,N
