9057,13105109320,P,50200,Edgar Yulia                        ,Hjortland                          ,N,N,N,J,N,Kunder over 67år m/bruks & sparekto,N,N,N,N,N,N,N,N,N,N,N
9057,29065121571,P,50300,Malin Sivert                       ,Georgsen                           ,N,N,N,J,N,Kunder over 67år m/bruks & sparekto,N,N,N,N,N,N,N,N,N,N,N
9057,20085109538,P,14000,Afrim Venche                       ,Storsve                            ,N,N,N,J,N,Kunder over 67år m/bruks & sparekto,N,N,N,N,N,N,N,N,N,N,N
9057,18024801736,P,35000,Uno Veslemøy                       ,Skjolden                           ,N,J,N,J,N,Kunder over 67år m/bruks & sparekto,N,N,N,N,N,N,N,N,N,N,N
9057,13015223396,P,33000,Ruth Jan-Olav                      ,Holta                              ,N,J,N,J,N,Kunder over 67år m/bruks & sparekto,N,N,N,N,N,N,N,N,N,N,N
9057,24105021220,P,50700,Kristofer Eirin                    ,Finnesand                          ,N,N,J,J,N,Kunder over 67år m/bruks & sparekto,N,N,N,N,N,N,N,N,N,N,N
9057,02105304113,P,35000,Hild Tollef                        ,Hage                               ,N,J,N,J,N,Kunder over 67år m/bruks & sparekto,N,N,N,N,N,N,N,N,N,N,N
9057,24125116589,P,18500,Justas Dana                        ,Askeland                           ,N,N,N,J,N,Kunder over 67år m/bruks & sparekto,N,N,N,N,N,N,N,N,N,N,N
9057,14104025162,P,50700,Roxana Krzysztof                   ,Flatmo                             ,N,N,N,J,N,Kunder over 67år m/bruks & sparekto,N,N,N,N,N,N,N,N,N,N,N
9057,27054610551,P,31000,Kolbjørn Sari                      ,Sperre                             ,N,N,N,J,N,Kunder over 67år m/bruks & sparekto,N,N,N,N,N,N,N,N,N,N,N
9057,09023226259,P,10000,Justas Anne-Mari                   ,Steindal                           ,N,N,N,J,N,Kunder over 67år m/bruks & sparekto,N,N,N,N,N,N,N,N,N,N,N
9057,02025409305,P,30000,Wivi Bjørge                        ,Gill                               ,N,J,N,J,N,Kunder over 67år m/bruks & sparekto,N,N,N,N,N,N,N,N,N,N,N
9057,19045209469,P,24000,Cathrine Miguel                    ,Kleiven                            ,N,N,N,J,N,Kunder over 67år m/bruks & sparekto,N,N,N,N,N,N,N,N,N,N,N
9057,30105408524,P,50200,Eiril Leszek                       ,Balstad                            ,N,J,N,J,N,Kunder over 67år m/bruks & sparekto,N,N,N,N,N,N,N,N,N,N,N
9057,24043226467,P,16000,Cristian Ann-Lisbeth               ,Bøhmer                             ,N,N,N,J,N,Kunder over 67år m/bruks & sparekto,N,N,N,N,N,N,N,N,N,N,N
9057,23103914620,P,20000,Hansine Jorulf                     ,Birkenes                           ,N,J,N,J,N,Kunder over 67år m/bruks & sparekto,N,N,N,N,N,N,N,N,N,N,N
9057,01014813442,P,40000,Sissel Jan-Roger                   ,Brænden                            ,N,N,N,J,N,Kunder over 67år m/bruks & sparekto,N,N,N,N,N,N,N,N,N,N,N
9057,28014815610,P,11000,Tale Kamran                        ,Vevang                             ,N,J,N,J,N,Kunder over 67år m/bruks & sparekto,N,N,N,N,N,N,N,N,N,N,N
9057,22104719655,P,18000,Amanda Joakim                      ,Lohne                              ,N,N,N,J,N,Kunder over 67år m/bruks & sparekto,N,N,N,N,N,N,N,N,N,N,N
9057,29104408476,P,40000,Iselinn Hans                       ,Andvik                             ,N,N,N,J,N,Kunder over 67år m/bruks & sparekto,N,N,N,N,N,N,N,N,N,N,N
9057,16035610751,P,26000,Halldis Emilio                     ,Vevang                             ,N,N,N,J,N,Kunder over 67år m/bruks & sparekto,N,N,N,N,N,N,N,N,N,N,N
9057,02085621540,P,11000,Hroar Olga                         ,Ueland                             ,N,J,J,J,N,Kunder over 67år m/bruks & sparekto,N,N,N,N,N,N,N,N,N,N,N
9057,14105610085,P,50700,Ågot Mahdi                         ,Benjaminsen                        ,N,N,N,J,N,Kunder over 67år m/bruks & sparekto,N,N,N,N,N,N,N,N,N,N,N
9057,22124707157,P,20000,Selma Mattis                       ,Schulz                             ,N,N,N,J,N,Kunder over 67år m/bruks & sparekto,N,N,N,N,N,N,N,N,N,N,N
9057,21084106744,P,17500,Minh Thorgeir                      ,Hestenes                           ,N,N,N,J,N,Kunder over 67år m/bruks & sparekto,N,N,N,N,N,N,N,N,N,N,N
9057,30045511894,P,13000,Bodhild Helmut                     ,Fretheim                           ,N,N,N,J,N,Kunder over 67år m/bruks & sparekto,N,N,N,N,N,N,N,N,N,N,N
9057,17024113582,P,17500,Doris Nabil                        ,Dahlstrøm                          ,N,J,J,J,N,Kunder over 67år m/bruks & sparekto,N,N,N,N,N,N,N,N,N,N,N
9057,10044322477,P,30000,Anne-Marthe Ask                    ,Eiken                              ,N,N,J,J,N,Kunder over 67år m/bruks & sparekto,N,N,N,N,N,N,N,N,N,N,N
9057,14065305705,P,40000,Sana Aslan                         ,Farstad                            ,N,J,J,J,N,Kunder over 67år m/bruks & sparekto,N,N,N,N,N,N,N,N,N,N,N
9057,05124907588,B,27500,Turid Jan-Fredrik                  ,Phan                               ,N,J,N,J,N,Kunder over 67år m/bruks & sparekto,N,N,N,N,N,N,N,N,N,N,N
9057,24034505124,P,22000,Dyveke Herbert                     ,Kallevik                           ,N,J,N,J,N,Kunder over 67år m/bruks & sparekto,N,N,N,N,N,N,N,N,N,N,N
9057,20055605379,B,17500,Tommy Siril                        ,Sandum                             ,N,N,N,J,N,Kunder over 67år m/bruks & sparekto,N,N,N,N,N,N,N,N,N,N,N
9057,10054704920,P,50700,Reid Vida                          ,Bunes                              ,N,N,N,J,N,Kunder over 67år m/bruks & sparekto,N,N,N,N,N,N,N,N,N,N,N
9057,07045004915,P,50300,Gordon Linn-Therese                ,Nyquist                            ,N,N,N,J,N,Kunder over 67år m/bruks & sparekto,N,N,N,N,N,N,N,N,N,N,N
9057,15024902371,P,26000,Anne-Sofie Sture                   ,Østerås                            ,N,J,N,J,N,Kunder over 67år m/bruks & sparekto,N,N,N,N,N,N,N,N,N,N,N
9057,19125215559,P,14000,Edina Maciej                       ,Søfteland                          ,J,N,N,J,N,Kunder over 67år m/bruks & sparekto,N,N,N,N,N,N,N,N,N,N,N
9057,19065318558,P,16500,Magomed Bjørnhild                  ,Nuur                               ,N,N,N,J,N,Kunder over 67år m/bruks & sparekto,N,N,N,N,N,N,N,N,N,N,N
9057,17064406256,P,30000,Zdzislaw Elvira                    ,Abraham                            ,N,N,N,J,N,Kunder over 67år m/bruks & sparekto,N,N,N,N,N,N,N,N,N,N,N
9057,24125503795,P,50700,Eldrid Emilio                      ,Herland                            ,N,N,N,J,N,Kunder over 67år m/bruks & sparekto,N,N,N,N,N,N,N,N,N,N,N
9057,28015604346,P,31000,Ausra Odd-Arne                     ,Fotland                            ,N,N,N,J,N,Kunder over 67år m/bruks & sparekto,N,N,N,N,N,N,N,N,N,N,N
9057,28104003305,P,22000,Emmy Jan-Olav                      ,Voll                               ,N,N,N,J,N,Kunder over 67år m/bruks & sparekto,N,N,N,N,N,N,N,N,N,N,N
9057,11125505122,P,31000,Darius Karianne                    ,Zakariassen                        ,N,J,N,J,N,Kunder over 67år m/bruks & sparekto,N,N,N,N,N,N,N,N,N,N,N
9057,11074125400,P,17000,Norunn Joakim                      ,Tokle                              ,N,J,J,J,N,Kunder over 67år m/bruks & sparekto,N,N,N,N,N,N,N,N,N,N,N
9057,23065612968,P,26000,Sigfrid Trond                      ,Øiestad                            ,N,N,N,J,N,Kunder over 67år m/bruks & sparekto,N,N,N,N,N,N,N,N,N,N,N
9057,09055415622,P,50200,Herdis Herbert                     ,Torbergsen                         ,N,N,J,J,N,Kunder over 67år m/bruks & sparekto,N,N,N,N,N,N,N,N,N,N,N
9057,21055603135,P,22000,Kristine Kemal                     ,Fornes                             ,N,N,N,J,N,Kunder over 67år m/bruks & sparekto,N,N,N,N,N,N,N,N,N,N,N
9057,26104402193,P,10000,Ann-Katrin Herleif                 ,Fuglerud                           ,N,J,N,J,N,Kunder over 67år m/bruks & sparekto,N,N,N,N,N,N,N,N,N,N,N
9057,06115208312,P,16000,Kolbjørn Sari                      ,Winje                              ,N,N,N,J,N,Kunder over 67år m/bruks & sparekto,N,N,N,N,N,N,N,N,N,N,N
9057,13023605702,P,12000,Marton Alisa                       ,Aasgaard                           ,N,N,N,J,N,Kunder over 67år m/bruks & sparekto,N,N,N,N,N,N,N,N,N,N,N
9057,11094513229,P,27500,Sollaug Agnar                      ,Østvik                             ,N,N,N,J,N,Kunder over 67år m/bruks & sparekto,N,N,N,N,N,N,N,N,N,N,N
9057,05064414501,P,20000,Sajjad Alice                       ,Reistad                            ,N,J,N,J,N,Kunder over 67år m/bruks & sparekto,N,N,N,N,N,N,N,N,N,N,N
9057,24035011451,P,22000,Gurli Reidar                       ,Østbø                              ,N,N,N,J,N,Kunder over 67år m/bruks & sparekto,N,N,N,N,N,N,N,N,N,N,N
9057,29115410413,P,18000,Eliza Viktors                      ,Rui                                ,N,J,J,J,N,Kunder over 67år m/bruks & sparekto,N,N,N,N,N,N,N,N,N,N,N
9057,03013621089,P,22000,Rima Leszek                        ,Langerud                           ,N,J,J,J,N,Kunder over 67år m/bruks & sparekto,N,N,N,N,N,N,N,N,N,N,N
9057,25033706394,P,30000,Rikke Irfan                        ,Rudolfsen                          ,N,N,N,J,N,Kunder over 67år m/bruks & sparekto,N,N,N,N,N,N,N,N,N,N,N
9057,20104819789,P,17500,Eivor Roald                        ,Lindanger                          ,N,J,J,J,N,Kunder over 67år m/bruks & sparekto,N,N,N,N,N,N,N,N,N,N,N
9057,28034111652,P,30000,Francesco Ingalill                 ,Mehl                               ,N,N,N,J,N,Kunder over 67år m/bruks & sparekto,N,N,N,N,N,N,N,N,N,N,N
9057,15065317394,P,50300,Tone Jan-Fredrik                   ,Eskedal                            ,N,J,N,J,N,Kunder over 67år m/bruks & sparekto,N,N,N,N,N,N,N,N,N,N,N
9057,20104909656,P,18000,Petr Halldis                       ,Fiksdal                            ,N,N,J,J,N,Kunder over 67år m/bruks & sparekto,N,N,N,N,N,N,N,N,N,N,N
9057,28015517435,P,13500,Lars-Kristian Rina                 ,Isdahl                             ,N,J,J,N,N,Kunder over 67år m/bruks & sparekto,N,N,N,N,N,N,N,N,N,N,N
9057,07015518914,P,21000,Bodil Tollef                       ,Skjeggestad                        ,N,N,N,J,N,Kunder over 67år m/bruks & sparekto,N,N,N,N,N,N,N,N,N,N,N
9057,23085614525,P,50700,Victor Brynhild                    ,Borlaug                            ,N,N,N,J,N,Kunder over 67år m/bruks & sparekto,N,N,N,N,N,N,N,N,N,N,N
9057,18125306876,B,30000,Sollaug Syed                       ,Hellerud                           ,N,J,N,J,N,Kunder over 67år m/bruks & sparekto,N,N,N,N,N,N,N,N,N,N,N
9057,08085425626,P,24000,Andrej Sigfrid                     ,Neteland                           ,N,N,N,J,N,Kunder over 67år m/bruks & sparekto,N,N,N,N,N,N,N,N,N,N,N
9057,09075217096,P,11000,Augusta Jack                       ,Guttorm                            ,N,N,J,J,N,Kunder over 67år m/bruks & sparekto,N,N,N,N,N,N,N,N,N,N,N
9057,02083711119,P,14000,Mika Jette                         ,Vevang                             ,N,J,N,J,N,Kunder over 67år m/bruks & sparekto,N,N,N,N,N,N,N,N,N,N,N
9057,05125606093,P,30000,Kjellaug Kris                      ,Jønsson                            ,N,J,J,J,N,Kunder over 67år m/bruks & sparekto,N,N,N,N,N,N,N,N,N,N,N
9057,04125427346,P,50750,Seline Eduard                      ,Rikardsen                          ,N,N,J,J,N,Kunder over 67år m/bruks & sparekto,N,N,N,N,N,N,N,N,N,N,N
9057,19084804943,P,20000,Aslak Gro-Anita                    ,Borlaug                            ,J,N,N,J,N,Kunder over 67år m/bruks & sparekto,N,N,N,N,N,N,N,N,N,N,N
9057,02085420715,P,50200,Melanie Bernt                      ,Rui                                ,N,J,N,J,N,Kunder over 67år m/bruks & sparekto,N,N,N,N,N,N,N,N,N,N,N
9057,27025005932,P,22000,Elke Mindaugas                     ,Mehmood                            ,N,J,N,J,N,Kunder over 67år m/bruks & sparekto,N,N,N,N,N,N,N,N,N,N,N
9057,04113624537,P,20000,Fanny Birger                       ,Rolfsen                            ,N,N,N,J,N,Kunder over 67år m/bruks & sparekto,N,N,N,N,N,N,N,N,N,N,N
9057,18034718160,P,50700,Roya Egon                          ,Lekven                             ,N,N,N,J,N,Kunder over 67år m/bruks & sparekto,N,N,N,N,N,N,N,N,N,N,N
9057,25074908597,P,50700,Edgars Dagfrid                     ,Haraldsen                          ,N,N,N,J,N,Kunder over 67år m/bruks & sparekto,N,N,N,N,N,N,N,N,N,N,N
9057,28044410569,P,13700,Ib Ngoc                            ,Sangolt                            ,N,N,N,J,N,Kunder over 67år m/bruks & sparekto,N,N,N,N,N,N,N,N,N,N,N
9057,10074612003,P,24000,Liubov Mantas                      ,Klokk                              ,N,J,N,J,N,Kunder over 67år m/bruks & sparekto,N,N,N,N,N,N,N,N,N,N,N
9057,28055409260,P,18000,Steven Luiza                       ,Rishaug                            ,J,J,N,J,N,Kunder over 67år m/bruks & sparekto,N,N,N,N,N,N,N,N,N,N,N
9057,25124133982,P,35000,Juozas Indre                       ,Remmen                             ,N,N,N,J,N,Kunder over 67år m/bruks & sparekto,N,N,N,N,N,N,N,N,N,N,N
9057,11054611198,P,20000,Ernestas Mira                      ,Kolnes                             ,J,N,N,J,N,Kunder over 67år m/bruks & sparekto,N,N,N,N,N,N,N,N,N,N,N
9057,22073905919,P,33000,Willy Linn-Kristin                 ,Kjærvik                            ,N,N,N,J,N,Kunder over 67år m/bruks & sparekto,N,N,N,N,N,N,N,N,N,N,N
9057,05105106361,P,50300,Shahzad Edita                      ,Braaten                            ,N,N,N,J,N,Kunder over 67år m/bruks & sparekto,N,N,N,N,N,N,N,N,N,N,N
9057,05094606057,B,21000,Valeria Mindaugas                  ,Heggset                            ,N,N,N,J,N,Kunder over 67år m/bruks & sparekto,N,N,N,N,N,N,N,N,N,N,N
9057,12102813020,P,50300,Adnan Dovile                       ,Fardal                             ,N,N,N,J,N,Kunder over 67år m/bruks & sparekto,N,N,N,N,N,N,N,N,N,N,N
9057,15075101195,P,13700,Aigars Bjørnhild                   ,Stenersen                          ,N,J,N,J,N,Kunder over 67år m/bruks & sparekto,N,N,N,N,N,N,N,N,N,N,N
9057,04054311929,B,11000,Ingve Erin                         ,Strande                            ,N,N,N,J,N,Kunder over 67år m/bruks & sparekto,N,N,N,N,N,N,N,N,N,N,N
9057,06074810320,P,14000,Bartosz Caroline                   ,Nybakken                           ,N,J,N,J,N,Kunder over 67år m/bruks & sparekto,N,N,N,N,N,N,N,N,N,N,N
9057,01033203426,P,50300,Juozas Aasne                       ,Homme                              ,N,N,N,J,N,Kunder over 67år m/bruks & sparekto,N,N,N,N,N,N,N,N,N,N,N
9057,27063320361,P,50700,Boye Fanny                         ,Lyshaug                            ,N,N,N,J,N,Kunder over 67år m/bruks & sparekto,N,N,N,N,N,N,N,N,N,N,N
9057,02104514009,B,16000,An-Magritt Johnny                  ,Adolfsen                           ,N,J,N,J,N,Kunder over 67år m/bruks & sparekto,N,N,N,N,N,N,N,N,N,N,N
9057,28095401106,P,11000,Kamil Martyna                      ,Osmundsen                          ,N,N,N,J,N,Kunder over 67år m/bruks & sparekto,N,N,N,N,N,N,N,N,N,N,N
9057,26124703696,P,50300,Malgorzata Anstein                 ,Andreassen                         ,N,N,N,J,N,Kunder over 67år m/bruks & sparekto,N,N,N,N,N,N,N,N,N,N,N
9057,27034026551,P,14000,Szymon Rikke                       ,Bruvik                             ,N,N,N,J,N,Kunder over 67år m/bruks & sparekto,N,N,N,N,N,N,N,N,N,N,N
9057,15073912366,B,30000,Annicken Styrk                     ,Kjelsberg                          ,N,N,N,J,N,Kunder over 67år m/bruks & sparekto,N,N,N,N,N,N,N,N,N,N,N
9057,24085110396,P,50200,Sol Gaute                          ,Eikrem                             ,N,J,N,J,N,Kunder over 67år m/bruks & sparekto,N,N,N,N,N,N,N,N,N,N,N
9057,18094522613,P,13000,An-Magritt Johnny                  ,Sheikh                             ,N,N,N,J,N,Kunder over 67år m/bruks & sparekto,N,N,N,N,N,N,N,N,N,N,N
9057,24015115404,P,35000,Arja Albin                         ,Christensen                        ,N,N,N,J,N,Kunder over 67år m/bruks & sparekto,N,N,N,N,N,N,N,N,N,N,N
9057,18115022160,P,50700,Wieslaw Vaida                      ,Tjørhom                            ,N,J,N,J,N,Kunder over 67år m/bruks & sparekto,N,N,N,N,N,N,N,N,N,N,N
9057,12045504733,P,17500,Marcel Othilie                     ,Igland                             ,N,N,N,J,N,Kunder over 67år m/bruks & sparekto,N,N,N,N,N,N,N,N,N,N,N
9057,08075510021,P,35000,Marina Gheorghe                    ,Skauen                             ,N,J,J,J,N,Kunder over 67år m/bruks & sparekto,N,N,N,N,N,N,N,N,N,N,N
9057,21033224610,P,40000,Janniche Kris                      ,Grøndahl                           ,N,N,N,J,N,Kunder over 67år m/bruks & sparekto,N,N,N,N,N,N,N,N,N,N,N
9057,11043618581,P,50300,Fanny Birger                       ,Drage                              ,N,N,N,J,N,Kunder over 67år m/bruks & sparekto,N,N,N,N,N,N,N,N,N,N,N
9057,10025217832,P,50700,Dawid Hennie                       ,Skaret                             ,N,J,N,J,N,Kunder over 67år m/bruks & sparekto,N,N,N,N,N,N,N,N,N,N,N
9057,15055510358,P,14000,Harriet Styrk                      ,Brænden                            ,N,N,N,J,N,Kunder over 67år m/bruks & sparekto,N,N,N,N,N,N,N,N,N,N,N
9057,14125619992,P,50700,Tommy Siril                        ,Lilleberg                          ,N,J,N,J,N,Kunder over 67år m/bruks & sparekto,N,N,N,N,N,N,N,N,N,N,N
9057,31105613248,P,24000,Beret Idris                        ,Evenstad                           ,N,J,N,J,N,Kunder over 67år m/bruks & sparekto,N,N,N,N,N,N,N,N,N,N,N
9057,10064612609,P,29000,Annichen Pieter                    ,Vevang                             ,N,N,N,J,N,Kunder over 67år m/bruks & sparekto,N,N,N,N,N,N,N,N,N,N,N
9057,12095310883,P,50700,Ahmet Senait                       ,Fretheim                           ,N,J,N,J,N,Kunder over 67år m/bruks & sparekto,N,N,N,N,N,N,N,N,N,N,N
9057,02075308631,P,26500,Torleiv Oddrun                     ,Slettebø                           ,N,N,N,J,N,Kunder over 67år m/bruks & sparekto,N,N,N,N,N,N,N,N,N,N,N
9057,30054921469,P,17500,Abdirashid Kristin                 ,Saleh                              ,N,N,N,J,N,Kunder over 67år m/bruks & sparekto,N,N,N,N,N,N,N,N,N,N,N
9057,03125606015,P,50700,Ramona Ivo                         ,Bøhler                             ,N,N,N,J,N,Kunder over 67år m/bruks & sparekto,N,N,N,N,N,N,N,N,N,N,N
9057,27014502195,P,13700,Ingegerd Babak                     ,Bjørsvik                           ,N,J,N,J,N,Kunder over 67år m/bruks & sparekto,N,N,N,N,N,N,N,N,N,N,N
9057,23025018249,P,26500,Ahmet Ingrid                       ,Skjevik                            ,N,J,N,J,N,Kunder over 67år m/bruks & sparekto,N,N,N,N,N,N,N,N,N,N,N
9057,06024909075,P,50700,Viviann Marcos                     ,Hårstad                            ,N,N,N,N,N,Kunder over 67år m/bruks & sparekto,N,N,N,N,N,N,N,N,N,N,N
9057,23044701014,P,14000,Samina Torbjørn                    ,Dybdal                             ,N,N,N,J,N,Kunder over 67år m/bruks & sparekto,N,N,N,N,N,N,N,N,N,N,N
9057,04064316481,P,40000,Mårten Ingegerd                    ,Amdam                              ,N,N,N,J,N,Kunder over 67år m/bruks & sparekto,N,N,N,N,N,N,N,N,N,N,N
9057,06115512658,P,20000,Elfrida Marius                     ,Tjøsvoll                           ,N,J,N,J,N,Kunder over 67år m/bruks & sparekto,N,N,N,N,N,N,N,N,N,N,N
9057,03024316725,P,17000,Wojciech Wilma                     ,Wennberg                           ,N,J,N,J,N,Kunder over 67år m/bruks & sparekto,N,N,N,N,N,N,N,N,N,N,N
9057,11015210127,P,14000,Nataniel Martine                   ,Stenerud                           ,N,J,N,J,N,Kunder over 67år m/bruks & sparekto,N,N,N,N,N,N,N,N,N,N,N
9057,21095101957,P,13000,Jorge Gina                         ,Sæle                               ,N,N,N,J,N,Kunder over 67år m/bruks & sparekto,N,N,N,N,N,N,N,N,N,N,N
9057,24035600368,P,16500,Samantha Jari                      ,Almli                              ,N,J,N,J,N,Kunder over 67år m/bruks & sparekto,N,N,N,N,N,N,N,N,N,N,N
9057,03014606725,P,10000,Sine Evert                         ,Fardal                             ,N,N,N,J,N,Kunder over 67år m/bruks & sparekto,N,N,N,N,N,N,N,N,N,N,N
9057,30075422780,P,50750,Ingveig Sune                       ,Ytreland                           ,N,J,N,J,N,Kunder over 67år m/bruks & sparekto,N,N,N,N,N,N,N,N,N,N,N
9057,29074904511,P,30000,Kolbjørn Sari                      ,Risberg                            ,N,N,N,J,N,Kunder over 67år m/bruks & sparekto,N,N,N,N,N,N,N,N,N,N,N
9057,08053320016,P,10000,Håvard Maryna                      ,Thorstensen                        ,N,N,N,J,N,Kunder over 67år m/bruks & sparekto,N,N,N,N,N,N,N,N,N,N,N
9057,07115424135,B,21000,Kristine Irfan                     ,Yang                               ,N,N,N,J,N,Kunder over 67år m/bruks & sparekto,N,N,N,N,N,N,N,N,N,N,N
9057,06123915893,P,14000,Elma Helmut                        ,Olden                              ,N,N,N,J,N,Kunder over 67år m/bruks & sparekto,N,N,N,N,N,N,N,N,N,N,N
9057,30035613311,P,50700,Bibbi Kenny                        ,Weberg                             ,N,J,N,J,N,Kunder over 67år m/bruks & sparekto,N,N,N,N,N,N,N,N,N,N,N
9057,04054308510,P,26500,Janet Ingvard                      ,Moi                                ,N,J,N,J,N,Kunder over 67år m/bruks & sparekto,N,N,N,N,N,N,N,N,N,N,N
9057,06055014343,P,27500,Søren Nina                         ,Flem                               ,N,J,N,J,N,Kunder over 67år m/bruks & sparekto,N,N,N,N,N,N,N,N,N,N,N
9057,08035601903,P,17000,Benita Staffan                     ,Finne                              ,N,J,N,J,N,Kunder over 67år m/bruks & sparekto,N,N,N,N,N,N,N,N,N,N,N
9057,22064609320,P,50700,Mariam Laimonas                    ,Hunstad                            ,N,N,N,J,N,Kunder over 67år m/bruks & sparekto,N,N,N,N,N,N,N,N,N,N,N
9057,05115518560,P,50700,Sina Kato                          ,Myking                             ,N,N,N,J,N,Kunder over 67år m/bruks & sparekto,N,N,N,N,N,N,N,N,N,N,N
9057,25043903511,P,10000,Hroar Elizabeth                    ,Steinnes                           ,N,J,N,J,N,Kunder over 67år m/bruks & sparekto,N,N,N,N,N,N,N,N,N,N,N
9057,09035319562,P,29000,Marlen Jahn                        ,Gunnes                             ,N,N,N,J,N,Kunder over 67år m/bruks & sparekto,N,N,N,N,N,N,N,N,N,N,N
9057,03105213491,P,10000,Hana Kenneth                       ,Utne                               ,N,N,N,J,N,Kunder over 67år m/bruks & sparekto,N,N,N,N,N,N,N,N,N,N,N
9057,23034707561,B,50300,Ayla Bjørn-Inge                    ,Stangeland                         ,N,J,N,J,N,Kunder over 67år m/bruks & sparekto,N,N,N,N,N,N,N,N,N,N,N
9057,09093620906,P,50300,Eivin Venke                        ,Lindhjem                           ,N,N,N,J,N,Kunder over 67år m/bruks & sparekto,N,N,N,N,N,N,N,N,N,N,N
9057,01065208268,P,11000,Mantas Bianca                      ,Skaret                             ,N,J,N,J,N,Kunder over 67år m/bruks & sparekto,N,N,N,N,N,N,N,N,N,N,N
9057,16115610477,P,22000,Torstein Nataliya                  ,Risberg                            ,N,J,J,J,N,Kunder over 67år m/bruks & sparekto,N,N,N,N,N,N,N,N,N,N,N
9057,04115220921,P,50300,Nataliia Fernando                  ,Hoffmann                           ,N,N,N,J,N,Kunder over 67år m/bruks & sparekto,N,N,N,N,N,N,N,N,N,N,N
9057,14014915614,P,30000,Mehmed Siv                         ,Ottesen                            ,N,N,N,J,N,Kunder over 67år m/bruks & sparekto,N,N,N,N,N,N,N,N,N,N,N
9057,06055408104,P,24000,Rizwan Cecilia                     ,Barstad                            ,N,J,N,J,N,Kunder over 67år m/bruks & sparekto,N,N,N,N,N,N,N,N,N,N,N
9057,19034616763,P,50300,Nataliia Fernando                  ,Alsos                              ,N,N,N,J,N,Kunder over 67år m/bruks & sparekto,N,N,N,N,N,N,N,N,N,N,N
9057,19085101555,P,21000,Victor Veronica                    ,Bogen                              ,N,N,N,J,N,Kunder over 67år m/bruks & sparekto,N,N,N,N,N,N,N,N,N,N,N
9057,29053904503,P,50700,Emely Abdifatah                    ,Osmundsen                          ,N,J,J,J,N,Kunder over 67år m/bruks & sparekto,N,N,N,N,N,N,N,N,N,N,N
9057,04115128359,P,27500,Lars-Kristian Else-Marie           ,Monstad                            ,N,N,N,J,N,Kunder over 67år m/bruks & sparekto,N,N,N,N,N,N,N,N,N,N,N
9057,20055608092,B,40000,Olina Saad                         ,Henden                             ,J,N,N,J,N,Kunder over 67år m/bruks & sparekto,N,N,N,N,N,N,N,N,N,N,N
9057,14125314962,P,18000,Hroar Olga                         ,Winge                              ,N,N,N,J,N,Kunder over 67år m/bruks & sparekto,N,N,N,N,N,N,N,N,N,N,N
9057,30073607112,P,21000,Kolbjørn Sari                      ,Hay                                ,N,N,N,J,N,Kunder over 67år m/bruks & sparekto,N,N,N,N,N,N,N,N,N,N,N
9057,12115606733,P,17000,Sana Aslan                         ,Nordnes                            ,N,N,N,J,N,Kunder over 67år m/bruks & sparekto,N,N,N,N,N,N,N,N,N,N,N
9057,28045407421,P,22000,Hroar Anne-Lise                    ,Jama                               ,N,J,N,J,N,Kunder over 67år m/bruks & sparekto,N,N,N,N,N,N,N,N,N,N,N
9057,13024907885,P,18000,Torgunn Pawel                      ,Liabø                              ,N,N,N,J,N,Kunder over 67år m/bruks & sparekto,N,N,N,N,N,N,N,N,N,N,N
9057,21055613017,P,50200,Leila Thom                         ,Skevik                             ,N,J,N,J,N,Kunder over 67år m/bruks & sparekto,N,N,N,N,N,N,N,N,N,N,N
9057,16025103347,P,20000,Naima Eduard                       ,Lindgaard                          ,J,J,N,J,N,Kunder over 67år m/bruks & sparekto,N,N,N,N,N,N,N,N,N,N,N
9057,13054610968,P,50300,Szymon Rikke                       ,Fardal                             ,N,N,N,J,N,Kunder over 67år m/bruks & sparekto,N,N,N,N,N,N,N,N,N,N,N
9057,02015420866,P,35000,Mindor Iselinn                     ,Bredesen                           ,N,J,J,J,N,Kunder over 67år m/bruks & sparekto,N,N,N,N,N,N,N,N,N,N,N
9057,27034908848,P,50700,Gudlaug Thorleif                   ,Guldberg                           ,N,J,N,J,N,Kunder over 67år m/bruks & sparekto,N,N,N,N,N,N,N,N,N,N,N
9057,02054812143,P,50700,Bartosz Ayan                       ,Nystrøm                            ,N,N,N,J,N,Kunder over 67år m/bruks & sparekto,N,N,N,N,N,N,N,N,N,N,N
9057,25094805166,P,12000,Cathrine Eduard                    ,Hausken                            ,N,J,N,J,N,Kunder over 67år m/bruks & sparekto,N,N,N,N,N,N,N,N,N,N,N
9057,11014709462,P,26000,Janniche Ole-Morten                ,Skålevik                           ,N,N,N,J,N,Kunder over 67år m/bruks & sparekto,N,N,N,N,N,N,N,N,N,N,N
9057,04035405351,P,45000,Eiril Leszek                       ,Åsheim                             ,N,J,N,J,N,Kunder over 67år m/bruks & sparekto,N,N,N,N,N,N,N,N,N,N,N
9057,11084315127,P,18000,Angelina Ari                       ,Storsve                            ,N,N,N,J,N,Kunder over 67år m/bruks & sparekto,N,N,N,N,N,N,N,N,N,N,N
9057,26105410920,P,35000,Jeanette Sturla                    ,Aasheim                            ,N,J,N,J,N,Kunder over 67år m/bruks & sparekto,N,N,N,N,N,N,N,N,N,N,N
9057,01065411012,P,26000,Sigri Fridtjov                     ,Enoksen                            ,N,J,N,J,N,Kunder over 67år m/bruks & sparekto,N,N,N,N,N,N,N,N,N,N,N
9057,12075304771,P,50200,Elisabeth Saad                     ,Osland                             ,N,J,N,J,N,Kunder over 67år m/bruks & sparekto,N,N,N,N,N,N,N,N,N,N,N
9057,28095412477,B,14000,Jocelyn Milian                     ,Lohne                              ,N,J,N,J,N,Kunder over 67år m/bruks & sparekto,N,N,N,N,N,N,N,N,N,N,N
9057,26094720809,P,50200,Edgar Irena                        ,Botnen                             ,N,N,N,J,N,Kunder over 67år m/bruks & sparekto,N,N,N,N,N,N,N,N,N,N,N
9057,27085503885,P,22000,Irma Aleksandrs                    ,Sjøberg                            ,N,J,N,J,N,Kunder over 67år m/bruks & sparekto,N,N,N,N,N,N,N,N,N,N,N
9057,10114517572,P,22000,Bitten Roald                       ,Slåen                              ,N,J,N,J,N,Kunder over 67år m/bruks & sparekto,N,N,N,N,N,N,N,N,N,N,N
9057,19024329588,P,18000,Ruth Jan-Olav                      ,Knotten                            ,N,N,N,J,N,Kunder over 67år m/bruks & sparekto,N,N,N,N,N,N,N,N,N,N,N
9057,10095106167,P,23000,Natasa Kian                        ,Lillebø                            ,N,N,N,J,N,Kunder over 67år m/bruks & sparekto,N,N,N,N,N,N,N,N,N,N,N
9057,13043229332,P,50750,Karita Kris                        ,Grøndalen                          ,N,J,J,J,N,Kunder over 67år m/bruks & sparekto,N,N,N,N,N,N,N,N,N,N,N
9057,18034916000,P,50700,Bjørghild Helmut                   ,Kvalø                              ,N,N,N,J,N,Kunder over 67år m/bruks & sparekto,N,N,N,N,N,N,N,N,N,N,N
9057,09064300633,P,30000,Audrius Mali                       ,Lomeland                           ,N,J,N,J,N,Kunder over 67år m/bruks & sparekto,N,N,N,N,N,N,N,N,N,N,N
9057,25025504227,P,30000,Eystein Bich                       ,Aalvik                             ,N,N,N,J,N,Kunder over 67år m/bruks & sparekto,N,N,N,N,N,N,N,N,N,N,N
9057,15033718044,P,14000,Amer Emine                         ,Dalby                              ,N,N,N,J,N,Kunder over 67år m/bruks & sparekto,N,N,N,N,N,N,N,N,N,N,N
9057,15075207058,P,14000,Bettina Samuel                     ,Heggdal                            ,N,N,N,J,N,Kunder over 67år m/bruks & sparekto,N,N,N,N,N,N,N,N,N,N,N
9057,07115322375,P,13700,Marton Siril                       ,Olaussen                           ,N,N,N,J,N,Kunder over 67år m/bruks & sparekto,N,N,N,N,N,N,N,N,N,N,N
9057,01034914156,P,50700,Ann-Katrin Herleif                 ,Brænden                            ,N,J,J,J,N,Kunder over 67år m/bruks & sparekto,N,N,N,N,N,N,N,N,N,N,N
9057,08014422863,P,22000,Noel Vårin                         ,Kraft                              ,N,N,N,J,N,Kunder over 67år m/bruks & sparekto,N,N,N,N,N,N,N,N,N,N,N
9057,23024120937,P,35000,Isa Krzysztof                      ,Moldskred                          ,N,J,N,J,N,Kunder over 67år m/bruks & sparekto,N,N,N,N,N,N,N,N,N,N,N
9057,05065509999,P,20000,Sajjad Farzana                     ,Ofstad                             ,N,N,N,J,N,Kunder over 67år m/bruks & sparekto,N,N,N,N,N,N,N,N,N,N,N
9057,15014715379,P,50700,Naima Eduard                       ,Storheim                           ,N,J,N,J,N,Kunder over 67år m/bruks & sparekto,N,N,N,N,N,N,N,N,N,N,N
9057,22104223196,P,45000,Anne-May Arnvid                    ,Haaland                            ,N,J,N,J,N,Kunder over 67år m/bruks & sparekto,N,N,N,N,N,N,N,N,N,N,N
9057,25054300134,P,50750,Karolina Billy                     ,Østrem                             ,N,J,N,J,N,Kunder over 67år m/bruks & sparekto,N,N,N,N,N,N,N,N,N,N,N
9057,07015319261,P,14000,Milda Tron                         ,Begum                              ,N,J,N,J,N,Kunder over 67år m/bruks & sparekto,N,N,N,N,N,N,N,N,N,N,N
9057,27073712616,P,50700,Henrik Olea                        ,Hjortland                          ,N,N,N,J,N,Kunder over 67år m/bruks & sparekto,N,N,N,N,N,N,N,N,N,N,N
9057,26124806169,P,26500,Dyveke Herbert                     ,Garnes                             ,N,N,N,J,N,Kunder over 67år m/bruks & sparekto,N,N,N,N,N,N,N,N,N,N,N
9057,15023418425,P,50300,Mimmi Danny                        ,Toresen                            ,N,N,N,J,N,Kunder over 67år m/bruks & sparekto,N,N,N,N,N,N,N,N,N,N,N
9057,19064605553,P,50200,Kolbjørn Sari                      ,Emberland                          ,N,N,N,J,N,Kunder over 67år m/bruks & sparekto,N,N,N,N,N,N,N,N,N,N,N
9057,03035414915,P,45000,Marte Ingvard                      ,Bjørdal                            ,N,J,N,J,N,Kunder over 67år m/bruks & sparekto,N,N,N,N,N,N,N,N,N,N,N
9057,28055214729,P,26500,Iben Susanne                       ,Lange                              ,N,J,N,J,N,Kunder over 67år m/bruks & sparekto,N,N,N,N,N,N,N,N,N,N,N
9057,21074615594,P,24000,Denis Shirin                       ,Haukenes                           ,N,J,J,J,N,Kunder over 67år m/bruks & sparekto,N,N,N,N,N,N,N,N,N,N,N
9057,26103504944,P,50200,Nadia Dean                         ,Engstad                            ,N,J,N,J,N,Kunder over 67år m/bruks & sparekto,N,N,N,N,N,N,N,N,N,N,N
9057,08125205586,B,30000,Tale Eduard                        ,Garcia                             ,N,J,N,J,N,Kunder over 67år m/bruks & sparekto,N,N,N,N,N,N,N,N,N,N,N
9057,26063310793,P,13700,Bibbi Kenny                        ,Bang                               ,N,J,N,J,N,Kunder over 67år m/bruks & sparekto,N,N,N,N,N,N,N,N,N,N,N
9057,23115101277,P,50200,Aasne Steingrim                    ,Hjortland                          ,N,J,J,J,N,Kunder over 67år m/bruks & sparekto,N,N,N,N,N,N,N,N,N,N,N
9057,04044718133,P,18500,Petr Evita                         ,Brænden                            ,N,N,N,J,N,Kunder over 67år m/bruks & sparekto,N,N,N,N,N,N,N,N,N,N,N
9057,18075217370,P,50700,Karwan Henrikke                    ,Lehne                              ,N,N,N,J,N,Kunder over 67år m/bruks & sparekto,N,N,N,N,N,N,N,N,N,N,N
9057,11084911706,P,35000,Silke Øyvind                       ,Grønberg                           ,N,N,N,J,N,Kunder over 67år m/bruks & sparekto,N,N,N,N,N,N,N,N,N,N,N
9057,17065505835,P,24000,Joar Iben                          ,Voll                               ,N,J,N,J,N,Kunder over 67år m/bruks & sparekto,N,N,N,N,N,N,N,N,N,N,N
9057,25094705498,P,30000,Winnie Istvan                      ,Brænden                            ,N,J,N,J,N,Kunder over 67år m/bruks & sparekto,N,N,N,N,N,N,N,N,N,N,N
9057,10034509986,P,50700,Irene Kenny                        ,Sæle                               ,N,J,N,J,N,Kunder over 67år m/bruks & sparekto,N,N,N,N,N,N,N,N,N,N,N
9057,04025106879,P,50200,Shahzad Cynthia                    ,Grønberg                           ,N,N,J,J,N,Kunder over 67år m/bruks & sparekto,N,N,N,N,N,N,N,N,N,N,N
9057,10015615643,P,16500,Jardar Kirsten                     ,Austad                             ,N,N,N,J,N,Kunder over 67år m/bruks & sparekto,N,N,N,N,N,N,N,N,N,N,N
9057,05094908525,P,50700,Gertrud Nicolae                    ,Vigre                              ,N,J,N,J,N,Kunder over 67år m/bruks & sparekto,N,N,N,N,N,N,N,N,N,N,N
9057,11115624395,P,14000,Helle Fridtjov                     ,Grimstad                           ,N,N,N,J,N,Kunder over 67år m/bruks & sparekto,N,N,N,N,N,N,N,N,N,N,N
9057,29124722673,P,45000,Annlaug Mindaugas                  ,Persson                            ,N,N,N,J,N,Kunder over 67år m/bruks & sparekto,N,N,N,N,N,N,N,N,N,N,N
9057,17065111993,P,16500,Gørill Søren                       ,Petterson                          ,N,N,N,J,N,Kunder over 67år m/bruks & sparekto,N,N,N,N,N,N,N,N,N,N,N
9057,20084713040,P,29000,Jan-Fredrik Otilie                 ,Anti                               ,N,N,N,J,N,Kunder over 67år m/bruks & sparekto,N,N,N,N,N,N,N,N,N,N,N
9057,13074902434,P,11000,Azad Jacqueline                    ,Granli                             ,N,N,N,J,N,Kunder over 67år m/bruks & sparekto,N,N,N,N,N,N,N,N,N,N,N
9057,29074610771,P,50300,Gard Ragna                         ,Vevang                             ,N,J,N,J,N,Kunder over 67år m/bruks & sparekto,N,N,N,N,N,N,N,N,N,N,N
9057,23064718126,P,11000,Timothy Stella                     ,Gulliksen                          ,N,J,N,J,N,Kunder over 67år m/bruks & sparekto,N,N,N,N,N,N,N,N,N,N,N
9057,12125016357,P,30000,Stener Irene                       ,Johnstad                           ,N,N,N,J,N,Kunder over 67år m/bruks & sparekto,N,N,N,N,N,N,N,N,N,N,N
9057,07124712348,B,12000,Dalia Ingvald                      ,Skålevik                           ,N,N,N,J,N,Kunder over 67år m/bruks & sparekto,N,N,N,N,N,N,N,N,N,N,N
9057,20104915273,P,20000,Elly Tron                          ,Roald                              ,N,J,J,J,N,Kunder over 67år m/bruks & sparekto,N,N,N,N,N,N,N,N,N,N,N
9057,26075518705,P,18000,Morteza Alida                      ,Utgård                             ,N,N,N,J,N,Kunder over 67år m/bruks & sparekto,N,N,N,N,N,N,N,N,N,N,N
9057,25094502228,P,26000,Kira Mattis                        ,Hemnes                             ,N,J,J,J,N,Kunder over 67år m/bruks & sparekto,N,N,N,N,N,N,N,N,N,N,N
9057,21075505105,P,10000,Maya Thom                          ,Byberg                             ,N,N,N,J,N,Kunder over 67år m/bruks & sparekto,N,N,N,N,N,N,N,N,N,N,N
9057,29093017291,P,24000,Tristan Hana                       ,Aurstad                            ,N,N,N,J,N,Kunder over 67år m/bruks & sparekto,N,N,N,N,N,N,N,N,N,N,N
9057,10115320896,P,24000,Simone Albin                       ,Bøe                                ,N,N,J,J,N,Kunder over 67år m/bruks & sparekto,N,N,N,N,N,N,N,N,N,N,N
9057,21054414193,P,16500,Ingvil Viktors                     ,Iversen                            ,N,N,N,J,N,Kunder over 67år m/bruks & sparekto,N,N,N,N,N,N,N,N,N,N,N
9057,21053924627,P,22000,Lydia Marius                       ,Svanberg                           ,N,J,N,J,N,Kunder over 67år m/bruks & sparekto,N,N,N,N,N,N,N,N,N,N,N
9057,20044608740,P,26500,Justas Catrin                      ,Lockert                            ,N,N,N,J,N,Kunder over 67år m/bruks & sparekto,N,N,N,N,N,N,N,N,N,N,N
9057,25115320842,P,22000,Mantas Bianca                      ,Knutsen                            ,N,J,N,J,N,Kunder over 67år m/bruks & sparekto,N,N,N,N,N,N,N,N,N,N,N
9057,31083108102,P,50700,Iselin Krzysztof                   ,Dyrnes                             ,N,N,N,J,N,Kunder over 67år m/bruks & sparekto,N,N,N,N,N,N,N,N,N,N,N
9057,15073927215,P,50700,Karsten Grete                      ,Størseth                           ,N,N,N,J,N,Kunder over 67år m/bruks & sparekto,N,N,N,N,N,N,N,N,N,N,N
9057,10114117841,P,22000,Denis Marcela                      ,Reksten                            ,N,J,N,J,N,Kunder over 67år m/bruks & sparekto,N,N,N,N,N,N,N,N,N,N,N
9057,01104922186,P,35000,Juliane Sune                       ,Fagerheim                          ,N,N,N,J,N,Kunder over 67år m/bruks & sparekto,N,N,N,N,N,N,N,N,N,N,N
9057,20035015265,P,50700,Vasile Diane                       ,Hustveit                           ,N,N,N,J,N,Kunder over 67år m/bruks & sparekto,N,N,N,N,N,N,N,N,N,N,N
9057,07064609607,P,11000,Ingunn Florian                     ,Skjervold                          ,N,N,N,J,N,Kunder over 67år m/bruks & sparekto,N,N,N,N,N,N,N,N,N,N,N
9057,28075121441,P,18500,Edgar Irena                        ,Fardal                             ,N,N,N,J,N,Kunder over 67år m/bruks & sparekto,N,N,N,N,N,N,N,N,N,N,N
9057,27055017552,P,16500,Sajjad Almaz                       ,Alsvik                             ,N,J,N,J,N,Kunder over 67år m/bruks & sparekto,N,N,N,N,N,N,N,N,N,N,N
9057,05034101983,P,22000,Hamed Thi                          ,Farstad                            ,N,J,N,J,N,Kunder over 67år m/bruks & sparekto,N,N,N,N,N,N,N,N,N,N,N
9057,22114801740,P,16500,Irja Mahdi                         ,Samdal                             ,N,J,N,J,N,Kunder over 67år m/bruks & sparekto,N,N,N,N,N,N,N,N,N,N,N
9057,23094517613,P,14000,Ann-Kristin Torgny                 ,Kjøde                              ,N,N,N,J,N,Kunder over 67år m/bruks & sparekto,N,N,N,N,N,N,N,N,N,N,N
9057,16035504013,P,27000,Ingmar Edel                        ,Smedsrud                           ,N,J,J,J,N,Kunder over 67år m/bruks & sparekto,N,N,N,N,N,N,N,N,N,N,N
9057,15115409503,P,50200,Kristine Kemal                     ,Schøyen                            ,N,N,N,J,N,Kunder over 67år m/bruks & sparekto,N,N,N,N,N,N,N,N,N,N,N
9057,07044518451,P,18000,Christina Odd-Arne                 ,Østmo                              ,N,N,N,J,N,Kunder over 67år m/bruks & sparekto,N,N,N,N,N,N,N,N,N,N,N
9057,10044814086,P,17500,Asle Emely                         ,Brænden                            ,N,J,N,J,N,Kunder over 67år m/bruks & sparekto,N,N,N,N,N,N,N,N,N,N,N
9057,16123101670,P,17500,Stephanie Maciej                   ,Fiske                              ,N,N,N,J,N,Kunder over 67år m/bruks & sparekto,N,N,N,N,N,N,N,N,N,N,N
9057,13104520302,P,12000,Zuzanna Mindaugas                  ,Omdal                              ,N,N,N,J,N,Kunder over 67år m/bruks & sparekto,N,N,N,N,N,N,N,N,N,N,N
9057,29095620580,P,13500,Aslak Cindy                        ,Haaland                            ,N,N,N,J,N,Kunder over 67år m/bruks & sparekto,N,N,N,N,N,N,N,N,N,N,N
9057,17054318561,P,26500,Conny Odd-Arne                     ,Bull                               ,N,J,N,J,N,Kunder over 67år m/bruks & sparekto,N,N,N,N,N,N,N,N,N,N,N
9057,25084808132,P,50700,Torolf Simona                      ,Valstad                            ,N,J,N,J,N,Kunder over 67år m/bruks & sparekto,N,N,N,N,N,N,N,N,N,N,N
9057,20114719596,P,23000,Tor-Inge Yordanos                  ,Ofstad                             ,N,J,N,J,N,Kunder over 67år m/bruks & sparekto,N,N,N,N,N,N,N,N,N,N,N
9057,09024417201,P,50700,Shazia Dmitri                      ,Havik                              ,N,N,N,J,N,Kunder over 67år m/bruks & sparekto,N,N,N,N,N,N,N,N,N,N,N
9057,02025002000,P,50300,Denis Marcela                      ,Nedregård                          ,N,J,J,J,N,Kunder over 67år m/bruks & sparekto,N,N,N,N,N,N,N,N,N,N,N
9057,02124803457,P,12000,Mehran Gudny                       ,Steine                             ,N,N,N,J,N,Kunder over 67år m/bruks & sparekto,N,N,N,N,N,N,N,N,N,N,N
9057,13094325743,P,50200,Paal Anlaug                        ,Huseby                             ,N,J,N,J,N,Kunder over 67år m/bruks & sparekto,N,N,N,N,N,N,N,N,N,N,N
9057,07034921762,P,50700,Neil Katerina                      ,Zakariassen                        ,N,J,N,J,N,Kunder over 67år m/bruks & sparekto,N,N,N,N,N,N,N,N,N,N,N
9057,17064809962,P,50700,Nadezda Kemal                      ,Hovind                             ,N,J,N,J,N,Kunder over 67år m/bruks & sparekto,N,N,N,N,N,N,N,N,N,N,N
9057,15084715228,P,20000,Kristofer Samira                   ,Indahl                             ,N,J,N,J,N,Kunder over 67år m/bruks & sparekto,N,N,N,N,N,N,N,N,N,N,N
9057,10123714267,P,50200,Lydia Marius                       ,Mæhle                              ,N,N,N,J,N,Kunder over 67år m/bruks & sparekto,N,N,N,N,N,N,N,N,N,N,N
9057,09065319370,P,50200,Jorge Gina                         ,Sundal                             ,N,N,N,J,N,Kunder over 67år m/bruks & sparekto,N,N,N,N,N,N,N,N,N,N,N
9057,28084803849,P,50300,Denis Violeta                      ,Due                                ,N,N,N,J,N,Kunder over 67år m/bruks & sparekto,N,N,N,N,N,N,N,N,N,N,N
9057,02123702967,P,16000,Eduardo Gudlaug                    ,Engebakken                         ,N,N,N,J,N,Kunder over 67år m/bruks & sparekto,N,N,N,N,N,N,N,N,N,N,N
9057,12055518899,P,12000,Yassin Ramona                      ,Dalhaug                            ,N,N,N,J,N,Kunder over 67år m/bruks & sparekto,N,N,N,N,N,N,N,N,N,N,N
9057,05073908517,B,50200,Kamilla Saad                       ,Gran                               ,N,J,N,J,N,Kunder over 67år m/bruks & sparekto,N,N,N,N,N,N,N,N,N,N,N
9057,16125424671,P,31000,Raimondas Juliet                   ,Nur                                ,N,J,J,J,N,Kunder over 67år m/bruks & sparekto,N,N,N,N,N,N,N,N,N,N,N
9057,23024514455,P,50700,Mehran Layla                       ,Kildahl                            ,N,J,J,J,N,Kunder over 67år m/bruks & sparekto,N,N,N,N,N,N,N,N,N,N,N
9057,24045515539,P,26500,Gregor Anne-Line                   ,Voll                               ,N,J,N,J,N,Kunder over 67år m/bruks & sparekto,N,N,N,N,N,N,N,N,N,N,N
9057,28054915197,P,50700,Torun Aslan                        ,Jordan                             ,N,N,N,J,N,Kunder over 67år m/bruks & sparekto,N,N,N,N,N,N,N,N,N,N,N
9057,01024414767,P,23000,Catherine Mahdi                    ,Khalil                             ,N,N,N,J,N,Kunder over 67år m/bruks & sparekto,N,N,N,N,N,N,N,N,N,N,N
9057,12063404827,P,50200,Tarjei Hulda                       ,Aae                                ,N,J,N,J,N,Kunder over 67år m/bruks & sparekto,N,N,N,N,N,N,N,N,N,N,N
9057,22074622791,P,50300,Jorge Gina                         ,Gulbrandsen                        ,N,N,N,J,N,Kunder over 67år m/bruks & sparekto,N,N,N,N,N,N,N,N,N,N,N
9057,18105011667,P,10000,Magomed Lillan                     ,Marøy                              ,N,J,N,J,N,Kunder over 67år m/bruks & sparekto,N,N,N,N,N,N,N,N,N,N,N
9057,18015505733,P,14000,Marcel Arja                        ,Fardal                             ,N,N,N,J,N,Kunder over 67år m/bruks & sparekto,N,N,N,N,N,N,N,N,N,N,N
9057,20055202177,P,50300,Isabel Wiktor                      ,Leite                              ,N,J,N,J,N,Kunder over 67år m/bruks & sparekto,N,N,N,N,N,N,N,N,N,N,N
9057,29024408408,P,35000,Shazia Mindaugas                   ,Blomberg                           ,N,N,N,N,N,Kunder over 67år m/bruks & sparekto,N,N,N,N,N,N,N,N,N,N,N
9057,15055309857,P,50700,Ådne Sabrina                       ,Askeland                           ,N,N,N,J,N,Kunder over 67år m/bruks & sparekto,N,N,N,N,N,N,N,N,N,N,N
9057,11044508364,P,36000,Biniam Anne-Margrethe              ,Bjune                              ,N,J,J,J,N,Kunder over 67år m/bruks & sparekto,N,N,N,N,N,N,N,N,N,N,N
9057,20014905333,P,50300,Magomed Bjørnhild                  ,Monstad                            ,N,N,N,J,N,Kunder over 67år m/bruks & sparekto,N,N,N,N,N,N,N,N,N,N,N
9057,30114718692,P,33000,Lars-Kristian Helen                ,Nordsveen                          ,N,N,N,J,N,Kunder over 67år m/bruks & sparekto,N,N,N,N,N,N,N,N,N,N,N
9057,20053823883,P,50700,Betsy Søren                        ,Brænden                            ,N,N,N,J,N,Kunder over 67år m/bruks & sparekto,N,N,N,N,N,N,N,N,N,N,N
9057,01025109585,P,20000,Mary Jan-Roger                     ,Homme                              ,N,N,N,J,N,Kunder over 67år m/bruks & sparekto,N,N,N,N,N,N,N,N,N,N,N
9057,26124609517,P,50700,Tristan Wigdis                     ,Alsos                              ,N,N,N,J,N,Kunder over 67år m/bruks & sparekto,N,N,N,N,N,N,N,N,N,N,N
9057,29024816433,P,35000,Mina Dmitri                        ,Eidet                              ,N,N,J,J,N,Kunder over 67år m/bruks & sparekto,N,N,N,N,N,N,N,N,N,N,N
9057,20124915768,P,50700,Kristine Kemal                     ,Forseth                            ,N,N,N,J,N,Kunder over 67år m/bruks & sparekto,N,N,N,N,N,N,N,N,N,N,N
9057,19104721748,P,30000,Wanja Steingrim                    ,Olaussen                           ,N,N,N,J,N,Kunder over 67år m/bruks & sparekto,N,N,N,N,N,N,N,N,N,N,N
9057,19103805050,P,50200,Gunilla Duy                        ,Hilstad                            ,N,N,N,J,N,Kunder over 67år m/bruks & sparekto,N,N,N,N,N,N,N,N,N,N,N
9057,27025215422,P,26500,Rimantas Fredrikke                 ,Våga                               ,N,J,N,J,N,Kunder over 67år m/bruks & sparekto,N,N,N,N,N,N,N,N,N,N,N
9057,28125124153,P,20000,Jafar Alida                        ,Lieng                              ,J,N,N,J,N,Kunder over 67år m/bruks & sparekto,N,N,N,N,N,N,N,N,N,N,N
9057,02074418425,P,20000,Vebjørn Lindis                     ,Skurdal                            ,N,N,N,J,N,Kunder over 67år m/bruks & sparekto,N,N,N,N,N,N,N,N,N,N,N
9057,16084204335,P,11500,Azad Elzbieta                      ,Hidle                              ,N,J,N,J,N,Kunder over 67år m/bruks & sparekto,N,N,N,N,N,N,N,N,N,N,N
9057,18055304382,P,14000,Danijela Dovydas                   ,Hjortland                          ,N,N,N,J,N,Kunder over 67år m/bruks & sparekto,N,N,N,N,N,N,N,N,N,N,N
9057,11094126012,P,50700,Carina Evert                       ,Dalby                              ,N,N,N,J,N,Kunder over 67år m/bruks & sparekto,N,N,N,N,N,N,N,N,N,N,N
9057,26075422139,P,22000,Jurate Birger                      ,Voll                               ,N,J,N,J,N,Kunder over 67år m/bruks & sparekto,N,N,N,N,N,N,N,N,N,N,N
9057,23015500751,P,50300,Norunn Duc                         ,Thu                                ,N,N,N,J,N,Kunder over 67år m/bruks & sparekto,N,N,N,N,N,N,N,N,N,N,N
9057,26065510781,P,50200,Bibbi Kenny                        ,Husevåg                            ,N,J,N,J,N,Kunder over 67år m/bruks & sparekto,N,N,N,N,N,N,N,N,N,N,N
9057,05104516027,P,50200,Shazia Mindaugas                   ,Herfindal                          ,N,J,N,J,N,Kunder over 67år m/bruks & sparekto,N,N,N,N,N,N,N,N,N,N,N
9057,21114804697,P,40000,Sead Gyda                          ,Wroldsen                           ,N,N,N,J,N,Kunder over 67år m/bruks & sparekto,N,N,N,N,N,N,N,N,N,N,N
9057,05024607900,P,16000,Nathalie Ion                       ,Byberg                             ,N,J,J,J,N,Kunder over 67år m/bruks & sparekto,N,N,N,N,N,N,N,N,N,N,N
9057,16123731321,P,50700,Biniam Lillann                     ,Saeed                              ,N,N,N,J,N,Kunder over 67år m/bruks & sparekto,N,N,N,N,N,N,N,N,N,N,N
9057,19013922910,P,50300,Jamila Rachid                      ,Dyrnes                             ,N,J,N,J,N,Kunder over 67år m/bruks & sparekto,N,N,N,N,N,N,N,N,N,N,N
9057,11095017527,P,20000,Frøydis Donald                     ,Thorsen                            ,N,J,N,J,N,Kunder over 67år m/bruks & sparekto,N,N,N,N,N,N,N,N,N,N,N
9057,27073517732,P,13500,Ståle Gurli                        ,Nordal                             ,N,J,N,J,N,Kunder over 67år m/bruks & sparekto,N,N,N,N,N,N,N,N,N,N,N
9057,24053802415,P,50700,Konstanse Aslan                    ,Kyllingstad                        ,N,N,N,J,N,Kunder over 67år m/bruks & sparekto,N,N,N,N,N,N,N,N,N,N,N
9057,19074806026,P,18000,Audrius Mali                       ,Hjelseth                           ,N,N,J,J,N,Kunder over 67år m/bruks & sparekto,N,N,N,N,N,N,N,N,N,N,N
9057,27025617911,P,33000,Raja Nadezda                       ,Skorstad                           ,N,N,N,J,N,Kunder over 67år m/bruks & sparekto,N,N,N,N,N,N,N,N,N,N,N
9057,21054204512,P,30000,Magomed Bjørnhild                  ,Alm                                ,N,J,N,J,N,Kunder over 67år m/bruks & sparekto,N,N,N,N,N,N,N,N,N,N,N
9057,25095115473,P,18500,Brit Babak                         ,Wroldsen                           ,N,N,N,J,N,Kunder over 67år m/bruks & sparekto,N,N,N,N,N,N,N,N,N,N,N
9057,07115024676,P,50700,Liubov Mantas                      ,Bruheim                            ,N,N,N,J,N,Kunder over 67år m/bruks & sparekto,N,N,N,N,N,N,N,N,N,N,N
9057,24055418574,P,35000,Gurid Evert                        ,Vevang                             ,N,N,N,J,N,Kunder over 67år m/bruks & sparekto,N,N,N,N,N,N,N,N,N,N,N
9057,10054911101,P,13000,Patric Margaret                    ,Skråmestø                          ,N,N,N,J,N,Kunder over 67år m/bruks & sparekto,N,N,N,N,N,N,N,N,N,N,N
9057,16095420137,P,50700,Hroar Olga                         ,Myrvold                            ,N,J,N,J,N,Kunder over 67år m/bruks & sparekto,N,N,N,N,N,N,N,N,N,N,N
9057,06015308476,P,50200,Rizwan Edda                        ,Djupvik                            ,N,N,N,J,N,Kunder over 67år m/bruks & sparekto,N,N,N,N,N,N,N,N,N,N,N
9057,09085112411,P,50200,Agata Ingvald                      ,Leivestad                          ,N,J,N,J,N,Kunder over 67år m/bruks & sparekto,N,N,N,N,N,N,N,N,N,N,N
9057,09055522801,P,18500,Ann-Lisbeth Thormod                ,Fagerheim                          ,N,J,N,J,N,Kunder over 67år m/bruks & sparekto,N,N,N,N,N,N,N,N,N,N,N
9057,01124813804,P,26500,Sarah Leon                         ,Homme                              ,N,N,N,J,N,Kunder over 67år m/bruks & sparekto,N,N,N,N,N,N,N,N,N,N,N
9057,23045610543,P,35000,Tommy Siril                        ,Brubakken                          ,N,N,N,J,N,Kunder over 67år m/bruks & sparekto,N,N,N,N,N,N,N,N,N,N,N
9057,20014015095,P,30000,Gitte Dani                         ,Askeland                           ,N,J,N,J,N,Kunder over 67år m/bruks & sparekto,N,N,N,N,N,N,N,N,N,N,N
9057,21055609400,P,23000,Iselin Milian                      ,Haddeland                          ,N,J,N,J,N,Kunder over 67år m/bruks & sparekto,N,N,N,N,N,N,N,N,N,N,N
9057,27064414440,P,12000,Merethe Egon                       ,Ribe                               ,N,J,N,J,N,Kunder over 67år m/bruks & sparekto,N,N,N,N,N,N,N,N,N,N,N
9057,20024417736,P,20000,Adnan Muna                         ,Gjendem                            ,N,N,N,J,N,Kunder over 67år m/bruks & sparekto,N,N,N,N,N,N,N,N,N,N,N
9057,14065203198,P,39000,Cristina Francisco                 ,Stornes                            ,N,N,N,J,N,Kunder over 67år m/bruks & sparekto,N,N,N,N,N,N,N,N,N,N,N
9057,14035206184,B,22000,Dumitru Antonia                    ,Singh                              ,N,N,N,J,N,Kunder over 67år m/bruks & sparekto,N,N,N,N,N,N,N,N,N,N,N
9057,17125323634,P,27500,Aline Muhamed                      ,Haugen                             ,N,J,N,J,N,Kunder over 67år m/bruks & sparekto,N,N,N,N,N,N,N,N,N,N,N
9057,07084820150,P,50700,Edgars Dagfrid                     ,Ree                                ,N,J,N,J,N,Kunder over 67år m/bruks & sparekto,N,N,N,N,N,N,N,N,N,N,N
9057,13104901306,B,20000,Liza Thorgeir                      ,Engevik                            ,N,N,N,J,N,Kunder over 67år m/bruks & sparekto,N,N,N,N,N,N,N,N,N,N,N
9057,20024825923,P,50200,Ådne Ina                           ,Dahle                              ,N,N,N,J,N,Kunder over 67år m/bruks & sparekto,N,N,N,N,N,N,N,N,N,N,N
9057,27123423327,P,13500,Ann-Karin Elvis                    ,Sønstebø                           ,N,J,N,J,N,Kunder over 67år m/bruks & sparekto,N,N,N,N,N,N,N,N,N,N,N
9057,18084801352,P,13700,Ramunas Amelia                     ,Forseth                            ,N,N,N,J,N,Kunder over 67år m/bruks & sparekto,N,N,N,N,N,N,N,N,N,N,N
9057,22015504653,P,24000,Hallgeir Silja                     ,Sulen                              ,N,N,N,J,N,Kunder over 67år m/bruks & sparekto,N,N,N,N,N,N,N,N,N,N,N
9057,10045019700,P,50200,Cesar Nicoleta                     ,Rikardsen                          ,N,J,N,J,N,Kunder over 67år m/bruks & sparekto,N,N,N,N,N,N,N,N,N,N,N
9057,30124806891,P,50200,Andrius Beate                      ,Nguyen                             ,N,J,N,J,N,Kunder over 67år m/bruks & sparekto,N,N,N,N,N,N,N,N,N,N,N
9057,30115308846,P,40000,Frode Maryan                       ,Hoftun                             ,N,N,N,J,N,Kunder over 67år m/bruks & sparekto,N,N,N,N,N,N,N,N,N,N,N
9057,23035105654,P,10000,Amalie Mindaugas                   ,Erikstad                           ,N,J,J,J,N,Kunder over 67år m/bruks & sparekto,N,N,N,N,N,N,N,N,N,N,N
9057,19064622512,P,26000,Juozas Veronika                    ,Fuglestad                          ,N,N,N,J,N,Kunder over 67år m/bruks & sparekto,N,N,N,N,N,N,N,N,N,N,N
9057,31074805534,P,14000,Halldis Emilio                     ,Haugen                             ,N,N,N,J,N,Kunder over 67år m/bruks & sparekto,N,N,N,N,N,N,N,N,N,N,N
9057,13125425296,P,18000,Edgar Irena                        ,Svensson                           ,N,J,N,J,N,Kunder over 67år m/bruks & sparekto,N,N,N,N,N,N,N,N,N,N,N
9057,10105421287,P,36000,Khadra Gard                        ,Hammer                             ,N,J,N,J,N,Kunder over 67år m/bruks & sparekto,N,N,N,N,N,N,N,N,N,N,N
9057,04114503482,P,16000,Ingmar Anne-Grethe                 ,Utnes                              ,N,J,N,J,N,Kunder over 67år m/bruks & sparekto,N,N,N,N,N,N,N,N,N,N,N
9057,17044915944,P,24000,Stener Dovile                      ,Heen                               ,N,J,N,J,N,Kunder over 67år m/bruks & sparekto,N,N,N,N,N,N,N,N,N,N,N
9057,27014618606,P,50700,Ina Kamran                         ,Osmundsen                          ,N,J,N,J,N,Kunder over 67år m/bruks & sparekto,N,N,N,N,N,N,N,N,N,N,N
9057,29014901858,P,17500,Safia Arnvid                       ,Karlsrud                           ,N,J,J,J,N,Kunder over 67år m/bruks & sparekto,N,N,N,N,N,N,N,N,N,N,N
9057,31075206189,P,50700,Tirill Boye                        ,Omland                             ,N,J,J,J,N,Kunder over 67år m/bruks & sparekto,N,N,N,N,N,N,N,N,N,N,N
9057,04014510430,P,22000,Alida Matias                       ,Mæland                             ,N,N,N,J,N,Kunder over 67år m/bruks & sparekto,N,N,N,N,N,N,N,N,N,N,N
9057,26095505766,P,50200,Stener Kamilla                     ,Brekke                             ,N,N,N,J,N,Kunder over 67år m/bruks & sparekto,N,N,N,N,N,N,N,N,N,N,N
9057,20075310472,P,36000,Jens Liliana                       ,Aasbø                              ,N,J,N,J,N,Kunder over 67år m/bruks & sparekto,N,N,N,N,N,N,N,N,N,N,N
9057,02023714216,P,50200,Barbro Magnus                      ,Hjortland                          ,N,N,N,J,N,Kunder over 67år m/bruks & sparekto,N,N,N,N,N,N,N,N,N,N,N
9057,23074227481,P,35000,Emad Runi                          ,Lomeland                           ,N,N,N,J,N,Kunder over 67år m/bruks & sparekto,N,N,N,N,N,N,N,N,N,N,N
9057,02124019586,P,50200,Ehsan Vivian                       ,Borge                              ,N,J,N,J,N,Kunder over 67år m/bruks & sparekto,N,N,N,N,N,N,N,N,N,N,N
9057,14025618131,P,21000,Sead Caroline                      ,Rakvåg                             ,J,N,N,J,N,Kunder over 67år m/bruks & sparekto,N,N,N,N,N,N,N,N,N,N,N
9057,15045511747,P,24000,Tahira Jari                        ,Nymo                               ,N,N,N,J,N,Kunder over 67år m/bruks & sparekto,N,N,N,N,N,N,N,N,N,N,N
9057,02054129915,P,31000,Mogens Susanne                     ,Idland                             ,N,J,N,J,N,Kunder over 67år m/bruks & sparekto,N,N,N,N,N,N,N,N,N,N,N
9057,11114519008,P,27000,Linn Jan-Inge                      ,Berthelsen                         ,N,J,J,J,N,Kunder over 67år m/bruks & sparekto,N,N,N,N,N,N,N,N,N,N,N
9057,23085306944,P,50300,Pia Ramin                          ,Lium                               ,N,J,N,J,N,Kunder over 67år m/bruks & sparekto,N,N,N,N,N,N,N,N,N,N,N
9057,23085313193,P,13700,Minh Thorgeir                      ,Trydal                             ,N,N,N,J,N,Kunder over 67år m/bruks & sparekto,N,N,N,N,N,N,N,N,N,N,N
9057,27075312437,P,50700,Ernestas Herlaug                   ,Midttun                            ,N,J,J,J,N,Kunder over 67år m/bruks & sparekto,N,N,N,N,N,N,N,N,N,N,N
9057,22085120542,P,22000,Nataliia Fernando                  ,Svanes                             ,N,J,N,J,N,Kunder over 67år m/bruks & sparekto,N,N,N,N,N,N,N,N,N,N,N
9057,17034805970,P,30000,Sana Aslan                         ,Sørby                              ,N,N,N,J,N,Kunder over 67år m/bruks & sparekto,N,N,N,N,N,N,N,N,N,N,N
9057,19015412243,P,29000,Olle May-Lis                       ,Lohne                              ,N,N,N,J,N,Kunder over 67år m/bruks & sparekto,N,N,N,N,N,N,N,N,N,N,N
9057,02025117223,P,50200,Annica Rytis                       ,Yildirim                           ,N,J,N,J,N,Kunder over 67år m/bruks & sparekto,N,N,N,N,N,N,N,N,N,N,N
9057,11095017012,P,24000,Elliot Ingela                      ,Haugsvær                           ,N,J,N,J,N,Kunder over 67år m/bruks & sparekto,N,N,N,N,N,N,N,N,N,N,N
9057,03095115887,P,22000,Lucie Marcos                       ,Østli                              ,N,J,J,J,N,Kunder over 67år m/bruks & sparekto,N,N,N,N,N,N,N,N,N,N,N
9057,14114710300,P,40000,Bitten Roald                       ,Auestad                            ,N,N,N,J,N,Kunder over 67år m/bruks & sparekto,N,N,N,N,N,N,N,N,N,N,N
9057,31035206704,P,50700,Brian Anne-Mette                   ,Vevang                             ,N,N,N,J,N,Kunder over 67år m/bruks & sparekto,N,N,N,N,N,N,N,N,N,N,N
9057,08035122061,P,17000,Laila Anstein                      ,Flesland                           ,N,J,J,J,N,Kunder over 67år m/bruks & sparekto,N,N,N,N,N,N,N,N,N,N,N
9057,23105522584,P,33000,Reidunn Bjørge                     ,Aanestad                           ,N,J,N,J,N,Kunder over 67år m/bruks & sparekto,N,N,N,N,N,N,N,N,N,N,N
9057,18025401014,P,50700,Andre Wera                         ,Birkeland                          ,N,N,N,J,N,Kunder over 67år m/bruks & sparekto,N,N,N,N,N,N,N,N,N,N,N
9057,09074324751,P,13500,Aino Mateo                         ,Hofstad                            ,N,N,N,J,N,Kunder over 67år m/bruks & sparekto,N,N,N,N,N,N,N,N,N,N,N
9057,30095514134,P,22000,Sana Aslan                         ,Borlaug                            ,N,J,N,J,N,Kunder over 67år m/bruks & sparekto,N,N,N,N,N,N,N,N,N,N,N
9057,24083916814,P,26500,Ann-Iren Yosef                     ,Hage                               ,N,N,N,J,N,Kunder over 67år m/bruks & sparekto,N,N,N,N,N,N,N,N,N,N,N
9057,20015321440,P,22000,Valter Janny                       ,Vabø                               ,N,N,N,J,N,Kunder over 67år m/bruks & sparekto,N,N,N,N,N,N,N,N,N,N,N
9057,26025110667,P,50200,Wieslaw Halfrid                    ,Skram                              ,N,J,N,J,N,Kunder over 67år m/bruks & sparekto,N,N,N,N,N,N,N,N,N,N,N
9057,29115418295,B,50700,Iselinn Hans                       ,Engeland                           ,N,N,N,J,N,Kunder over 67år m/bruks & sparekto,N,N,N,N,N,N,N,N,N,N,N
9057,12055118491,P,50200,Petr Maja                          ,Hjortland                          ,N,J,N,J,N,Kunder over 67år m/bruks & sparekto,N,N,N,N,N,N,N,N,N,N,N
9057,10025610232,P,24000,Liubov Mantas                      ,Strøm                              ,N,N,N,J,N,Kunder over 67år m/bruks & sparekto,N,N,N,N,N,N,N,N,N,N,N
9057,19064032650,P,17000,Zlatko Marlen                      ,Lausund                            ,N,N,N,J,N,Kunder over 67år m/bruks & sparekto,N,N,N,N,N,N,N,N,N,N,N
9057,17025020324,P,16000,Shahid Rabia                       ,Knutsen                            ,N,N,N,J,N,Kunder over 67år m/bruks & sparekto,N,N,N,N,N,N,N,N,N,N,N
9057,02125015320,P,50750,Bernhard Marija                    ,Høie                               ,N,J,J,J,N,Kunder over 67år m/bruks & sparekto,N,N,N,N,N,N,N,N,N,N,N
9057,09114407388,P,30000,Christine Aslan                    ,Kjøde                              ,N,J,N,J,N,Kunder over 67år m/bruks & sparekto,N,N,N,N,N,N,N,N,N,N,N
9057,31084900144,P,50700,Alette Sivert                      ,Hval                               ,N,J,N,J,N,Kunder over 67år m/bruks & sparekto,N,N,N,N,N,N,N,N,N,N,N
9057,08015419726,P,50300,Heather Istvan                     ,Øvland                             ,N,N,N,J,N,Kunder over 67år m/bruks & sparekto,N,N,N,N,N,N,N,N,N,N,N
9057,09095221510,P,17000,Rigmor Styrk                       ,Wiig                               ,N,N,N,J,N,Kunder over 67år m/bruks & sparekto,N,N,N,N,N,N,N,N,N,N,N
9057,02035317417,P,20000,Sissel Jan-Roger                   ,Lillestøl                          ,N,N,N,J,N,Kunder over 67år m/bruks & sparekto,N,N,N,N,N,N,N,N,N,N,N
9057,14095313818,P,50700,Tony Eline                         ,Isachsen                           ,N,J,N,J,N,Kunder over 67år m/bruks & sparekto,N,N,N,N,N,N,N,N,N,N,N
9057,22025301807,P,50700,Runi Vegar                         ,Wilberg                            ,N,J,J,J,N,Kunder over 67år m/bruks & sparekto,N,N,N,N,N,N,N,N,N,N,N
9057,20104811583,P,18500,Merete Milian                      ,Bakkehaug                          ,N,J,N,J,N,Kunder over 67år m/bruks & sparekto,N,N,N,N,N,N,N,N,N,N,N
9057,03125214346,P,50200,Herlaug Jan-Inge                   ,Valberg                            ,N,N,N,J,N,Kunder over 67år m/bruks & sparekto,N,N,N,N,N,N,N,N,N,N,N
9057,06074901415,P,50700,Raja Valentina                     ,Lockert                            ,N,N,N,J,N,Kunder over 67år m/bruks & sparekto,N,N,N,N,N,N,N,N,N,N,N
9057,21123505228,P,27500,Asmund Kaia                        ,Taranger                           ,N,N,N,J,N,Kunder over 67år m/bruks & sparekto,N,N,N,N,N,N,N,N,N,N,N
9057,03075202465,P,50700,Tadeusz Carla                      ,Haukedal                           ,N,N,N,J,N,Kunder over 67år m/bruks & sparekto,N,N,N,N,N,N,N,N,N,N,N
9057,14065209978,P,50200,Vivi-Ann Vilius                    ,Moltu                              ,N,N,N,J,N,Kunder over 67år m/bruks & sparekto,N,N,N,N,N,N,N,N,N,N,N
9057,17043620959,P,20000,Olle Beatriz                       ,Sundseth                           ,N,N,N,J,N,Kunder over 67år m/bruks & sparekto,N,N,N,N,N,N,N,N,N,N,N
9057,02075612462,P,24000,Torsten Angelina                   ,Reistad                            ,N,N,J,J,N,Kunder over 67år m/bruks & sparekto,N,N,N,N,N,N,N,N,N,N,N
9057,02054008409,P,50300,Mariel Skule                       ,Vedå                               ,N,N,N,J,N,Kunder over 67år m/bruks & sparekto,N,N,N,N,N,N,N,N,N,N,N
9057,23074704808,P,50700,Linda Jorulf                       ,Jevne                              ,N,J,N,J,N,Kunder over 67år m/bruks & sparekto,N,N,N,N,N,N,N,N,N,N,N
9057,21084605783,P,23000,Sylva Knut-Erik                    ,Ølmheim                            ,N,N,N,J,N,Kunder over 67år m/bruks & sparekto,N,N,N,N,N,N,N,N,N,N,N
9057,07105611905,B,27500,Nada Roald                         ,Nesland                            ,N,N,N,J,N,Kunder over 67år m/bruks & sparekto,N,N,N,N,N,N,N,N,N,N,N
9057,28115507178,P,21000,Danijela Harald                    ,Wolden                             ,N,N,N,J,N,Kunder over 67år m/bruks & sparekto,N,N,N,N,N,N,N,N,N,N,N
9057,10064315450,P,50700,Mantas Bianca                      ,Eie                                ,N,N,N,J,N,Kunder over 67år m/bruks & sparekto,N,N,N,N,N,N,N,N,N,N,N
9057,01073714903,B,26500,Fanny Mantas                       ,Torjussen                          ,N,N,N,J,N,Kunder over 67år m/bruks & sparekto,N,N,N,N,N,N,N,N,N,N,N
9057,10115221820,P,30000,Mike Ingegerd                      ,Aasheim                            ,N,J,N,J,N,Kunder over 67år m/bruks & sparekto,N,N,N,N,N,N,N,N,N,N,N
9057,12065017596,P,18500,Paal Rannei                        ,Nergaard                           ,N,J,N,J,N,Kunder over 67år m/bruks & sparekto,N,N,N,N,N,N,N,N,N,N,N
9057,06014806340,P,20000,Antoni Bertine                     ,Lomeland                           ,N,J,N,J,N,Kunder over 67år m/bruks & sparekto,N,N,N,N,N,N,N,N,N,N,N
9057,07114608992,P,50700,Willy Gintare                      ,Rui                                ,N,J,N,J,N,Kunder over 67år m/bruks & sparekto,N,N,N,N,N,N,N,N,N,N,N
9057,11094315893,P,50300,Torleiv Benedikte                  ,Friestad                           ,N,N,N,J,N,Kunder over 67år m/bruks & sparekto,N,N,N,N,N,N,N,N,N,N,N
9057,13094914498,P,50200,Biniam Ann-Iren                    ,Dyrnes                             ,N,N,J,J,N,Kunder over 67år m/bruks & sparekto,N,N,N,N,N,N,N,N,N,N,N
9057,16084922629,P,16000,Mantas Bianca                      ,Svardal                            ,N,N,N,J,N,Kunder over 67år m/bruks & sparekto,N,N,N,N,N,N,N,N,N,N,N
9057,10055119045,P,50200,Cesar Zofia                        ,Mørk                               ,N,N,N,J,N,Kunder over 67år m/bruks & sparekto,N,N,N,N,N,N,N,N,N,N,N
9057,04023428801,P,29000,Liubov Mantas                      ,Lima                               ,N,N,N,J,N,Kunder over 67år m/bruks & sparekto,N,N,N,N,N,N,N,N,N,N,N
9057,08035204068,P,50200,Anstein Fariba                     ,Mork                               ,N,N,J,J,N,Kunder over 67år m/bruks & sparekto,N,N,N,N,N,N,N,N,N,N,N
9057,02124132897,P,13000,Iselinn Hans                       ,Ølberg                             ,N,N,N,J,N,Kunder over 67år m/bruks & sparekto,N,N,N,N,N,N,N,N,N,N,N
9057,25054205514,B,50700,Vibekke Wiktor                     ,Hindenes                           ,N,J,N,J,N,Kunder over 67år m/bruks & sparekto,N,N,N,N,N,N,N,N,N,N,N
9057,25085307382,P,27500,Edyta Maciej                       ,Grønberg                           ,N,J,N,J,N,Kunder over 67år m/bruks & sparekto,N,N,N,N,N,N,N,N,N,N,N
9057,07015612821,P,29000,Annikken Øyvind                    ,Vinje                              ,N,N,N,J,N,Kunder over 67år m/bruks & sparekto,N,N,N,N,N,N,N,N,N,N,N
9057,05074117181,P,22000,Gunvor Fridtjov                    ,Wessel                             ,N,N,N,J,N,Kunder over 67år m/bruks & sparekto,N,N,N,N,N,N,N,N,N,N,N
9057,20074602283,P,10000,Marcel Frøya                       ,Abdullah                           ,N,J,J,J,N,Kunder over 67år m/bruks & sparekto,N,N,N,N,N,N,N,N,N,N,N
9057,22103610102,P,50300,Franz Ada                          ,Flatøy                             ,N,N,N,J,N,Kunder over 67år m/bruks & sparekto,N,N,N,N,N,N,N,N,N,N,N
9057,18124400402,P,18000,Emilie Ole-Marius                  ,Nese                               ,N,J,J,J,N,Kunder over 67år m/bruks & sparekto,N,N,N,N,N,N,N,N,N,N,N
9057,26072820702,P,50200,Hallgeir Alexandra                 ,Vårdal                             ,N,N,N,J,N,Kunder over 67år m/bruks & sparekto,N,N,N,N,N,N,N,N,N,N,N
9057,14065108578,P,17000,Jorge Gina                         ,Løken                              ,N,N,N,J,N,Kunder over 67år m/bruks & sparekto,N,N,N,N,N,N,N,N,N,N,N
9057,22055505083,P,50200,Møyfrid Asbjørn                    ,Askeland                           ,N,J,N,J,N,Kunder over 67år m/bruks & sparekto,N,N,N,N,N,N,N,N,N,N,N
9057,11065122806,P,30000,Amela Fernando                     ,Liabø                              ,N,J,N,J,N,Kunder over 67år m/bruks & sparekto,N,N,N,N,N,N,N,N,N,N,N
9057,27115310696,P,18000,Rodney Pauline                     ,Lynum                              ,N,J,N,J,N,Kunder over 67år m/bruks & sparekto,N,N,N,N,N,N,N,N,N,N,N
9057,31124509672,P,13700,Fillip Ågot                        ,Aaland                             ,N,N,N,J,N,Kunder over 67år m/bruks & sparekto,N,N,N,N,N,N,N,N,N,N,N
9057,16115401185,P,50200,Sol Odd-Arne                       ,Lauvrak                            ,N,J,N,J,N,Kunder over 67år m/bruks & sparekto,N,N,N,N,N,N,N,N,N,N,N
9057,28125305972,P,18500,Kari-Mette Herleif                 ,Fidjeland                          ,N,N,N,J,N,Kunder over 67år m/bruks & sparekto,N,N,N,N,N,N,N,N,N,N,N
9057,26115313885,P,50700,Mantas Bianca                      ,Velle                              ,N,N,N,J,N,Kunder over 67år m/bruks & sparekto,N,N,N,N,N,N,N,N,N,N,N
9057,25083209235,P,30000,Magomed Lis                        ,Alver                              ,N,N,N,J,N,Kunder over 67år m/bruks & sparekto,N,N,N,N,N,N,N,N,N,N,N
9057,10055211960,P,50700,Sylvi Romualdas                    ,Holmefjord                         ,N,J,N,J,N,Kunder over 67år m/bruks & sparekto,N,N,N,N,N,N,N,N,N,N,N
9057,25034704220,P,12000,Elliot Ingela                      ,Holmefjord                         ,N,N,N,J,N,Kunder over 67år m/bruks & sparekto,N,N,N,N,N,N,N,N,N,N,N
9057,26015519397,P,18500,Kolbjørn Sari                      ,Miljeteig                          ,N,N,N,J,N,Kunder over 67år m/bruks & sparekto,N,N,N,N,N,N,N,N,N,N,N
9057,28115620721,P,50300,Andre Hilda                        ,Medhus                             ,N,N,N,J,N,Kunder over 67år m/bruks & sparekto,N,N,N,N,N,N,N,N,N,N,N
9057,17114626473,P,50750,Herlaug Berhane                    ,Røkke                              ,N,N,N,J,N,Kunder over 67år m/bruks & sparekto,N,N,N,N,N,N,N,N,N,N,N
9057,08065102944,P,29000,Endre Karen-Marie                  ,Lohne                              ,N,J,N,J,N,Kunder over 67år m/bruks & sparekto,N,N,N,N,N,N,N,N,N,N,N
9057,22074900627,P,13000,Azad Kitt                          ,Kvinge                             ,N,N,N,J,N,Kunder over 67år m/bruks & sparekto,N,N,N,N,N,N,N,N,N,N,N
9057,13083804658,P,50700,Møyfrid Asbjørn                    ,Viken                              ,N,J,N,J,N,Kunder over 67år m/bruks & sparekto,N,N,N,N,N,N,N,N,N,N,N
9057,20114808246,P,17500,Fadumo Rune                        ,Skogli                             ,N,N,N,J,N,Kunder over 67år m/bruks & sparekto,N,N,N,N,N,N,N,N,N,N,N
9057,06075318802,P,26500,Marith Odd-Arne                    ,Brown                              ,N,J,N,J,N,Kunder over 67år m/bruks & sparekto,N,N,N,N,N,N,N,N,N,N,N
9057,20065013305,P,50300,Wojciech Serine                    ,Rolfsen                            ,N,N,N,J,N,Kunder over 67år m/bruks & sparekto,N,N,N,N,N,N,N,N,N,N,N
9057,19053606671,P,50300,Sofia Maciej                       ,Borlaug                            ,N,N,N,J,N,Kunder over 67år m/bruks & sparekto,N,N,N,N,N,N,N,N,N,N,N
9057,20074119744,P,50700,Juan Hansine                       ,Leivestad                          ,N,N,N,J,N,Kunder over 67år m/bruks & sparekto,N,N,N,N,N,N,N,N,N,N,N
9057,11074200186,P,24000,Nadja Bruno                        ,Slåtten                            ,N,N,N,J,N,Kunder over 67år m/bruks & sparekto,N,N,N,N,N,N,N,N,N,N,N
9057,21015407155,P,40000,Bibbi Kenny                        ,Heltne                             ,N,J,N,J,N,Kunder over 67år m/bruks & sparekto,N,N,N,N,N,N,N,N,N,N,N
9057,19044910279,P,17500,Sina Akram                         ,Svensson                           ,N,N,N,J,N,Kunder over 67år m/bruks & sparekto,N,N,N,N,N,N,N,N,N,N,N
9057,16064418452,P,12000,Vasile Diane                       ,Gramstad                           ,N,N,N,J,N,Kunder over 67år m/bruks & sparekto,N,N,N,N,N,N,N,N,N,N,N
9057,14105319445,P,13700,May-Britt Ted                      ,Rikardsen                          ,N,N,N,J,N,Kunder over 67år m/bruks & sparekto,N,N,N,N,N,N,N,N,N,N,N
9057,05025514590,P,40000,Gina Saad                          ,Remøy                              ,N,J,N,J,N,Kunder over 67år m/bruks & sparekto,N,N,N,N,N,N,N,N,N,N,N
9057,18075120172,P,29000,Danijela Dovydas                   ,Enoksen                            ,N,J,J,J,N,Kunder over 67år m/bruks & sparekto,N,N,N,N,N,N,N,N,N,N,N
9057,14093531818,P,12000,Zdzislaw Marianne                  ,Almli                              ,N,J,N,J,N,Kunder over 67år m/bruks & sparekto,N,N,N,N,N,N,N,N,N,N,N
9057,31014803664,P,26500,Kristofer Eirin                    ,Bakker                             ,N,N,N,J,N,Kunder over 67år m/bruks & sparekto,N,N,N,N,N,N,N,N,N,N,N
9057,27074906988,P,20000,Uno Alis                           ,Dybdahl                            ,N,N,N,N,N,Kunder over 67år m/bruks & sparekto,N,N,N,N,N,N,N,N,N,N,N
9057,13104517409,P,14000,Gregor Agata                       ,Bach                               ,N,N,N,J,N,Kunder over 67år m/bruks & sparekto,N,N,N,N,N,N,N,N,N,N,N
9057,10014905443,P,10000,Agata Leiv                         ,Åsen                               ,N,N,N,J,N,Kunder over 67år m/bruks & sparekto,N,N,N,N,N,N,N,N,N,N,N
9057,03054600096,P,30000,Monja Jan-Inge                     ,Heggset                            ,N,J,N,J,N,Kunder over 67år m/bruks & sparekto,N,N,N,N,N,N,N,N,N,N,N
9057,08104709827,P,24000,Amanda Joakim                      ,Lier                               ,J,N,N,J,N,Kunder over 67år m/bruks & sparekto,N,N,N,N,N,N,N,N,N,N,N
9057,02115002816,P,33000,Donatas Olena                      ,Bendiksen                          ,N,N,N,J,N,Kunder over 67år m/bruks & sparekto,N,N,N,N,N,N,N,N,N,N,N
9057,19124727831,P,13500,Asle Emely                         ,Høie                               ,N,J,N,J,N,Kunder over 67år m/bruks & sparekto,N,N,N,N,N,N,N,N,N,N,N
9057,04084013523,P,50700,Edita Fridtjov                     ,Melbye                             ,N,N,N,J,N,Kunder over 67år m/bruks & sparekto,N,N,N,N,N,N,N,N,N,N,N
9057,17115323059,P,29000,Augusta Jack                       ,Hofstad                            ,N,N,N,J,N,Kunder over 67år m/bruks & sparekto,N,N,N,N,N,N,N,N,N,N,N
9057,27105614409,P,16500,Susana Emilio                      ,Skjelstad                          ,N,J,J,J,N,Kunder over 67år m/bruks & sparekto,N,N,N,N,N,N,N,N,N,N,N
9057,04064206155,P,50300,Vigdis Haakon                      ,Grinden                            ,N,N,N,J,N,Kunder over 67år m/bruks & sparekto,N,N,N,N,N,N,N,N,N,N,N
9057,01064504351,P,18000,Emelie Rachid                      ,Møgster                            ,N,J,N,J,N,Kunder over 67år m/bruks & sparekto,N,N,N,N,N,N,N,N,N,N,N
9057,14054803428,P,50700,Sahar Tron                         ,Enoksen                            ,N,N,N,J,N,Kunder over 67år m/bruks & sparekto,N,N,N,N,N,N,N,N,N,N,N
9057,03084217548,P,50700,Magomed Ruth                       ,Gjessing                           ,N,J,N,J,N,Kunder over 67år m/bruks & sparekto,N,N,N,N,N,N,N,N,N,N,N
9057,24044204459,P,50700,Julio Hallfrid                     ,Nyborg                             ,N,N,N,J,N,Kunder over 67år m/bruks & sparekto,N,N,N,N,N,N,N,N,N,N,N
9057,01085121193,P,21000,Torolf Asia                        ,Rimstad                            ,N,N,N,J,N,Kunder over 67år m/bruks & sparekto,N,N,N,N,N,N,N,N,N,N,N
9057,05044910251,P,14000,Nan Kemal                          ,Hellan                             ,N,N,N,J,N,Kunder over 67år m/bruks & sparekto,N,N,N,N,N,N,N,N,N,N,N
9057,14044500176,P,11500,Eiril Leszek                       ,Kittilsen                          ,N,N,N,J,N,Kunder over 67år m/bruks & sparekto,N,N,N,N,N,N,N,N,N,N,N
9057,02014902565,P,11000,Shahzad Edita                      ,Røed                               ,N,N,N,J,N,Kunder over 67år m/bruks & sparekto,N,N,N,N,N,N,N,N,N,N,N
9057,10105614131,P,50200,Asmund Greta                       ,Brænden                            ,N,J,N,J,N,Kunder over 67år m/bruks & sparekto,N,N,N,N,N,N,N,N,N,N,N
9057,08074309330,P,50700,Kristine Kemal                     ,Kongshaug                          ,N,J,N,J,N,Kunder over 67år m/bruks & sparekto,N,N,N,N,N,N,N,N,N,N,N
9057,27115112150,P,21000,Paal Anlaug                        ,Kvam                               ,N,N,N,J,N,Kunder over 67år m/bruks & sparekto,N,N,N,N,N,N,N,N,N,N,N
9057,20085001745,P,16000,Ann-Kristin Bernt                  ,Sønstebø                           ,N,N,N,J,N,Kunder over 67år m/bruks & sparekto,N,N,N,N,N,N,N,N,N,N,N
9057,21055220201,P,50700,Vasile Diane                       ,Sagen                              ,N,N,J,J,N,Kunder over 67år m/bruks & sparekto,N,N,N,N,N,N,N,N,N,N,N
9057,11114526942,P,12000,Donatas Naomi                      ,Monstad                            ,N,N,N,J,N,Kunder over 67år m/bruks & sparekto,N,N,N,N,N,N,N,N,N,N,N
9057,29095101001,P,50300,Jens Jonna                         ,Løtveit                            ,N,N,N,J,N,Kunder over 67år m/bruks & sparekto,N,N,N,N,N,N,N,N,N,N,N
9057,18075304362,P,23000,Reid Lilli                         ,Phan                               ,N,N,N,J,N,Kunder over 67år m/bruks & sparekto,N,N,N,N,N,N,N,N,N,N,N
9057,04095108305,P,29000,Anstein Nikita                     ,Knutsen                            ,N,N,N,J,N,Kunder over 67år m/bruks & sparekto,N,N,N,N,N,N,N,N,N,N,N
9057,26035406165,P,24000,Senad Alvilde                      ,Holth                              ,N,N,N,J,N,Kunder over 67år m/bruks & sparekto,N,N,N,N,N,N,N,N,N,N,N
9057,22074600755,P,26500,Jafar Alida                        ,Dybvik                             ,N,N,N,J,N,Kunder over 67år m/bruks & sparekto,N,N,N,N,N,N,N,N,N,N,N
9057,30105209386,P,50750,Edmund Elfrida                     ,Nordnes                            ,N,N,N,J,N,Kunder over 67år m/bruks & sparekto,N,N,N,N,N,N,N,N,N,N,N
9057,08074620400,P,24000,Justyna Tron                       ,Bjerke                             ,N,N,N,J,N,Kunder over 67år m/bruks & sparekto,N,N,N,N,N,N,N,N,N,N,N
9057,25065312479,P,32000,Mahad Ingvil                       ,Tonstad                            ,N,N,N,J,N,Kunder over 67år m/bruks & sparekto,N,N,N,N,N,N,N,N,N,N,N
9057,28105125048,P,14000,Valter Janny                       ,Kvam                               ,N,J,N,J,N,Kunder over 67år m/bruks & sparekto,N,N,N,N,N,N,N,N,N,N,N
9057,24115127183,P,18500,Juliane Sune                       ,Storsve                            ,N,N,N,J,N,Kunder over 67år m/bruks & sparekto,N,N,N,N,N,N,N,N,N,N,N
9057,08064518209,P,18500,Larisa Kenny                       ,Robertsen                          ,N,N,N,J,N,Kunder over 67år m/bruks & sparekto,N,N,N,N,N,N,N,N,N,N,N
9057,20055006823,P,50300,Thorbjørn Gurli                    ,Rindal                             ,N,N,N,J,N,Kunder over 67år m/bruks & sparekto,N,N,N,N,N,N,N,N,N,N,N
9057,27125618834,P,18000,Heiko Viviann                      ,Homme                              ,N,N,N,J,N,Kunder over 67år m/bruks & sparekto,N,N,N,N,N,N,N,N,N,N,N
9057,29085121985,P,11000,Angelika Francisco                 ,Blomberg                           ,N,N,N,J,N,Kunder over 67år m/bruks & sparekto,N,N,N,N,N,N,N,N,N,N,N
9057,15015609173,P,50700,Magomed Bjørnhild                  ,Ekren                              ,N,N,N,J,N,Kunder over 67år m/bruks & sparekto,N,N,N,N,N,N,N,N,N,N,N
9057,01123819213,P,21000,Lydia Marius                       ,Lockert                            ,N,N,N,J,N,Kunder over 67år m/bruks & sparekto,N,N,N,N,N,N,N,N,N,N,N
9057,12035213536,P,20000,Gry Arnvid                         ,Øyan                               ,N,J,N,J,N,Kunder over 67år m/bruks & sparekto,N,N,N,N,N,N,N,N,N,N,N
9057,29105102419,P,26000,Bjørghild Helmut                   ,Vevang                             ,N,J,N,J,N,Kunder over 67år m/bruks & sparekto,N,N,N,N,N,N,N,N,N,N,N
9057,28065109117,P,22000,Dalia Ingvald                      ,Sulen                              ,N,J,N,J,N,Kunder over 67år m/bruks & sparekto,N,N,N,N,N,N,N,N,N,N,N
9057,24105421709,P,50200,Mohamad Margaretha                 ,Storsve                            ,N,N,N,J,N,Kunder over 67år m/bruks & sparekto,N,N,N,N,N,N,N,N,N,N,N
9057,12014512959,P,33000,Wieslaw Vaida                      ,Aslaksen                           ,N,N,N,J,N,Kunder over 67år m/bruks & sparekto,N,N,N,N,N,N,N,N,N,N,N
9057,13054206792,P,50700,Neil Lorna                         ,Granerud                           ,N,N,N,J,N,Kunder over 67år m/bruks & sparekto,N,N,N,N,N,N,N,N,N,N,N
9057,25055309585,P,50200,Iwona Egon                         ,Leonhardsen                        ,N,J,N,J,N,Kunder over 67år m/bruks & sparekto,N,N,N,N,N,N,N,N,N,N,N
9057,19085200944,P,10000,Aida Pieter                        ,Knutsen                            ,N,J,N,J,N,Kunder over 67år m/bruks & sparekto,N,N,N,N,N,N,N,N,N,N,N
9057,13035005581,P,50200,Viviann Ricardo                    ,Skogheim                           ,N,J,N,J,N,Kunder over 67år m/bruks & sparekto,N,N,N,N,N,N,N,N,N,N,N
9057,07054304697,P,50200,Irja Romas                         ,Roen                               ,N,N,N,J,N,Kunder over 67år m/bruks & sparekto,N,N,N,N,N,N,N,N,N,N,N
9057,22084920219,P,20000,Maj-Britt Nils-Petter              ,Vabø                               ,N,N,N,J,N,Kunder over 67år m/bruks & sparekto,N,N,N,N,N,N,N,N,N,N,N
9057,01025513831,P,29000,Marith Thormod                     ,Rui                                ,N,J,J,J,N,Kunder over 67år m/bruks & sparekto,N,N,N,N,N,N,N,N,N,N,N
9057,07015207943,P,30000,Sol Odd-Arne                       ,Unneland                           ,N,N,N,J,N,Kunder over 67år m/bruks & sparekto,N,N,N,N,N,N,N,N,N,N,N
9057,07035419424,P,50700,Norunn Ask                         ,Aanerud                            ,N,J,J,J,N,Kunder over 67år m/bruks & sparekto,N,N,N,N,N,N,N,N,N,N,N
9057,02125504054,P,12000,Christina Gregor                   ,Balstad                            ,N,N,N,J,N,Kunder over 67år m/bruks & sparekto,N,N,N,N,N,N,N,N,N,N,N
