9057,61037350361,P,30000,Frederick Terese                   ,Wagner                             ,N,N,N,J,N,KUNDER OVER 18 ÅR MED D-NUMMER     ,N,N,N,N,N,N,N,N,N,N,N
9057,49016604940,P,39000,Tonny Valentin                     ,Bakketun                           ,N,N,N,J,N,KUNDER OVER 18 ÅR MED D-NUMMER     ,N,N,N,N,N,N,N,N,N,N,N
9057,53014051992,P,24000,Agneta Roald                       ,Gustad                             ,N,N,N,N,N,KUNDER OVER 18 ÅR MED D-NUMMER     ,N,N,N,N,N,N,N,N,N,N,N
9057,67038052605,P,32000,Asif Idun                          ,Mathiassen                         ,N,N,N,J,N,KUNDER OVER 18 ÅR MED D-NUMMER     ,N,N,N,N,N,N,N,N,N,N,N
9057,63077303938,P,23000,Marika Jann                        ,Hognestad                          ,N,N,N,J,N,KUNDER OVER 18 ÅR MED D-NUMMER     ,N,N,N,N,N,N,N,N,N,N,N
9057,54128705735,P,50700,Afrim Helene                       ,Osland                             ,N,N,N,J,N,KUNDER OVER 18 ÅR MED D-NUMMER     ,N,N,N,N,N,N,N,N,N,N,N
9057,41015939352,P,10000,Joy Billy                          ,Mæle                               ,N,N,N,J,N,KUNDER OVER 18 ÅR MED D-NUMMER     ,N,N,N,N,N,N,N,N,N,N,N
9057,52119350859,P,26000,Malene Ulrik                       ,Tokle                              ,N,N,N,J,N,KUNDER OVER 18 ÅR MED D-NUMMER     ,N,N,N,N,N,N,N,N,N,N,N
9057,68046752523,P,16500,Ingbjørg Ted                       ,Rognlien                           ,N,N,N,J,N,KUNDER OVER 18 ÅR MED D-NUMMER     ,N,N,N,N,N,N,N,N,N,N,N
9057,48069077784,P,32000,Vally Mateo                        ,Graff                              ,N,N,N,J,N,KUNDER OVER 18 ÅR MED D-NUMMER     ,N,N,N,N,N,N,N,N,N,N,N
9057,51029402527,P,35000,Biniam Mai                         ,Sund                               ,N,N,N,J,N,KUNDER OVER 18 ÅR MED D-NUMMER     ,N,N,N,N,N,N,N,N,N,N,N
9057,41029303914,P,18500,Victoria Ole-Morten                ,Thorgersen                         ,N,N,N,J,N,KUNDER OVER 18 ÅR MED D-NUMMER     ,N,N,N,N,N,N,N,N,N,N,N
9057,49028955404,P,11500,Monicha Willy                      ,Engebretsen                        ,N,N,N,J,N,KUNDER OVER 18 ÅR MED D-NUMMER     ,N,N,N,N,N,N,N,N,N,N,N
9057,65087051360,P,20000,Fredrik Charlotte                  ,Kvamsdal                           ,J,N,N,J,N,KUNDER OVER 18 ÅR MED D-NUMMER     ,N,N,N,N,N,N,N,N,N,N,N
9057,62099006191,P,23000,Rachel Ole-Morten                  ,Myreng                             ,N,N,N,J,N,KUNDER OVER 18 ÅR MED D-NUMMER     ,N,N,N,N,N,N,N,N,N,N,N
9057,47028675913,P,13500,Sead Reidun                        ,Børsheim                           ,N,N,N,J,N,KUNDER OVER 18 ÅR MED D-NUMMER     ,N,N,N,N,N,N,N,N,N,N,N
9057,54047451364,P,12000,Rodrigo Vivi                       ,Aasebø                             ,N,N,N,J,N,KUNDER OVER 18 ÅR MED D-NUMMER     ,N,N,N,N,N,N,N,N,N,N,N
9057,54025875772,P,14000,Magomed Madina                     ,Olaisen                            ,N,N,N,J,N,KUNDER OVER 18 ÅR MED D-NUMMER     ,N,N,N,N,N,N,N,N,N,N,N
9057,57049408201,P,20000,Victor Silvana                     ,Heggernes                          ,N,N,N,J,N,KUNDER OVER 18 ÅR MED D-NUMMER     ,N,N,N,N,N,N,N,N,N,N,N
9057,51049402698,P,33000,Magny Billy                        ,Nesse                              ,N,N,N,J,N,KUNDER OVER 18 ÅR MED D-NUMMER     ,N,N,N,N,N,N,N,N,N,N,N
9057,44129175726,P,14000,Ingeborg Janne                     ,Harsvik                            ,N,N,N,J,N,KUNDER OVER 18 ÅR MED D-NUMMER     ,N,N,N,N,N,N,N,N,N,N,N
9057,64066502773,P,12000,Anya Holger                        ,Indahl                             ,N,N,N,J,N,KUNDER OVER 18 ÅR MED D-NUMMER     ,N,N,N,N,N,N,N,N,N,N,N
9057,55050101168,P,14000,Endre Tanya                        ,Wagner                             ,N,N,N,J,N,KUNDER OVER 18 ÅR MED D-NUMMER     ,N,N,N,N,N,N,N,N,N,N,N
9057,68058052462,P,20000,Irja Adem                          ,Brun                               ,N,J,J,J,N,KUNDER OVER 18 ÅR MED D-NUMMER     ,N,N,N,N,N,N,N,N,N,N,N
9057,41059405673,P,11500,Irma Jan-Roger                     ,Vedvik                             ,N,N,N,J,N,KUNDER OVER 18 ÅR MED D-NUMMER     ,N,N,N,N,N,N,N,N,N,N,N
9057,64075755404,P,36000,Frithjof Asia                      ,Hansson                            ,N,N,N,J,N,KUNDER OVER 18 ÅR MED D-NUMMER     ,N,N,N,N,N,N,N,N,N,N,N
9057,43048402586,P,13500,Karna Umar                         ,Aaby                               ,N,N,N,J,N,KUNDER OVER 18 ÅR MED D-NUMMER     ,N,N,N,N,N,N,N,N,N,N,N
9057,65076801457,P,14000,Justas Hanne                       ,Leite                              ,N,N,N,J,N,KUNDER OVER 18 ÅR MED D-NUMMER     ,N,N,N,N,N,N,N,N,N,N,N
9057,47038007374,P,16000,Elsa Bjørn-Inge                    ,Støylen                            ,N,N,N,J,N,KUNDER OVER 18 ÅR MED D-NUMMER     ,N,N,N,N,N,N,N,N,N,N,N
9057,42037456998,P,10000,Andre Anne-Marit                   ,Sandanger                          ,N,N,N,J,N,KUNDER OVER 18 ÅR MED D-NUMMER     ,N,N,N,N,N,N,N,N,N,N,N
9057,52117608956,P,23000,Aslaug Borger                      ,Bjørseth                           ,N,N,N,J,N,KUNDER OVER 18 ÅR MED D-NUMMER     ,N,N,N,N,N,N,N,N,N,N,N
9057,64107552985,P,45000,Nelly Fernando                     ,Bredesen                           ,N,N,N,J,N,KUNDER OVER 18 ÅR MED D-NUMMER     ,N,N,N,N,N,N,N,N,N,N,N
9057,42105775932,P,11500,Tore Wilma                         ,Nazari                             ,N,N,N,J,N,KUNDER OVER 18 ÅR MED D-NUMMER     ,N,N,N,N,N,N,N,N,N,N,N
9057,68026658717,P,27000,Bereket Siril                      ,Skjærvik                           ,N,N,N,J,N,KUNDER OVER 18 ÅR MED D-NUMMER     ,N,N,N,N,N,N,N,N,N,N,N
9057,64077606139,P,18500,Thorsten Embla                     ,Harsvik                            ,N,N,N,J,N,KUNDER OVER 18 ÅR MED D-NUMMER     ,N,N,N,N,N,N,N,N,N,N,N
9057,50058906465,P,10000,Iben Marianna                      ,Holme                              ,N,N,N,J,N,KUNDER OVER 18 ÅR MED D-NUMMER     ,N,N,N,N,N,N,N,N,N,N,N
9057,64098020053,P,18500,Marlen Orhan                       ,Hylland                            ,N,N,N,J,N,KUNDER OVER 18 ÅR MED D-NUMMER     ,N,N,N,N,N,N,N,N,N,N,N
9057,43098250930,P,10000,Oluf Drude                         ,Hove                               ,N,N,N,J,N,KUNDER OVER 18 ÅR MED D-NUMMER     ,N,N,N,N,N,N,N,N,N,N,N
9057,49107378188,P,18500,Ann-Karin Matias                   ,Vangen                             ,N,N,N,J,N,KUNDER OVER 18 ÅR MED D-NUMMER     ,N,N,N,N,N,N,N,N,N,N,N
9057,68017452529,P,30000,Kamila Edward                      ,Mjønes                             ,N,N,N,J,N,KUNDER OVER 18 ÅR MED D-NUMMER     ,N,N,N,N,N,N,N,N,N,N,N
9057,51088900603,P,12000,Eduardo Othelie                    ,Arshad                             ,N,N,N,J,N,KUNDER OVER 18 ÅR MED D-NUMMER     ,N,N,N,N,N,N,N,N,N,N,N
9057,63066776818,P,50700,Justinas Lajla                     ,Steinnes                           ,N,N,N,J,N,KUNDER OVER 18 ÅR MED D-NUMMER     ,N,N,N,N,N,N,N,N,N,N,N
9057,55055606756,P,45000,Sabina Milian                      ,Strømsnes                          ,N,N,N,J,N,KUNDER OVER 18 ÅR MED D-NUMMER     ,N,N,N,N,N,N,N,N,N,N,N
9057,55068357747,P,50200,Agnieszka Torgny                   ,Maurstad                           ,N,N,N,J,N,KUNDER OVER 18 ÅR MED D-NUMMER     ,N,N,N,N,N,N,N,N,N,N,N
9057,58126676547,P,35000,Juan Bergliot                      ,Nyhagen                            ,N,N,N,J,N,KUNDER OVER 18 ÅR MED D-NUMMER     ,N,N,N,N,N,N,N,N,N,N,N
9057,52117753247,P,12000,Rigmor Harald                      ,Henden                             ,N,N,N,N,N,KUNDER OVER 18 ÅR MED D-NUMMER     ,N,N,N,N,N,N,N,N,N,N,N
9057,54016517278,P,45000,Grazyna Harald                     ,Ramfjord                           ,N,N,N,J,N,KUNDER OVER 18 ÅR MED D-NUMMER     ,N,N,N,N,N,N,N,N,N,N,N
9057,60115005173,P,18500,Håvard Gabriele                    ,Harsvik                            ,N,N,N,J,N,KUNDER OVER 18 ÅR MED D-NUMMER     ,N,N,N,N,N,N,N,N,N,N,N
9057,54046175592,P,18500,Helle Boye                         ,Bøhn                               ,N,N,N,J,N,KUNDER OVER 18 ÅR MED D-NUMMER     ,N,N,N,N,N,N,N,N,N,N,N
9057,62096450767,P,23000,Patric Jurgita                     ,Skuland                            ,N,J,N,N,N,KUNDER OVER 18 ÅR MED D-NUMMER     ,N,N,N,N,N,N,N,N,N,N,N
9057,46118758137,P,32000,Hallstein Inez                     ,Nystrøm                            ,N,N,N,J,N,KUNDER OVER 18 ÅR MED D-NUMMER     ,N,N,N,N,N,N,N,N,N,N,N
9057,41086501153,P,10000,Lilja Fernando                     ,Ludvigsen                          ,N,J,N,J,N,KUNDER OVER 18 ÅR MED D-NUMMER     ,N,N,N,N,N,N,N,N,N,N,N
9057,44027151350,P,13500,Magna Jorulf                       ,Kjølstad                           ,N,N,N,J,N,KUNDER OVER 18 ÅR MED D-NUMMER     ,N,N,N,N,N,N,N,N,N,N,N
9057,43035353993,P,26000,Aslak Erika                        ,Gregersen                          ,N,J,N,J,N,KUNDER OVER 18 ÅR MED D-NUMMER     ,N,N,N,N,N,N,N,N,N,N,N
9057,44024202167,P,50200,Mika Lynn                          ,Christoffersen                     ,N,N,N,J,N,KUNDER OVER 18 ÅR MED D-NUMMER     ,N,N,N,N,N,N,N,N,N,N,N
9057,50059101983,P,16500,Hussain Gunveig                    ,Storlien                           ,N,N,N,J,N,KUNDER OVER 18 ÅR MED D-NUMMER     ,N,N,N,N,N,N,N,N,N,N,N
9057,59067675570,P,35000,Borger Tori                        ,Havik                              ,N,N,N,J,N,KUNDER OVER 18 ÅR MED D-NUMMER     ,N,N,N,N,N,N,N,N,N,N,N
9057,45046553679,P,18500,Juan Vally                         ,Kaasa                              ,N,N,N,J,N,KUNDER OVER 18 ÅR MED D-NUMMER     ,N,N,N,N,N,N,N,N,N,N,N
9057,53106005733,P,20000,Naima Eduard                       ,Indahl                             ,N,N,N,J,N,KUNDER OVER 18 ÅR MED D-NUMMER     ,N,N,N,N,N,N,N,N,N,N,N
9057,65128877392,P,18500,Ragnfrid Wiktor                    ,Kolnes                             ,N,N,N,J,N,KUNDER OVER 18 ÅR MED D-NUMMER     ,N,N,N,N,N,N,N,N,N,N,N
9057,65069255129,P,11500,Huong Varg                         ,Lima                               ,N,N,N,J,N,KUNDER OVER 18 ÅR MED D-NUMMER     ,N,N,N,N,N,N,N,N,N,N,N
9057,49080255089,P,18500,Sheila Marc                        ,Ølmheim                            ,N,N,N,J,N,KUNDER OVER 18 ÅR MED D-NUMMER     ,N,N,N,N,N,N,N,N,N,N,N
9057,48064952385,P,50700,Rimantas Saima                     ,Mortensen                          ,N,N,N,J,N,KUNDER OVER 18 ÅR MED D-NUMMER     ,N,N,N,N,N,N,N,N,N,N,N
9057,53037657138,P,20000,Åse Irfan                          ,Salte                              ,N,N,N,N,N,KUNDER OVER 18 ÅR MED D-NUMMER     ,N,N,N,N,N,N,N,N,N,N,N
9057,56046311928,P,17000,Tatiana Jan-Inge                   ,Garcia                             ,N,N,N,J,N,KUNDER OVER 18 ÅR MED D-NUMMER     ,N,N,N,N,N,N,N,N,N,N,N
9057,64086251335,P,24000,Konstanse Johnny                   ,Pihl                               ,N,J,N,N,N,KUNDER OVER 18 ÅR MED D-NUMMER     ,N,N,N,N,N,N,N,N,N,N,N
9057,56127100964,P,18500,Gunnbjørg Mattis                   ,Aarseth                            ,N,N,N,J,N,KUNDER OVER 18 ÅR MED D-NUMMER     ,N,N,N,N,N,N,N,N,N,N,N
9057,49077256112,P,39000,Vebjørn Janne                      ,Rognlien                           ,N,N,N,J,N,KUNDER OVER 18 ÅR MED D-NUMMER     ,N,N,N,N,N,N,N,N,N,N,N
9057,45067300827,P,29000,Balder Beatrice                    ,Ingebretsen                        ,N,N,N,J,N,KUNDER OVER 18 ÅR MED D-NUMMER     ,N,N,N,N,N,N,N,N,N,N,N
9057,57116402868,P,29000,Thorbjørn Mirela                   ,Homme                              ,N,N,N,J,N,KUNDER OVER 18 ÅR MED D-NUMMER     ,N,N,N,N,N,N,N,N,N,N,N
9057,51099601896,P,50300,Linda Alv                          ,Hognestad                          ,N,N,N,J,N,KUNDER OVER 18 ÅR MED D-NUMMER     ,N,N,N,N,N,N,N,N,N,N,N
9057,61116477326,P,12000,Oddmar Serina                      ,Romsdal                            ,N,N,N,J,N,KUNDER OVER 18 ÅR MED D-NUMMER     ,N,N,N,N,N,N,N,N,N,N,N
9057,41049601350,P,12000,Petras Ingelin                     ,Riise                              ,N,N,N,J,N,KUNDER OVER 18 ÅR MED D-NUMMER     ,N,N,N,N,N,N,N,N,N,N,N
9057,43069407804,P,18500,Ariel Dmitri                       ,Brattås                            ,N,N,N,J,N,KUNDER OVER 18 ÅR MED D-NUMMER     ,N,N,N,N,N,N,N,N,N,N,N
9057,52027407153,P,20000,Anne-Marte Tollef                  ,Rygg                               ,N,N,N,N,N,KUNDER OVER 18 ÅR MED D-NUMMER     ,N,N,N,N,N,N,N,N,N,N,N
9057,53096354726,P,12000,Beata Rachid                       ,Amin                               ,N,N,N,J,N,KUNDER OVER 18 ÅR MED D-NUMMER     ,N,N,N,N,N,N,N,N,N,N,N
9057,53028853005,P,18000,Skjalg Runa                        ,Engebakken                         ,N,N,N,J,N,KUNDER OVER 18 ÅR MED D-NUMMER     ,N,N,N,N,N,N,N,N,N,N,N
9057,42056400065,P,18500,Shahla Fabio                       ,Myrvoll                            ,N,N,N,J,N,KUNDER OVER 18 ÅR MED D-NUMMER     ,N,N,N,N,N,N,N,N,N,N,N
9057,63127452581,P,27000,Martin Aasa                        ,Borsheim                           ,N,N,N,J,N,KUNDER OVER 18 ÅR MED D-NUMMER     ,N,N,N,N,N,N,N,N,N,N,N
9057,41019915156,P,12000,Jamila Pawel                       ,Furuseth                           ,N,N,N,J,N,KUNDER OVER 18 ÅR MED D-NUMMER     ,N,N,N,N,N,N,N,N,N,N,N
9057,60079900683,P,39000,Torolf Sarah                       ,Aasbø                              ,N,N,N,J,N,KUNDER OVER 18 ÅR MED D-NUMMER     ,N,N,N,N,N,N,N,N,N,N,N
9057,66097715387,P,18500,Liudmila Jann                      ,Granmo                             ,N,N,N,J,N,KUNDER OVER 18 ÅR MED D-NUMMER     ,N,N,N,N,N,N,N,N,N,N,N
9057,51087354524,P,10000,Harald Rowena                      ,Bjørkheim                          ,N,N,N,J,N,KUNDER OVER 18 ÅR MED D-NUMMER     ,N,N,N,N,N,N,N,N,N,N,N
9057,59066201931,P,45000,Othilie Ingvald                    ,Bjerkvik                           ,N,N,N,J,N,KUNDER OVER 18 ÅR MED D-NUMMER     ,N,N,N,N,N,N,N,N,N,N,N
9057,44047276273,P,24000,Maria Agnar                        ,Bakke                              ,N,N,N,J,N,KUNDER OVER 18 ÅR MED D-NUMMER     ,N,N,N,N,N,N,N,N,N,N,N
9057,42109100085,P,24000,Mahad Lis                          ,Ihle                               ,N,N,N,J,N,KUNDER OVER 18 ÅR MED D-NUMMER     ,N,N,N,N,N,N,N,N,N,N,N
9057,43098451766,P,39000,Emilio Gerda                       ,Idsø                               ,N,N,N,J,N,KUNDER OVER 18 ÅR MED D-NUMMER     ,N,N,N,N,N,N,N,N,N,N,N
9057,45125852010,P,45000,Cesilie Benny                      ,Nordtømme                          ,N,N,N,J,N,KUNDER OVER 18 ÅR MED D-NUMMER     ,N,N,N,N,N,N,N,N,N,N,N
9057,47055251564,P,35000,Vasile Signhild                    ,Solvik                             ,N,N,N,N,N,KUNDER OVER 18 ÅR MED D-NUMMER     ,N,N,N,N,N,N,N,N,N,N,N
9057,44064401103,P,10000,Torsten Annette                    ,Thorbjørnsen                       ,N,N,N,N,N,KUNDER OVER 18 ÅR MED D-NUMMER     ,N,N,N,N,N,N,N,N,N,N,N
9057,59095600497,P,12000,Elke Thorgeir                      ,Farooq                             ,N,N,N,J,N,KUNDER OVER 18 ÅR MED D-NUMMER     ,N,N,N,N,N,N,N,N,N,N,N
9057,64018758162,P,17000,Moa Sune                           ,Øvrebø                             ,N,N,N,J,N,KUNDER OVER 18 ÅR MED D-NUMMER     ,N,N,N,N,N,N,N,N,N,N,N
9057,50067508545,P,40000,Mali Styrk                         ,Hjelmeland                         ,N,N,N,J,N,KUNDER OVER 18 ÅR MED D-NUMMER     ,N,N,N,N,N,N,N,N,N,N,N
9057,42036275140,P,50700,Joar Anett                         ,Nordstrøm                          ,N,N,N,J,N,KUNDER OVER 18 ÅR MED D-NUMMER     ,N,N,N,N,N,N,N,N,N,N,N
9057,51066758501,P,29000,Tom-Arne Gintare                   ,Wagner                             ,N,N,N,J,N,KUNDER OVER 18 ÅR MED D-NUMMER     ,N,N,N,N,N,N,N,N,N,N,N
9057,58017352618,P,18500,Isaac Janet                        ,Soltveit                           ,N,J,N,J,N,KUNDER OVER 18 ÅR MED D-NUMMER     ,N,N,N,N,N,N,N,N,N,N,N
9057,58096652915,P,20000,Olga Mathis                        ,Krog                               ,N,J,N,J,N,KUNDER OVER 18 ÅR MED D-NUMMER     ,N,N,N,N,N,N,N,N,N,N,N
9057,54037604863,P,12000,Mille Steingrim                    ,Austad                             ,N,N,N,J,N,KUNDER OVER 18 ÅR MED D-NUMMER     ,N,N,N,N,N,N,N,N,N,N,N
9057,67069076308,P,12000,Livar Olina                        ,Bang                               ,N,N,N,J,N,KUNDER OVER 18 ÅR MED D-NUMMER     ,N,N,N,N,N,N,N,N,N,N,N
9057,62019350377,P,12000,Winnie Mirza                       ,Engebakken                         ,N,N,N,J,N,KUNDER OVER 18 ÅR MED D-NUMMER     ,N,N,N,N,N,N,N,N,N,N,N
9057,57027301942,P,17500,Susana Leiv                        ,Valberg                            ,N,N,N,J,N,KUNDER OVER 18 ÅR MED D-NUMMER     ,N,N,N,N,N,N,N,N,N,N,N
9057,57106175901,P,18500,Julio Franziska                    ,Torvund                            ,N,N,N,J,N,KUNDER OVER 18 ÅR MED D-NUMMER     ,N,N,N,N,N,N,N,N,N,N,N
9057,64026904364,P,11000,Stella Tristan                     ,Berget                             ,N,N,N,J,N,KUNDER OVER 18 ÅR MED D-NUMMER     ,N,N,N,N,N,N,N,N,N,N,N
9057,68095005733,P,11000,Teodor Edle                        ,Frøyland                           ,N,N,N,J,N,KUNDER OVER 18 ÅR MED D-NUMMER     ,N,N,N,N,N,N,N,N,N,N,N
9057,52109156779,P,12000,Werner Filippa                     ,Osmundsen                          ,N,N,N,J,N,KUNDER OVER 18 ÅR MED D-NUMMER     ,N,N,N,N,N,N,N,N,N,N,N
9057,53118353583,P,17000,Radoslaw Elisa                     ,Langlo                             ,N,N,N,J,N,KUNDER OVER 18 ÅR MED D-NUMMER     ,N,N,N,N,N,N,N,N,N,N,N
9057,67078901311,P,35000,Tron Marilyn                       ,Holtet                             ,N,N,N,J,N,KUNDER OVER 18 ÅR MED D-NUMMER     ,N,N,N,N,N,N,N,N,N,N,N
9057,68050356764,P,12000,Rut Odd-Arne                       ,Mæhle                              ,N,N,N,J,N,KUNDER OVER 18 ÅR MED D-NUMMER     ,N,N,N,N,N,N,N,N,N,N,N
9057,55056102344,P,27500,Dick Benthe                        ,Sannes                             ,N,N,N,J,N,KUNDER OVER 18 ÅR MED D-NUMMER     ,N,N,N,N,N,N,N,N,N,N,N
9057,68039253236,P,27000,Knud Mai-Britt                     ,Søfteland                          ,N,N,N,J,N,KUNDER OVER 18 ÅR MED D-NUMMER     ,N,N,N,N,N,N,N,N,N,N,N
9057,61039700459,P,12000,Cesar May-Liss                     ,Åsheim                             ,N,N,N,J,N,KUNDER OVER 18 ÅR MED D-NUMMER     ,N,N,N,N,N,N,N,N,N,N,N
9057,55088454358,P,12000,Bibbi Kenny                        ,Fadnes                             ,N,N,N,J,N,KUNDER OVER 18 ÅR MED D-NUMMER     ,N,N,N,N,N,N,N,N,N,N,N
9057,61038755683,P,12000,Sina Bernt                         ,Løvlie                             ,N,N,N,J,N,KUNDER OVER 18 ÅR MED D-NUMMER     ,N,N,N,N,N,N,N,N,N,N,N
9057,44119506120,P,12000,Kjersti Sune                       ,Kjøde                              ,N,N,N,J,N,KUNDER OVER 18 ÅR MED D-NUMMER     ,N,N,N,N,N,N,N,N,N,N,N
9057,41036978013,P,26500,Livar Ann-Cecilie                  ,Warholm                            ,N,J,N,J,N,KUNDER OVER 18 ÅR MED D-NUMMER     ,N,N,N,N,N,N,N,N,N,N,N
9057,67098178381,P,17000,Zdzislaw Åse                       ,Kårstad                            ,N,N,N,J,N,KUNDER OVER 18 ÅR MED D-NUMMER     ,N,N,N,N,N,N,N,N,N,N,N
9057,59080053279,P,16500,Karwan Lillian                     ,Rezai                              ,N,N,N,J,N,KUNDER OVER 18 ÅR MED D-NUMMER     ,N,N,N,N,N,N,N,N,N,N,N
9057,51128700165,P,18500,Ahmed Katrina                      ,Berntzen                           ,N,N,N,N,N,KUNDER OVER 18 ÅR MED D-NUMMER     ,N,N,N,N,N,N,N,N,N,N,N
9057,52079053279,P,31000,Farhad Melinda                     ,Olaussen                           ,N,N,N,J,N,KUNDER OVER 18 ÅR MED D-NUMMER     ,N,N,N,N,N,N,N,N,N,N,N
9057,57087107045,P,32000,Hanan Berhane                      ,Byrkjeland                         ,N,N,N,J,N,KUNDER OVER 18 ÅR MED D-NUMMER     ,N,N,N,N,N,N,N,N,N,N,N
9057,44074751099,P,18500,Gunn Donald                        ,Vaksdal                            ,N,N,N,J,N,KUNDER OVER 18 ÅR MED D-NUMMER     ,N,N,N,N,N,N,N,N,N,N,N
9057,59128208520,P,17500,Karoline Borger                    ,Ravnås                             ,N,N,N,J,N,KUNDER OVER 18 ÅR MED D-NUMMER     ,N,N,N,N,N,N,N,N,N,N,N
9057,66020358808,P,13000,Sina Carsten                       ,Molund                             ,N,N,N,J,N,KUNDER OVER 18 ÅR MED D-NUMMER     ,N,N,N,N,N,N,N,N,N,N,N
9057,55047505746,P,17000,Kolbjørn Sigrid                    ,Alsvik                             ,N,N,N,J,N,KUNDER OVER 18 ÅR MED D-NUMMER     ,N,N,N,N,N,N,N,N,N,N,N
9057,67056707961,P,16000,Marton Siril                       ,Indahl                             ,N,N,N,J,N,KUNDER OVER 18 ÅR MED D-NUMMER     ,N,N,N,N,N,N,N,N,N,N,N
9057,51068451608,P,10000,Juozas Sienna                      ,Kiil                               ,N,J,N,J,N,KUNDER OVER 18 ÅR MED D-NUMMER     ,N,N,N,N,N,N,N,N,N,N,N
9057,51045057198,P,22000,Szymon Christiane                  ,Sandøy                             ,N,J,N,J,N,KUNDER OVER 18 ÅR MED D-NUMMER     ,N,N,N,N,N,N,N,N,N,N,N
9057,59023108016,P,10000,Martin Svanhild                    ,Espeseth                           ,N,N,N,J,N,KUNDER OVER 18 ÅR MED D-NUMMER     ,N,N,N,N,N,N,N,N,N,N,N
9057,41017302165,P,23000,Bernhard Pamela                    ,Enoksen                            ,N,N,N,J,N,KUNDER OVER 18 ÅR MED D-NUMMER     ,N,N,N,N,N,N,N,N,N,N,N
9057,56056476216,P,13500,Maret Per-Kristian                 ,Grude                              ,N,N,N,J,N,KUNDER OVER 18 ÅR MED D-NUMMER     ,N,N,N,N,N,N,N,N,N,N,N
9057,62076300580,P,18500,Jan-Fredrik Viktorija              ,Yilmaz                             ,N,N,N,J,N,KUNDER OVER 18 ÅR MED D-NUMMER     ,N,N,N,N,N,N,N,N,N,N,N
9057,70057202511,P,17500,Eiril Henri                        ,Sandven                            ,N,J,N,J,N,KUNDER OVER 18 ÅR MED D-NUMMER     ,N,N,N,N,N,N,N,N,N,N,N
9057,58017378919,P,39000,Wojciech Klaudia                   ,Rørtveit                           ,N,N,N,J,N,KUNDER OVER 18 ÅR MED D-NUMMER     ,N,N,N,N,N,N,N,N,N,N,N
9057,55126855590,P,39000,Turid Jan-Fredrik                  ,Espedal                            ,N,N,N,J,N,KUNDER OVER 18 ÅR MED D-NUMMER     ,N,N,N,N,N,N,N,N,N,N,N
9057,60088358344,P,50200,Frode Iris                         ,Tjessem                            ,J,N,N,J,N,KUNDER OVER 18 ÅR MED D-NUMMER     ,N,N,N,N,N,N,N,N,N,N,N
9057,49048954005,B,10000,Tanita Knut-Erik                   ,Sunde                              ,N,N,N,J,N,KUNDER OVER 18 ÅR MED D-NUMMER     ,N,N,N,N,N,N,N,N,N,N,N
9057,54115107766,P,35000,Lilia Mathis                       ,Bækken                             ,N,N,N,J,N,KUNDER OVER 18 ÅR MED D-NUMMER     ,N,N,N,N,N,N,N,N,N,N,N
9057,65099108120,P,10000,Anna Irfan                         ,Østgård                            ,N,N,N,J,N,KUNDER OVER 18 ÅR MED D-NUMMER     ,N,N,N,N,N,N,N,N,N,N,N
9057,49079700389,P,23000,Olle Margrethe                     ,Winge                              ,N,N,N,J,N,KUNDER OVER 18 ÅR MED D-NUMMER     ,N,N,N,N,N,N,N,N,N,N,N
9057,52078851791,P,10000,Beathe Jann                        ,Thorsø                             ,N,N,N,J,N,KUNDER OVER 18 ÅR MED D-NUMMER     ,N,N,N,N,N,N,N,N,N,N,N
9057,45126778752,P,10000,Ilse Ole-Morten                    ,Wu                                 ,N,N,N,J,N,KUNDER OVER 18 ÅR MED D-NUMMER     ,N,N,N,N,N,N,N,N,N,N,N
9057,43074777199,P,18500,Thorsten Belinda                   ,Tverberg                           ,N,N,N,J,N,KUNDER OVER 18 ÅR MED D-NUMMER     ,N,N,N,N,N,N,N,N,N,N,N
9057,56087055774,P,12000,Grazyna Jorulf                     ,Falch                              ,N,N,N,J,N,KUNDER OVER 18 ÅR MED D-NUMMER     ,N,N,N,N,N,N,N,N,N,N,N
9057,46015678976,P,30000,Hazel Maciej                       ,Torvund                            ,N,N,N,J,N,KUNDER OVER 18 ÅR MED D-NUMMER     ,N,N,N,N,N,N,N,N,N,N,N
9057,41017456979,P,17000,Vigdis Anstein                     ,Bauer                              ,N,N,N,J,N,KUNDER OVER 18 ÅR MED D-NUMMER     ,N,N,N,N,N,N,N,N,N,N,N
9057,63098901193,P,39000,Mohamad Øyvor                      ,Midttun                            ,N,N,N,J,N,KUNDER OVER 18 ÅR MED D-NUMMER     ,N,N,N,N,N,N,N,N,N,N,N
9057,55065802332,P,14000,Alisa Babak                        ,Vangen                             ,N,N,N,J,N,KUNDER OVER 18 ÅR MED D-NUMMER     ,N,N,N,N,N,N,N,N,N,N,N
9057,57125952595,P,13000,Frederick Suzanne                  ,Bjerkås                            ,N,N,N,J,N,KUNDER OVER 18 ÅR MED D-NUMMER     ,N,N,N,N,N,N,N,N,N,N,N
9057,53017415235,P,24000,Robertas Marilyn                   ,Sælen                              ,N,N,N,J,N,KUNDER OVER 18 ÅR MED D-NUMMER     ,N,N,N,N,N,N,N,N,N,N,N
9057,62104901765,P,30000,Simona Ireneusz                    ,Onstad                             ,N,N,N,J,N,KUNDER OVER 18 ÅR MED D-NUMMER     ,N,N,N,N,N,N,N,N,N,N,N
9057,64066977682,P,50200,Eivin Debora                       ,Askeland                           ,N,N,N,J,N,KUNDER OVER 18 ÅR MED D-NUMMER     ,N,N,N,N,N,N,N,N,N,N,N
9057,66036975750,P,24000,Yosef Tahira                       ,Solbakk                            ,N,N,N,N,N,KUNDER OVER 18 ÅR MED D-NUMMER     ,N,N,N,N,N,N,N,N,N,N,N
9057,66127675946,P,32000,Fatime Bjørn-Inge                  ,Lynum                              ,N,N,N,J,N,KUNDER OVER 18 ÅR MED D-NUMMER     ,N,N,N,N,N,N,N,N,N,N,N
9057,61099508581,P,11000,Balder Aino                        ,Melby                              ,N,N,N,J,N,KUNDER OVER 18 ÅR MED D-NUMMER     ,N,N,N,N,N,N,N,N,N,N,N
9057,50127407719,P,50700,Fredrik Charlotte                  ,Grønning                           ,N,N,N,J,N,KUNDER OVER 18 ÅR MED D-NUMMER     ,N,N,N,N,N,N,N,N,N,N,N
9057,41019800448,P,16500,Henrik Ariane                      ,Nistad                             ,N,N,N,J,N,KUNDER OVER 18 ÅR MED D-NUMMER     ,N,N,N,N,N,N,N,N,N,N,N
9057,57015600308,P,12000,Mike Stella                        ,Holtet                             ,N,N,N,N,N,KUNDER OVER 18 ÅR MED D-NUMMER     ,N,N,N,N,N,N,N,N,N,N,N
9057,54099305005,P,35000,Kai Anneli                         ,Omer                               ,N,N,N,J,N,KUNDER OVER 18 ÅR MED D-NUMMER     ,N,N,N,N,N,N,N,N,N,N,N
9057,57038551916,P,20000,Huda Kenneth                       ,Høiland                            ,N,J,N,J,N,KUNDER OVER 18 ÅR MED D-NUMMER     ,N,N,N,N,N,N,N,N,N,N,N
9057,62046575992,P,18500,Nicola Marius                      ,Gjermundsen                        ,N,N,N,J,N,KUNDER OVER 18 ÅR MED D-NUMMER     ,N,N,N,N,N,N,N,N,N,N,N
9057,62078677436,P,36000,Elliot Aneta                       ,Hovda                              ,N,N,N,J,N,KUNDER OVER 18 ÅR MED D-NUMMER     ,N,N,N,N,N,N,N,N,N,N,N
9057,45026378307,P,20000,Azad Liva                          ,Storsve                            ,N,N,N,J,N,KUNDER OVER 18 ÅR MED D-NUMMER     ,N,N,N,N,N,N,N,N,N,N,N
9057,63075755475,P,39000,Frode Thilde                       ,Torvund                            ,N,N,N,J,N,KUNDER OVER 18 ÅR MED D-NUMMER     ,N,N,N,N,N,N,N,N,N,N,N
9057,66036255375,P,18500,Amanda Ben                         ,Ring                               ,N,N,N,N,N,KUNDER OVER 18 ÅR MED D-NUMMER     ,N,N,N,N,N,N,N,N,N,N,N
9057,61116807512,P,20000,Fredrik Charlotte                  ,Bruaset                            ,J,N,N,J,N,KUNDER OVER 18 ÅR MED D-NUMMER     ,N,N,N,N,N,N,N,N,N,N,N
9057,57118602937,P,31000,Mahad Greta                        ,Dyrstad                            ,N,N,N,J,N,KUNDER OVER 18 ÅR MED D-NUMMER     ,N,N,N,N,N,N,N,N,N,N,N
9057,63080201232,P,10000,Marianna Dovydas                   ,Mjelde                             ,N,N,N,J,N,KUNDER OVER 18 ÅR MED D-NUMMER     ,N,N,N,N,N,N,N,N,N,N,N
9057,53095956633,P,30000,Thorhild Frederik                  ,Krosby                             ,N,N,N,J,N,KUNDER OVER 18 ÅR MED D-NUMMER     ,N,N,N,N,N,N,N,N,N,N,N
9057,42068275681,P,24000,Annelise Steingrim                 ,Leivestad                          ,N,N,N,J,N,KUNDER OVER 18 ÅR MED D-NUMMER     ,N,N,N,N,N,N,N,N,N,N,N
9057,57105677989,P,13000,Petr Edny                          ,Holmberg                           ,N,N,N,J,N,KUNDER OVER 18 ÅR MED D-NUMMER     ,N,N,N,N,N,N,N,N,N,N,N
9057,66085605519,P,45000,Morteza Christina                  ,Digernes                           ,N,N,N,J,N,KUNDER OVER 18 ÅR MED D-NUMMER     ,N,N,N,N,N,N,N,N,N,N,N
9057,55109156352,P,12000,Fillip Lydia                       ,Reksten                            ,N,N,N,J,N,KUNDER OVER 18 ÅR MED D-NUMMER     ,N,N,N,N,N,N,N,N,N,N,N
9057,55126778138,P,40000,Lise Julio                         ,Askeland                           ,N,N,N,J,N,KUNDER OVER 18 ÅR MED D-NUMMER     ,N,N,N,N,N,N,N,N,N,N,N
9057,70079900654,P,18500,Jens Manuela                       ,Staff                              ,N,N,N,J,N,KUNDER OVER 18 ÅR MED D-NUMMER     ,N,N,N,N,N,N,N,N,N,N,N
9057,64068857773,P,23000,Joacim Ninni                       ,Sjursen                            ,N,N,N,J,N,KUNDER OVER 18 ÅR MED D-NUMMER     ,N,N,N,N,N,N,N,N,N,N,N
9057,45057777323,P,30000,Frithjof Carla                     ,Tønnessen                          ,N,N,N,J,N,KUNDER OVER 18 ÅR MED D-NUMMER     ,N,N,N,N,N,N,N,N,N,N,N
9057,50029507748,P,17000,Asha Haakon                        ,Molund                             ,N,N,N,J,N,KUNDER OVER 18 ÅR MED D-NUMMER     ,N,N,N,N,N,N,N,N,N,N,N
9057,57076554643,P,12000,Andrius Berith                     ,Harestad                           ,N,N,N,J,N,KUNDER OVER 18 ÅR MED D-NUMMER     ,N,N,N,N,N,N,N,N,N,N,N
9057,61108802773,P,30000,Elliot Viviann                     ,Engebakken                         ,N,N,N,J,N,KUNDER OVER 18 ÅR MED D-NUMMER     ,N,N,N,N,N,N,N,N,N,N,N
9057,41057951794,P,20000,Pablo Samira                       ,Gulli                              ,N,N,N,J,N,KUNDER OVER 18 ÅR MED D-NUMMER     ,N,N,N,N,N,N,N,N,N,N,N
9057,51050355008,P,31000,Oskar Anke                         ,Holmøy                             ,N,N,N,J,N,KUNDER OVER 18 ÅR MED D-NUMMER     ,N,N,N,N,N,N,N,N,N,N,N
9057,66097177520,P,14000,Tarjei An-Magritt                  ,Fagerbakke                         ,N,N,N,N,N,KUNDER OVER 18 ÅR MED D-NUMMER     ,N,N,N,N,N,N,N,N,N,N,N
9057,66059350111,P,50700,Sally Sivert                       ,Vestrheim                          ,N,N,N,N,N,KUNDER OVER 18 ÅR MED D-NUMMER     ,N,N,N,N,N,N,N,N,N,N,N
9057,58107307972,P,11000,Pernilla Babak                     ,Kjølstad                           ,N,N,N,J,N,KUNDER OVER 18 ÅR MED D-NUMMER     ,N,N,N,N,N,N,N,N,N,N,N
9057,62119051903,P,16000,Margun Krzysztof                   ,Høiby                              ,N,N,N,J,N,KUNDER OVER 18 ÅR MED D-NUMMER     ,N,N,N,N,N,N,N,N,N,N,N
9057,62109604890,P,31000,Thorbjørn Michelle                 ,Reite                              ,N,N,N,J,N,KUNDER OVER 18 ÅR MED D-NUMMER     ,N,N,N,N,N,N,N,N,N,N,N
9057,47058106824,P,14000,Joan Roald                         ,Hove                               ,N,N,N,J,N,KUNDER OVER 18 ÅR MED D-NUMMER     ,N,N,N,N,N,N,N,N,N,N,N
9057,49128876099,P,50200,Serina Julian                      ,Hella                              ,N,N,N,J,N,KUNDER OVER 18 ÅR MED D-NUMMER     ,N,N,N,N,N,N,N,N,N,N,N
9057,54046377373,P,20000,Thuy Pieter                        ,Iversen                            ,N,N,N,J,N,KUNDER OVER 18 ÅR MED D-NUMMER     ,N,N,N,N,N,N,N,N,N,N,N
9057,57055805891,P,40000,Aigars Mette                       ,Mossige                            ,J,N,N,J,N,KUNDER OVER 18 ÅR MED D-NUMMER     ,N,N,N,N,N,N,N,N,N,N,N
9057,41038600115,P,22000,Daria Erik                         ,Elvebakk                           ,N,N,N,J,N,KUNDER OVER 18 ÅR MED D-NUMMER     ,N,N,N,N,N,N,N,N,N,N,N
9057,45045004930,P,40000,Maia Kim-Andre                     ,Sjøberg                            ,N,N,N,J,N,KUNDER OVER 18 ÅR MED D-NUMMER     ,N,N,N,N,N,N,N,N,N,N,N
9057,45019606647,P,26500,Ib Iselinn                         ,Aulie                              ,N,N,N,J,N,KUNDER OVER 18 ÅR MED D-NUMMER     ,N,N,N,N,N,N,N,N,N,N,N
9057,41019921954,P,16000,Hilde-Gunn Abdulahi                ,Engebretsen                        ,N,N,N,J,N,KUNDER OVER 18 ÅR MED D-NUMMER     ,N,N,N,N,N,N,N,N,N,N,N
9057,56076353374,P,27000,Yosef Jannike                      ,Engebakken                         ,N,N,N,J,N,KUNDER OVER 18 ÅR MED D-NUMMER     ,N,N,N,N,N,N,N,N,N,N,N
9057,53087903962,P,13500,Suzanne Aslak                      ,Olaussen                           ,N,N,N,J,N,KUNDER OVER 18 ÅR MED D-NUMMER     ,N,N,N,N,N,N,N,N,N,N,N
9057,65129005666,P,13500,Trine-Lise Duy                     ,Hætta                              ,N,N,N,N,N,KUNDER OVER 18 ÅR MED D-NUMMER     ,N,N,N,N,N,N,N,N,N,N,N
9057,47018801570,P,30000,Endre Eira                         ,Torkelsen                          ,N,N,N,J,N,KUNDER OVER 18 ÅR MED D-NUMMER     ,N,N,N,N,N,N,N,N,N,N,N
9057,63070175888,P,12000,Zdzislaw Berith                    ,Bruvoll                            ,N,N,N,J,N,KUNDER OVER 18 ÅR MED D-NUMMER     ,N,N,N,N,N,N,N,N,N,N,N
9057,62056300924,P,45000,Ilyas Antonia                      ,Lundemo                            ,N,N,N,J,N,KUNDER OVER 18 ÅR MED D-NUMMER     ,N,N,N,N,N,N,N,N,N,N,N
9057,57049400359,P,30000,Maksim Joanna                      ,Elvebakk                           ,N,N,N,J,N,KUNDER OVER 18 ÅR MED D-NUMMER     ,N,N,N,N,N,N,N,N,N,N,N
9057,47068555937,P,39000,Lillann Oddmund                    ,Valstad                            ,N,N,N,J,N,KUNDER OVER 18 ÅR MED D-NUMMER     ,N,N,N,N,N,N,N,N,N,N,N
9057,60086277509,P,13500,Benedikte Skule                    ,Paulsrud                           ,N,N,N,J,N,KUNDER OVER 18 ÅR MED D-NUMMER     ,N,N,N,N,N,N,N,N,N,N,N
9057,50106805773,P,39000,Anneline Sylwester                 ,Hansen                             ,N,N,N,J,N,KUNDER OVER 18 ÅR MED D-NUMMER     ,N,N,N,N,N,N,N,N,N,N,N
9057,41105078348,P,10000,Balder Anne-Berit                  ,Bergmann                           ,N,N,N,N,N,KUNDER OVER 18 ÅR MED D-NUMMER     ,N,N,N,N,N,N,N,N,N,N,N
9057,59066306172,P,18500,Lisbet Ari                         ,Engebakken                         ,N,N,N,J,N,KUNDER OVER 18 ÅR MED D-NUMMER     ,N,N,N,N,N,N,N,N,N,N,N
9057,54089707504,P,33000,Ruth Jan-Olav                      ,Hasund                             ,N,N,N,J,N,KUNDER OVER 18 ÅR MED D-NUMMER     ,N,N,N,N,N,N,N,N,N,N,N
9057,49056107397,P,50200,Kolbjørn Sari                      ,Frostad                            ,N,N,N,N,N,KUNDER OVER 18 ÅR MED D-NUMMER     ,N,N,N,N,N,N,N,N,N,N,N
9057,46029350957,P,31000,Seline Ireneusz                    ,Enoksen                            ,N,N,N,J,N,KUNDER OVER 18 ÅR MED D-NUMMER     ,N,N,N,N,N,N,N,N,N,N,N
9057,63098678915,P,16500,Ingve Carita                       ,Straume                            ,N,N,N,J,N,KUNDER OVER 18 ÅR MED D-NUMMER     ,N,N,N,N,N,N,N,N,N,N,N
9057,59035557428,P,33000,Felicia Kaj                        ,Fjelde                             ,N,N,N,J,N,KUNDER OVER 18 ÅR MED D-NUMMER     ,N,N,N,N,N,N,N,N,N,N,N
9057,61046175122,P,11500,Janne Abdifatah                    ,Indahl                             ,N,N,N,J,N,KUNDER OVER 18 ÅR MED D-NUMMER     ,N,N,N,N,N,N,N,N,N,N,N
9057,57077377893,P,10000,Lena Valentin                      ,Giske                              ,N,N,N,J,N,KUNDER OVER 18 ÅR MED D-NUMMER     ,N,N,N,N,N,N,N,N,N,N,N
9057,47029806566,P,26500,Hoa Jann                           ,Ringheim                           ,N,N,N,J,N,KUNDER OVER 18 ÅR MED D-NUMMER     ,N,N,N,N,N,N,N,N,N,N,N
9057,62047712314,P,14000,Tristan Ellie                      ,Dalby                              ,N,N,N,J,N,KUNDER OVER 18 ÅR MED D-NUMMER     ,N,N,N,N,N,N,N,N,N,N,N
9057,60117753320,P,20000,Kamil Jonna                        ,Yildirim                           ,N,N,N,J,N,KUNDER OVER 18 ÅR MED D-NUMMER     ,N,N,N,N,N,N,N,N,N,N,N
9057,51045550366,P,20000,Marcelo Tilde                      ,Dreyer                             ,N,N,N,J,N,KUNDER OVER 18 ÅR MED D-NUMMER     ,N,N,N,N,N,N,N,N,N,N,N
9057,52079400181,P,20000,Mirja Dean                         ,Kongsrud                           ,N,N,N,J,N,KUNDER OVER 18 ÅR MED D-NUMMER     ,N,N,N,N,N,N,N,N,N,N,N
9057,61017400974,P,17000,Lars-Kristian Linda                ,Bruun                              ,N,N,N,N,N,KUNDER OVER 18 ÅR MED D-NUMMER     ,N,N,N,N,N,N,N,N,N,N,N
9057,50120078329,P,50700,Weronika Sorin                     ,Ulland                             ,N,N,N,J,N,KUNDER OVER 18 ÅR MED D-NUMMER     ,N,N,N,N,N,N,N,N,N,N,N
9057,64125477567,P,13500,Rimantas Melinda                   ,Øglænd                             ,N,N,N,J,N,KUNDER OVER 18 ÅR MED D-NUMMER     ,N,N,N,N,N,N,N,N,N,N,N
9057,49055806259,P,12000,Peggy Aadne                        ,Norman                             ,N,N,N,J,N,KUNDER OVER 18 ÅR MED D-NUMMER     ,N,N,N,N,N,N,N,N,N,N,N
9057,41115152643,P,40000,Aida Stein-Erik                    ,Kårstad                            ,N,N,N,J,N,KUNDER OVER 18 ÅR MED D-NUMMER     ,N,N,N,N,N,N,N,N,N,N,N
9057,42115102588,P,30000,Mohamad Margaretha                 ,Fure                               ,N,N,N,J,N,KUNDER OVER 18 ÅR MED D-NUMMER     ,N,N,N,N,N,N,N,N,N,N,N
9057,57075954184,P,17000,Rita Ivar                          ,Merkesdal                          ,N,N,N,N,N,KUNDER OVER 18 ÅR MED D-NUMMER     ,N,N,N,N,N,N,N,N,N,N,N
9057,58049605216,P,18500,Andrius Mariel                     ,Osland                             ,N,N,N,J,N,KUNDER OVER 18 ÅR MED D-NUMMER     ,N,N,N,N,N,N,N,N,N,N,N
9057,47129078355,P,50700,Benny Gudlaug                      ,Spilde                             ,N,N,N,J,N,KUNDER OVER 18 ÅR MED D-NUMMER     ,N,N,N,N,N,N,N,N,N,N,N
9057,50117801508,P,17000,Øygunn Hallgeir                    ,Utheim                             ,N,N,N,J,N,KUNDER OVER 18 ÅR MED D-NUMMER     ,N,N,N,N,N,N,N,N,N,N,N
9057,59129406237,P,17000,Solgunn Frank                      ,Indahl                             ,N,N,N,J,N,KUNDER OVER 18 ÅR MED D-NUMMER     ,N,N,N,N,N,N,N,N,N,N,N
9057,65076476742,P,39000,Rina Syed                          ,Sarwar                             ,N,N,N,J,N,KUNDER OVER 18 ÅR MED D-NUMMER     ,N,N,N,N,N,N,N,N,N,N,N
9057,53015175989,P,30000,Ieva Romas                         ,Wagner                             ,N,N,N,J,N,KUNDER OVER 18 ÅR MED D-NUMMER     ,N,N,N,N,N,N,N,N,N,N,N
9057,52019302636,P,10000,Merete Jan-Olav                    ,Svanberg                           ,N,N,N,J,N,KUNDER OVER 18 ÅR MED D-NUMMER     ,N,N,N,N,N,N,N,N,N,N,N
9057,61114876479,P,29000,Lillann Irfan                      ,Eikemo                             ,N,N,N,J,N,KUNDER OVER 18 ÅR MED D-NUMMER     ,N,N,N,N,N,N,N,N,N,N,N
9057,60026656551,P,12000,Dalia Laimonas                     ,Liu                                ,N,N,N,J,N,KUNDER OVER 18 ÅR MED D-NUMMER     ,N,N,N,N,N,N,N,N,N,N,N
9057,48067275163,P,18500,Shahzad Katherine                  ,Skramstad                          ,N,N,N,N,N,KUNDER OVER 18 ÅR MED D-NUMMER     ,N,N,N,N,N,N,N,N,N,N,N
9057,55046906747,P,16000,Benedicte Gregor                   ,Tharaldsen                         ,N,N,N,J,N,KUNDER OVER 18 ÅR MED D-NUMMER     ,N,N,N,N,N,N,N,N,N,N,N
9057,62117311797,P,32000,Emilio Mirja                       ,Bævre                              ,N,N,N,J,N,KUNDER OVER 18 ÅR MED D-NUMMER     ,N,N,N,N,N,N,N,N,N,N,N
9057,43057903164,P,17000,Hallgeir Giske                     ,Tjemsland                          ,N,N,N,J,N,KUNDER OVER 18 ÅR MED D-NUMMER     ,N,N,N,N,N,N,N,N,N,N,N
9057,56029054563,P,50200,Ekaterina Bernt                    ,Mong                               ,J,N,N,J,N,KUNDER OVER 18 ÅR MED D-NUMMER     ,N,N,N,N,N,N,N,N,N,N,N
9057,60089250660,P,10000,Ibrahim Edyta                      ,Fosen                              ,N,N,N,J,N,KUNDER OVER 18 ÅR MED D-NUMMER     ,N,N,N,N,N,N,N,N,N,N,N
9057,45058857428,P,10000,Ole-Jacob Ragni                    ,Johansen                           ,N,N,N,J,N,KUNDER OVER 18 ÅR MED D-NUMMER     ,N,N,N,N,N,N,N,N,N,N,N
9057,41010275405,P,12000,Bibi Tron                          ,Myrvoll                            ,N,N,N,J,N,KUNDER OVER 18 ÅR MED D-NUMMER     ,N,N,N,N,N,N,N,N,N,N,N
9057,56014755948,P,10000,Agnete Folke                       ,Aass                               ,N,N,N,J,N,KUNDER OVER 18 ÅR MED D-NUMMER     ,N,N,N,N,N,N,N,N,N,N,N
9057,61059903356,P,11000,Torkell Kaya                       ,Bredesen                           ,N,N,N,J,N,KUNDER OVER 18 ÅR MED D-NUMMER     ,N,N,N,N,N,N,N,N,N,N,N
9057,51038258927,P,14000,Edgar Wioleta                      ,Arntzen                            ,N,N,N,J,N,KUNDER OVER 18 ÅR MED D-NUMMER     ,N,N,N,N,N,N,N,N,N,N,N
9057,50099077732,P,17000,Idunn Thorgeir                     ,Hjelm                              ,N,N,N,J,N,KUNDER OVER 18 ÅR MED D-NUMMER     ,N,N,N,N,N,N,N,N,N,N,N
9057,48086207691,P,18500,Thorunn Jan-Fredrik                ,Skjørestad                         ,N,N,N,N,N,KUNDER OVER 18 ÅR MED D-NUMMER     ,N,N,N,N,N,N,N,N,N,N,N
9057,61077008399,P,11000,Isaac Shahnaz                      ,Lia                                ,N,N,N,J,N,KUNDER OVER 18 ÅR MED D-NUMMER     ,N,N,N,N,N,N,N,N,N,N,N
9057,44129007424,P,10000,Kai Petrine                        ,Homme                              ,N,N,N,J,N,KUNDER OVER 18 ÅR MED D-NUMMER     ,N,N,N,N,N,N,N,N,N,N,N
9057,67109407558,P,39000,Steven Milica                      ,Husby                              ,N,N,N,J,N,KUNDER OVER 18 ÅR MED D-NUMMER     ,N,N,N,N,N,N,N,N,N,N,N
9057,54048600517,P,20000,Raisa Kian                         ,Høiby                              ,N,N,N,J,N,KUNDER OVER 18 ÅR MED D-NUMMER     ,N,N,N,N,N,N,N,N,N,N,N
9057,43038204565,P,20000,Jasmine Thorvald                   ,Takvam                             ,N,N,N,J,N,KUNDER OVER 18 ÅR MED D-NUMMER     ,N,N,N,N,N,N,N,N,N,N,N
9057,66085875761,P,18500,Gunnvor Kim-Andre                  ,Engebretsen                        ,N,J,N,J,N,KUNDER OVER 18 ÅR MED D-NUMMER     ,N,N,N,N,N,N,N,N,N,N,N
9057,43068903344,P,14000,Franziska Sasa                     ,Engebakken                         ,N,N,N,J,N,KUNDER OVER 18 ÅR MED D-NUMMER     ,N,N,N,N,N,N,N,N,N,N,N
9057,44098852996,P,12000,Maksim Selam                       ,Glad                               ,N,N,N,J,N,KUNDER OVER 18 ÅR MED D-NUMMER     ,N,N,N,N,N,N,N,N,N,N,N
9057,53089708601,P,12000,Yassin Vita                        ,Melbø                              ,N,N,N,J,N,KUNDER OVER 18 ÅR MED D-NUMMER     ,N,N,N,N,N,N,N,N,N,N,N
9057,46126476566,P,20000,Hedda Jorulf                       ,Hopland                            ,N,N,N,J,N,KUNDER OVER 18 ÅR MED D-NUMMER     ,N,N,N,N,N,N,N,N,N,N,N
9057,57056804007,P,18500,Shahid Beth                        ,Eidsheim                           ,N,N,N,J,N,KUNDER OVER 18 ÅR MED D-NUMMER     ,N,N,N,N,N,N,N,N,N,N,N
9057,66127307521,P,17000,Ole-Morten Edna                    ,Wisløff                            ,N,N,N,J,N,KUNDER OVER 18 ÅR MED D-NUMMER     ,N,N,N,N,N,N,N,N,N,N,N
9057,48030253402,P,14000,Daiva Aadne                        ,Wagner                             ,N,N,N,J,N,KUNDER OVER 18 ÅR MED D-NUMMER     ,N,N,N,N,N,N,N,N,N,N,N
9057,66106452580,P,20000,Carolyn Tristan                    ,Østgaard                           ,N,N,N,J,N,KUNDER OVER 18 ÅR MED D-NUMMER     ,N,N,N,N,N,N,N,N,N,N,N
9057,68016904159,P,12000,Wenke Audun                        ,Sangolt                            ,N,N,N,J,N,KUNDER OVER 18 ÅR MED D-NUMMER     ,N,N,N,N,N,N,N,N,N,N,N
9057,50080353623,P,35000,Katrine Geir-Arne                  ,Stenersen                          ,N,N,N,J,N,KUNDER OVER 18 ÅR MED D-NUMMER     ,N,N,N,N,N,N,N,N,N,N,N
9057,44067454097,P,26500,Reid Thea                          ,Wie                                ,N,N,N,J,N,KUNDER OVER 18 ÅR MED D-NUMMER     ,N,N,N,N,N,N,N,N,N,N,N
9057,49099004354,P,17000,Marion Mahdi                       ,Torkelsen                          ,N,N,N,J,N,KUNDER OVER 18 ÅR MED D-NUMMER     ,N,N,N,N,N,N,N,N,N,N,N
9057,52077153586,P,17500,Vesna Umar                         ,Rognlien                           ,N,N,N,J,N,KUNDER OVER 18 ÅR MED D-NUMMER     ,N,N,N,N,N,N,N,N,N,N,N
9057,48119151492,P,29000,Victor Gabriele                    ,Tandstad                           ,J,N,N,J,N,KUNDER OVER 18 ÅR MED D-NUMMER     ,N,N,N,N,N,N,N,N,N,N,N
9057,58079706181,P,18500,Nils Greta                         ,Trengereid                         ,N,N,N,J,N,KUNDER OVER 18 ÅR MED D-NUMMER     ,N,N,N,N,N,N,N,N,N,N,N
9057,45078408719,P,16500,Jafar Weronica                     ,Halse                              ,N,N,N,J,N,KUNDER OVER 18 ÅR MED D-NUMMER     ,N,N,N,N,N,N,N,N,N,N,N
9057,58078478584,P,27500,Agnete Folke                       ,Buan                               ,N,N,N,J,N,KUNDER OVER 18 ÅR MED D-NUMMER     ,N,N,N,N,N,N,N,N,N,N,N
9057,55045400378,P,16500,Brynhild Thor-Arne                 ,Myhren                             ,N,N,N,J,N,KUNDER OVER 18 ÅR MED D-NUMMER     ,N,N,N,N,N,N,N,N,N,N,N
9057,66067158742,P,50700,Morteza Mariel                     ,Bibi                               ,N,N,N,J,N,KUNDER OVER 18 ÅR MED D-NUMMER     ,N,N,N,N,N,N,N,N,N,N,N
9057,68115707950,P,29000,Iryna Stuart                       ,Olaisen                            ,N,N,N,J,N,KUNDER OVER 18 ÅR MED D-NUMMER     ,N,N,N,N,N,N,N,N,N,N,N
9057,48099001863,P,27500,Svanaug Adem                       ,Bibi                               ,N,N,N,J,N,KUNDER OVER 18 ÅR MED D-NUMMER     ,N,N,N,N,N,N,N,N,N,N,N
9057,47025006344,P,12000,Diane Sture                        ,Ervik                              ,N,N,N,J,N,KUNDER OVER 18 ÅR MED D-NUMMER     ,N,N,N,N,N,N,N,N,N,N,N
9057,49068503719,P,24000,Usman Naima                        ,Sæterbø                            ,N,N,N,J,N,KUNDER OVER 18 ÅR MED D-NUMMER     ,N,N,N,N,N,N,N,N,N,N,N
9057,45107209550,P,40000,Dumitru Antonia                    ,Jøssang                            ,N,N,N,J,N,KUNDER OVER 18 ÅR MED D-NUMMER     ,N,N,N,N,N,N,N,N,N,N,N
9057,60024175580,P,10000,Reid Jurate                        ,Trengereid                         ,N,N,N,J,N,KUNDER OVER 18 ÅR MED D-NUMMER     ,N,N,N,N,N,N,N,N,N,N,N
9057,42059153239,P,10000,Teodor Emilia                      ,Midthun                            ,N,N,N,J,N,KUNDER OVER 18 ÅR MED D-NUMMER     ,N,N,N,N,N,N,N,N,N,N,N
9057,61115706518,P,12000,Jorun Almar                        ,Eriksson                           ,N,N,N,N,N,KUNDER OVER 18 ÅR MED D-NUMMER     ,N,N,N,N,N,N,N,N,N,N,N
9057,49068405970,P,14000,Martyna Jari                       ,Aslaksen                           ,N,N,N,J,N,KUNDER OVER 18 ÅR MED D-NUMMER     ,N,N,N,N,N,N,N,N,N,N,N
9057,63116810303,P,40000,Benita Rune                        ,Solvik                             ,N,N,N,J,N,KUNDER OVER 18 ÅR MED D-NUMMER     ,N,N,N,N,N,N,N,N,N,N,N
9057,55016178356,P,20000,Turid Jan-Fredrik                  ,Askeland                           ,N,N,N,J,N,KUNDER OVER 18 ÅR MED D-NUMMER     ,N,N,N,N,N,N,N,N,N,N,N
9057,54109103252,P,18000,Rønnaug Jann                       ,Rakvåg                             ,N,N,N,J,N,KUNDER OVER 18 ÅR MED D-NUMMER     ,N,N,N,N,N,N,N,N,N,N,N
9057,66115604067,P,17000,Yohannes Lily                      ,Meidell                            ,N,N,N,J,N,KUNDER OVER 18 ÅR MED D-NUMMER     ,N,N,N,N,N,N,N,N,N,N,N
9057,49118458787,P,12000,Cecilia Dean                       ,Solheim                            ,N,N,N,J,N,KUNDER OVER 18 ÅR MED D-NUMMER     ,N,N,N,N,N,N,N,N,N,N,N
9057,55106151724,P,50200,Ågot Matias                        ,Askvik                             ,N,N,N,N,N,KUNDER OVER 18 ÅR MED D-NUMMER     ,N,N,N,N,N,N,N,N,N,N,N
9057,48088854953,P,18500,May-Kristin Billy                  ,Hop                                ,N,N,N,J,N,KUNDER OVER 18 ÅR MED D-NUMMER     ,N,N,N,N,N,N,N,N,N,N,N
9057,53117475189,P,20000,Ramune Herleif                     ,Tharaldsen                         ,N,N,N,N,N,KUNDER OVER 18 ÅR MED D-NUMMER     ,N,N,N,N,N,N,N,N,N,N,N
9057,43080350512,P,10000,Ravn Eileen                        ,Nymoen                             ,N,N,N,J,N,KUNDER OVER 18 ÅR MED D-NUMMER     ,N,N,N,N,N,N,N,N,N,N,N
9057,46127903069,P,10000,Kjærsti Alex                       ,Flesland                           ,N,N,N,J,N,KUNDER OVER 18 ÅR MED D-NUMMER     ,N,N,N,N,N,N,N,N,N,N,N
9057,66095809996,P,26500,Birgit Idris                       ,Utheim                             ,N,N,N,J,N,KUNDER OVER 18 ÅR MED D-NUMMER     ,N,N,N,N,N,N,N,N,N,N,N
9057,51096602190,P,23000,Tommy Ann-Kathrin                  ,Willumsen                          ,N,N,N,J,N,KUNDER OVER 18 ÅR MED D-NUMMER     ,N,N,N,N,N,N,N,N,N,N,N
9057,68127806377,P,39000,Kolbjørn Cindy                     ,Engebretsen                        ,N,N,N,J,N,KUNDER OVER 18 ÅR MED D-NUMMER     ,N,N,N,N,N,N,N,N,N,N,N
9057,42068051783,P,29000,Tonje Øyvind                       ,Mannes                             ,N,N,N,J,N,KUNDER OVER 18 ÅR MED D-NUMMER     ,N,N,N,N,N,N,N,N,N,N,N
9057,57035577051,P,10000,Dora Ivo                           ,Husum                              ,N,N,N,N,N,KUNDER OVER 18 ÅR MED D-NUMMER     ,N,N,N,N,N,N,N,N,N,N,N
9057,50115603954,P,18500,Ben Iveta                          ,Gregersen                          ,N,N,N,J,N,KUNDER OVER 18 ÅR MED D-NUMMER     ,N,N,N,N,N,N,N,N,N,N,N
9057,49048302318,P,26500,Joacim Saba                        ,Overå                              ,N,N,N,J,N,KUNDER OVER 18 ÅR MED D-NUMMER     ,N,N,N,N,N,N,N,N,N,N,N
9057,59057453502,P,12000,Joacim Ann-Cathrin                 ,Wik                                ,N,N,N,J,N,KUNDER OVER 18 ÅR MED D-NUMMER     ,N,N,N,N,N,N,N,N,N,N,N
9057,55116202777,P,18500,Almaz Asbjørn                      ,Skjørestad                         ,N,N,N,J,N,KUNDER OVER 18 ÅR MED D-NUMMER     ,N,N,N,N,N,N,N,N,N,N,N
9057,46034477345,P,26000,Andrej Jurate                      ,Haugsdal                           ,N,N,N,J,N,KUNDER OVER 18 ÅR MED D-NUMMER     ,N,N,N,N,N,N,N,N,N,N,N
9057,61096351339,P,20000,Andreea Stuart                     ,Ramfjord                           ,N,N,N,J,N,KUNDER OVER 18 ÅR MED D-NUMMER     ,N,N,N,N,N,N,N,N,N,N,N
9057,60046251590,P,30000,Heine Stephanie                    ,Holst                              ,N,N,N,J,N,KUNDER OVER 18 ÅR MED D-NUMMER     ,N,N,N,N,N,N,N,N,N,N,N
9057,54027912535,P,14000,Svanaug Juozas                     ,Indahl                             ,N,N,N,J,N,KUNDER OVER 18 ÅR MED D-NUMMER     ,N,N,N,N,N,N,N,N,N,N,N
9057,41097306379,P,12000,Mehmed Frøydis                     ,Eik                                ,N,N,N,J,N,KUNDER OVER 18 ÅR MED D-NUMMER     ,N,N,N,N,N,N,N,N,N,N,N
9057,46115654381,P,45000,Synneva Thorleif                   ,Nilsson                            ,N,N,N,J,N,KUNDER OVER 18 ÅR MED D-NUMMER     ,N,N,N,N,N,N,N,N,N,N,N
9057,70017408192,P,40000,Gard Wanja                         ,Kibsgaard                          ,N,N,N,J,N,KUNDER OVER 18 ÅR MED D-NUMMER     ,N,N,N,N,N,N,N,N,N,N,N
9057,60097255329,P,27500,Thorsten Tordis                    ,Mjånes                             ,N,N,N,J,N,KUNDER OVER 18 ÅR MED D-NUMMER     ,N,N,N,N,N,N,N,N,N,N,N
9057,65086303544,P,20000,Torkell Alina                      ,Wergeland                          ,N,N,N,J,N,KUNDER OVER 18 ÅR MED D-NUMMER     ,N,N,N,N,N,N,N,N,N,N,N
9057,49018101784,P,32000,Neil Henrikke                      ,Krogstad                           ,N,N,N,J,N,KUNDER OVER 18 ÅR MED D-NUMMER     ,N,N,N,N,N,N,N,N,N,N,N
9057,68046204526,P,50200,Oddfrid Aleksandrs                 ,Svanevik                           ,N,N,N,N,N,KUNDER OVER 18 ÅR MED D-NUMMER     ,N,N,N,N,N,N,N,N,N,N,N
9057,67048057834,P,12000,Inga Leszek                        ,Lindland                           ,N,N,N,J,N,KUNDER OVER 18 ÅR MED D-NUMMER     ,N,N,N,N,N,N,N,N,N,N,N
9057,49085754725,P,17000,Sajjad Thuy                        ,Grude                              ,N,N,N,J,N,KUNDER OVER 18 ÅR MED D-NUMMER     ,N,N,N,N,N,N,N,N,N,N,N
9057,54045805894,P,16000,Jo Eirunn                          ,Indahl                             ,N,N,N,N,N,KUNDER OVER 18 ÅR MED D-NUMMER     ,N,N,N,N,N,N,N,N,N,N,N
9057,66057006545,P,26500,Shukri Mikko                       ,Rossebø                            ,N,N,N,J,N,KUNDER OVER 18 ÅR MED D-NUMMER     ,N,N,N,N,N,N,N,N,N,N,N
9057,56069703157,P,11000,Evy Duy                            ,Engebakken                         ,N,N,N,J,N,KUNDER OVER 18 ÅR MED D-NUMMER     ,N,N,N,N,N,N,N,N,N,N,N
9057,50084353555,P,24000,Ayse Herleif                       ,Wallin                             ,N,N,N,J,N,KUNDER OVER 18 ÅR MED D-NUMMER     ,N,N,N,N,N,N,N,N,N,N,N
9057,48039008559,P,17000,Hatice Bastian                     ,Karlstrøm                          ,N,N,N,J,N,KUNDER OVER 18 ÅR MED D-NUMMER     ,N,N,N,N,N,N,N,N,N,N,N
9057,50108958569,P,12000,Mike Ingegerd                      ,Helseth                            ,N,N,N,J,N,KUNDER OVER 18 ÅR MED D-NUMMER     ,N,N,N,N,N,N,N,N,N,N,N
9057,51035304685,P,18500,May-Liss Njål                      ,Rekdal                             ,N,N,N,J,N,KUNDER OVER 18 ÅR MED D-NUMMER     ,N,N,N,N,N,N,N,N,N,N,N
9057,44024775833,P,14000,Joacim Bergit                      ,Selstad                            ,N,N,N,J,N,KUNDER OVER 18 ÅR MED D-NUMMER     ,N,N,N,N,N,N,N,N,N,N,N
9057,43057878402,P,20000,Ingebjørg Jann                     ,Linnerud                           ,N,N,J,J,N,KUNDER OVER 18 ÅR MED D-NUMMER     ,N,N,N,N,N,N,N,N,N,N,N
9057,67039508718,P,11000,Tordis Istvan                      ,Khan                               ,N,N,N,J,N,KUNDER OVER 18 ÅR MED D-NUMMER     ,N,N,N,N,N,N,N,N,N,N,N
9057,58037477379,P,18500,Dawid Sabine                       ,Wikstrøm                           ,N,N,N,J,N,KUNDER OVER 18 ÅR MED D-NUMMER     ,N,N,N,N,N,N,N,N,N,N,N
9057,59060156861,P,40000,Kirsti Leon                        ,Vedvik                             ,N,N,N,J,N,KUNDER OVER 18 ÅR MED D-NUMMER     ,N,N,N,N,N,N,N,N,N,N,N
9057,68047713556,P,20000,Josefine Rytis                     ,Lilleengen                         ,N,N,N,J,N,KUNDER OVER 18 ÅR MED D-NUMMER     ,N,N,N,N,N,N,N,N,N,N,N
9057,58108955919,P,39000,Skjalg Justina                     ,Mehmood                            ,N,N,N,J,N,KUNDER OVER 18 ÅR MED D-NUMMER     ,N,N,N,N,N,N,N,N,N,N,N
9057,68058001736,P,27500,Abdirashid Christina               ,Indahl                             ,N,N,N,J,N,KUNDER OVER 18 ÅR MED D-NUMMER     ,N,N,N,N,N,N,N,N,N,N,N
9057,61016350191,P,17000,Gurine Øyvind                      ,Aamot                              ,N,N,N,J,N,KUNDER OVER 18 ÅR MED D-NUMMER     ,N,N,N,N,N,N,N,N,N,N,N
9057,65075604291,P,35000,Bjarte Nan                         ,Rohde                              ,N,N,N,J,N,KUNDER OVER 18 ÅR MED D-NUMMER     ,N,N,N,N,N,N,N,N,N,N,N
9057,68089151426,P,30000,My Dani                            ,Krosby                             ,N,N,N,J,N,KUNDER OVER 18 ÅR MED D-NUMMER     ,N,N,N,N,N,N,N,N,N,N,N
9057,65126003913,P,45000,Juan Joyce                         ,Bauge                              ,N,N,N,J,N,KUNDER OVER 18 ÅR MED D-NUMMER     ,N,N,N,N,N,N,N,N,N,N,N
9057,42088508127,P,40000,Asle Aline                         ,Myrdal                             ,N,N,N,J,N,KUNDER OVER 18 ÅR MED D-NUMMER     ,N,N,N,N,N,N,N,N,N,N,N
9057,50045406153,P,16500,Melina Samuel                      ,Engebakken                         ,N,N,N,J,N,KUNDER OVER 18 ÅR MED D-NUMMER     ,N,N,N,N,N,N,N,N,N,N,N
9057,48045701746,P,16000,Lene Sinisa                        ,Do                                 ,N,N,N,J,N,KUNDER OVER 18 ÅR MED D-NUMMER     ,N,N,N,N,N,N,N,N,N,N,N
9057,46126600526,P,20000,Bente Wiktor                       ,Leidland                           ,N,N,N,J,N,KUNDER OVER 18 ÅR MED D-NUMMER     ,N,N,N,N,N,N,N,N,N,N,N
9057,61059900470,P,12000,Endre Sigrun                       ,Selmer                             ,N,N,N,J,N,KUNDER OVER 18 ÅR MED D-NUMMER     ,N,N,N,N,N,N,N,N,N,N,N
9057,50119207905,P,13500,Runa Frank                         ,Skjærvik                           ,N,N,N,J,N,KUNDER OVER 18 ÅR MED D-NUMMER     ,N,N,N,N,N,N,N,N,N,N,N
9057,49115976701,P,10000,Safia Hai                          ,Smeby                              ,N,J,N,J,N,KUNDER OVER 18 ÅR MED D-NUMMER     ,N,N,N,N,N,N,N,N,N,N,N
9057,60088805944,P,12000,Vanessa Jan-Fredrik                ,Lydersen                           ,N,N,N,J,N,KUNDER OVER 18 ÅR MED D-NUMMER     ,N,N,N,N,N,N,N,N,N,N,N
9057,54078905940,P,12000,Livar Marna                        ,Viddal                             ,N,N,N,J,N,KUNDER OVER 18 ÅR MED D-NUMMER     ,N,N,N,N,N,N,N,N,N,N,N
9057,62056006066,P,22000,Asbjørg Ivo                        ,Egenes                             ,N,N,N,J,N,KUNDER OVER 18 ÅR MED D-NUMMER     ,N,N,N,N,N,N,N,N,N,N,N
9057,53039806661,P,20000,Tadeusz Ellinor                    ,Stuen                              ,N,N,N,J,N,KUNDER OVER 18 ÅR MED D-NUMMER     ,N,N,N,N,N,N,N,N,N,N,N
9057,55026256320,P,29000,Asha Milian                        ,Høye                               ,N,N,N,J,N,KUNDER OVER 18 ÅR MED D-NUMMER     ,N,N,N,N,N,N,N,N,N,N,N
9057,46047656370,P,20000,Mie Ion                            ,Gregersen                          ,N,N,N,J,N,KUNDER OVER 18 ÅR MED D-NUMMER     ,N,N,N,N,N,N,N,N,N,N,N
9057,58126152939,P,30000,Hroar Ulla                         ,Bjørsvik                           ,N,N,N,J,N,KUNDER OVER 18 ÅR MED D-NUMMER     ,N,N,N,N,N,N,N,N,N,N,N
9057,60047853454,P,16500,Livar Anne-Berit                   ,Igland                             ,N,N,N,J,N,KUNDER OVER 18 ÅR MED D-NUMMER     ,N,N,N,N,N,N,N,N,N,N,N
9057,61039108053,P,17000,Edny Mikko                         ,Blindheim                          ,N,N,N,J,N,KUNDER OVER 18 ÅR MED D-NUMMER     ,N,N,N,N,N,N,N,N,N,N,N
9057,48029405657,P,26500,Janna Sivert                       ,Pham                               ,N,N,N,J,N,KUNDER OVER 18 ÅR MED D-NUMMER     ,N,N,N,N,N,N,N,N,N,N,N
9057,44029501367,P,17000,Siril Steingrim                    ,Gunnerud                           ,N,N,N,J,N,KUNDER OVER 18 ÅR MED D-NUMMER     ,N,N,N,N,N,N,N,N,N,N,N
9057,56129275524,P,39000,Debora Dmitri                      ,Bredesen                           ,N,N,N,J,N,KUNDER OVER 18 ÅR MED D-NUMMER     ,N,N,N,N,N,N,N,N,N,N,N
9057,57018954542,P,10000,Renata Stuart                      ,Hella                              ,N,N,N,J,N,KUNDER OVER 18 ÅR MED D-NUMMER     ,N,N,N,N,N,N,N,N,N,N,N
9057,55056750281,P,29000,Berta Sturla                       ,Askeland                           ,N,N,N,J,N,KUNDER OVER 18 ÅR MED D-NUMMER     ,N,N,N,N,N,N,N,N,N,N,N
9057,65036157326,P,23000,Ubah Tristan                       ,Wagner                             ,N,N,N,J,N,KUNDER OVER 18 ÅR MED D-NUMMER     ,N,N,N,N,N,N,N,N,N,N,N
9057,57129602955,P,29000,Torleiv Birgit                     ,Kim                                ,N,N,N,J,N,KUNDER OVER 18 ÅR MED D-NUMMER     ,N,N,N,N,N,N,N,N,N,N,N
9057,69066002179,P,18500,Andrius Elida                      ,Holmøy                             ,N,N,N,J,N,KUNDER OVER 18 ÅR MED D-NUMMER     ,N,N,N,N,N,N,N,N,N,N,N
9057,59116507743,P,16000,Amna Ingvard                       ,Nguyen                             ,N,N,N,J,N,KUNDER OVER 18 ÅR MED D-NUMMER     ,N,N,N,N,N,N,N,N,N,N,N
9057,56027878097,P,45000,Benny Borger                       ,Hegge                              ,N,N,N,J,N,KUNDER OVER 18 ÅR MED D-NUMMER     ,N,N,N,N,N,N,N,N,N,N,N
9057,56018276513,P,12000,Biniam Trine                       ,Ekeland                            ,N,N,N,J,N,KUNDER OVER 18 ÅR MED D-NUMMER     ,N,N,N,N,N,N,N,N,N,N,N
9057,51046554306,P,12000,Aasta Kolbein                      ,Qvale                              ,N,N,N,J,N,KUNDER OVER 18 ÅR MED D-NUMMER     ,N,N,N,N,N,N,N,N,N,N,N
9057,56109156987,P,26500,Miranda Maciej                     ,Salberg                            ,N,N,N,J,N,KUNDER OVER 18 ÅR MED D-NUMMER     ,N,N,N,N,N,N,N,N,N,N,N
9057,59129378357,P,12000,Agathe Jan-Fredrik                 ,Granli                             ,N,N,N,J,N,KUNDER OVER 18 ÅR MED D-NUMMER     ,N,N,N,N,N,N,N,N,N,N,N
9057,70117701105,P,20000,Mogens Peggy                       ,Dehli                              ,N,N,N,J,N,KUNDER OVER 18 ÅR MED D-NUMMER     ,N,N,N,N,N,N,N,N,N,N,N
9057,45098858796,P,12000,Marcel Hildur                      ,Guttormsen                         ,N,N,N,J,N,KUNDER OVER 18 ÅR MED D-NUMMER     ,N,N,N,N,N,N,N,N,N,N,N
9057,51025006996,P,12000,Esma Bjørge                        ,Skårdal                            ,N,N,N,N,N,KUNDER OVER 18 ÅR MED D-NUMMER     ,N,N,N,N,N,N,N,N,N,N,N
9057,54047953793,P,20000,Cesar Margareta                    ,Ingvaldsen                         ,N,N,N,J,N,KUNDER OVER 18 ÅR MED D-NUMMER     ,N,N,N,N,N,N,N,N,N,N,N
9057,60117304399,P,50200,Åshild Tord                        ,Bergheim                           ,N,N,N,J,N,KUNDER OVER 18 ÅR MED D-NUMMER     ,N,N,N,N,N,N,N,N,N,N,N
9057,68088608376,P,10000,Rolandas Aino                      ,Skarsvåg                           ,N,N,N,J,N,KUNDER OVER 18 ÅR MED D-NUMMER     ,N,N,N,N,N,N,N,N,N,N,N
9057,62038400911,P,50200,Lucyna Ulrik                       ,Stangeland                         ,N,N,N,J,N,KUNDER OVER 18 ÅR MED D-NUMMER     ,N,N,N,N,N,N,N,N,N,N,N
9057,48046809052,P,10000,Zdzislaw Wenke                     ,Wik                                ,N,N,N,J,N,KUNDER OVER 18 ÅR MED D-NUMMER     ,N,N,N,N,N,N,N,N,N,N,N
9057,63045353178,P,23000,Sivert Jannicke                    ,Jahren                             ,N,N,N,J,N,KUNDER OVER 18 ÅR MED D-NUMMER     ,N,N,N,N,N,N,N,N,N,N,N
9057,43045555764,P,10000,Gordon Kjerstin                    ,Leikvoll                           ,N,N,N,J,N,KUNDER OVER 18 ÅR MED D-NUMMER     ,N,N,N,N,N,N,N,N,N,N,N
9057,58058409187,P,10000,Darius Mihaela                     ,Marthinussen                       ,N,N,N,J,N,KUNDER OVER 18 ÅR MED D-NUMMER     ,N,N,N,N,N,N,N,N,N,N,N
9057,62075101142,P,10000,Daria Borger                       ,Arshad                             ,N,N,N,J,N,KUNDER OVER 18 ÅR MED D-NUMMER     ,N,N,N,N,N,N,N,N,N,N,N
9057,45106815821,P,16000,Borger Dina                        ,Askildsen                          ,N,N,N,J,N,KUNDER OVER 18 ÅR MED D-NUMMER     ,N,N,N,N,N,N,N,N,N,N,N
9057,58089101784,P,35000,Youssef Shirley                    ,Hall                               ,N,N,N,J,N,KUNDER OVER 18 ÅR MED D-NUMMER     ,N,N,N,N,N,N,N,N,N,N,N
9057,53124006127,P,11000,Anh Ireneusz                       ,Nedregård                          ,N,N,N,J,N,KUNDER OVER 18 ÅR MED D-NUMMER     ,N,N,N,N,N,N,N,N,N,N,N
9057,54076904939,P,32000,Zdzislaw Dyveke                    ,Sandtorv                           ,N,N,N,J,N,KUNDER OVER 18 ÅR MED D-NUMMER     ,N,N,N,N,N,N,N,N,N,N,N
9057,56056355567,P,10000,Yulia Berhane                      ,Loen                               ,N,N,N,J,N,KUNDER OVER 18 ÅR MED D-NUMMER     ,N,N,N,N,N,N,N,N,N,N,N
9057,49048100960,P,33000,Eivin Alette                       ,Vedal                              ,N,N,N,J,N,KUNDER OVER 18 ÅR MED D-NUMMER     ,N,N,N,N,N,N,N,N,N,N,N
9057,53117708582,P,50300,Betina Florian                     ,Askeland                           ,N,N,N,J,N,KUNDER OVER 18 ÅR MED D-NUMMER     ,N,N,N,N,N,N,N,N,N,N,N
9057,50036952773,P,10000,Stein Ragni                        ,Berthelsen                         ,N,N,N,J,N,KUNDER OVER 18 ÅR MED D-NUMMER     ,N,N,N,N,N,N,N,N,N,N,N
9057,65117005962,P,10000,Karen Benn                         ,Rognlien                           ,N,N,N,N,N,KUNDER OVER 18 ÅR MED D-NUMMER     ,N,N,N,N,N,N,N,N,N,N,N
9057,67119257015,P,17500,Skjalg Sigrund                     ,Sjursen                            ,N,N,N,J,N,KUNDER OVER 18 ÅR MED D-NUMMER     ,N,N,N,N,N,N,N,N,N,N,N
9057,62065356932,P,12000,Bibbi Thorgeir                     ,Rekkedal                           ,N,N,N,J,N,KUNDER OVER 18 ÅR MED D-NUMMER     ,N,N,N,N,N,N,N,N,N,N,N
9057,44076976322,P,31000,Siv-Anita Melvin                   ,Frøshaug                           ,N,N,N,N,N,KUNDER OVER 18 ÅR MED D-NUMMER     ,N,N,N,N,N,N,N,N,N,N,N
9057,44036602772,P,23000,Rukhsana Njål                      ,Indahl                             ,N,N,N,J,N,KUNDER OVER 18 ÅR MED D-NUMMER     ,N,N,N,N,N,N,N,N,N,N,N
9057,48106856926,P,10000,Angela Juozas                      ,Lilleeng                           ,N,N,N,J,N,KUNDER OVER 18 ÅR MED D-NUMMER     ,N,N,N,N,N,N,N,N,N,N,N
9057,47126577571,P,17000,Anita Ivar                         ,Rognlien                           ,N,N,N,J,N,KUNDER OVER 18 ÅR MED D-NUMMER     ,N,N,N,N,N,N,N,N,N,N,N
9057,42017377897,P,30000,Jan-Fredrik Lydia                  ,Røvik                              ,N,N,N,J,N,KUNDER OVER 18 ÅR MED D-NUMMER     ,N,N,N,N,N,N,N,N,N,N,N
9057,45028757941,P,17500,Milica Vilius                      ,Harsvik                            ,N,N,N,J,N,KUNDER OVER 18 ÅR MED D-NUMMER     ,N,N,N,N,N,N,N,N,N,N,N
9057,44059253309,P,18500,Dyveke Romualdas                   ,Utgård                             ,N,N,N,J,N,KUNDER OVER 18 ÅR MED D-NUMMER     ,N,N,N,N,N,N,N,N,N,N,N
9057,58050377774,P,13700,Gyrid Alex                         ,Nydal                              ,N,N,N,J,N,KUNDER OVER 18 ÅR MED D-NUMMER     ,N,N,N,N,N,N,N,N,N,N,N
9057,50089055110,P,12000,Gunnveig Arnvid                    ,Horgen                             ,N,N,N,J,N,KUNDER OVER 18 ÅR MED D-NUMMER     ,N,N,N,N,N,N,N,N,N,N,N
9057,58019707782,P,10000,Bernhard Marija                    ,Gussiås                            ,N,N,N,J,N,KUNDER OVER 18 ÅR MED D-NUMMER     ,N,N,N,N,N,N,N,N,N,N,N
9057,59097604384,P,16000,Johan Shahnaz                      ,Røstad                             ,N,N,N,J,N,KUNDER OVER 18 ÅR MED D-NUMMER     ,N,N,N,N,N,N,N,N,N,N,N
9057,43088477139,P,18000,Annlaug Angel                      ,Borg                               ,N,N,N,J,N,KUNDER OVER 18 ÅR MED D-NUMMER     ,N,N,N,N,N,N,N,N,N,N,N
9057,67085978354,P,18500,Eystein Patrycja                   ,Vågenes                            ,N,N,N,J,N,KUNDER OVER 18 ÅR MED D-NUMMER     ,N,N,N,N,N,N,N,N,N,N,N
9057,41117254389,P,35000,Marian Christen                    ,Nordhagen                          ,N,N,N,J,N,KUNDER OVER 18 ÅR MED D-NUMMER     ,N,N,N,N,N,N,N,N,N,N,N
9057,52118403894,P,11000,Mantas Merete                      ,Olaisen                            ,N,N,N,J,N,KUNDER OVER 18 ÅR MED D-NUMMER     ,N,N,N,N,N,N,N,N,N,N,N
9057,50024557135,P,17000,Christen Hennie                    ,Grude                              ,J,N,N,J,N,KUNDER OVER 18 ÅR MED D-NUMMER     ,N,N,N,N,N,N,N,N,N,N,N
9057,53037156945,P,40000,Marion Elvis                       ,Malmin                             ,N,N,N,J,N,KUNDER OVER 18 ÅR MED D-NUMMER     ,N,N,N,N,N,N,N,N,N,N,N
9057,55047404265,P,18500,Paal Olava                         ,Sjølie                             ,N,N,N,J,N,KUNDER OVER 18 ÅR MED D-NUMMER     ,N,N,N,N,N,N,N,N,N,N,N
9057,45086402134,P,11000,Asha Milian                        ,Becker                             ,N,N,N,J,N,KUNDER OVER 18 ÅR MED D-NUMMER     ,N,N,N,N,N,N,N,N,N,N,N
9057,46108906901,P,50200,Salih Tilla                        ,Habbestad                          ,N,J,N,J,N,KUNDER OVER 18 ÅR MED D-NUMMER     ,N,N,N,N,N,N,N,N,N,N,N
9057,60119358623,P,17000,Vasile Marzena                     ,Dirdal                             ,N,N,N,J,N,KUNDER OVER 18 ÅR MED D-NUMMER     ,N,N,N,N,N,N,N,N,N,N,N
9057,54025456729,P,27500,Afrim Iren                         ,Eie                                ,N,N,N,J,N,KUNDER OVER 18 ÅR MED D-NUMMER     ,N,N,N,N,N,N,N,N,N,N,N
9057,63016753523,P,13000,Johan Brith                        ,Lopez                              ,N,N,N,N,N,KUNDER OVER 18 ÅR MED D-NUMMER     ,N,N,N,N,N,N,N,N,N,N,N
9057,60070100420,P,45000,Lykke Mieczyslaw                   ,Mohamoud                           ,N,N,N,J,N,KUNDER OVER 18 ÅR MED D-NUMMER     ,N,N,N,N,N,N,N,N,N,N,N
9057,57107101545,P,50200,Anne-Gro Asbjørn                   ,Asphaug                            ,N,N,N,J,N,KUNDER OVER 18 ÅR MED D-NUMMER     ,N,N,N,N,N,N,N,N,N,N,N
9057,51095377983,P,24000,Ingjerd Joakim                     ,Fuglestad                          ,N,N,N,J,N,KUNDER OVER 18 ÅR MED D-NUMMER     ,N,N,N,N,N,N,N,N,N,N,N
9057,58056801918,P,29000,Anneline Ionut                     ,Bergem                             ,N,N,N,J,N,KUNDER OVER 18 ÅR MED D-NUMMER     ,N,N,N,N,N,N,N,N,N,N,N
9057,53116953370,P,11500,Karstein Palma                     ,Garcia                             ,N,N,N,J,N,KUNDER OVER 18 ÅR MED D-NUMMER     ,N,N,N,N,N,N,N,N,N,N,N
9057,61038950567,P,18500,Nataniel Martine                   ,Dalheim                            ,N,J,N,J,N,KUNDER OVER 18 ÅR MED D-NUMMER     ,N,N,N,N,N,N,N,N,N,N,N
9057,48115900024,P,13000,Jorge Nikita                       ,Holme                              ,N,J,N,J,N,KUNDER OVER 18 ÅR MED D-NUMMER     ,N,N,N,N,N,N,N,N,N,N,N
9057,49079608210,P,22000,Jens Manuela                       ,Nerdal                             ,N,N,N,J,N,KUNDER OVER 18 ÅR MED D-NUMMER     ,N,N,N,N,N,N,N,N,N,N,N
9057,45035805862,P,26000,Janine Stig                        ,Indahl                             ,N,N,N,J,N,KUNDER OVER 18 ÅR MED D-NUMMER     ,N,N,N,N,N,N,N,N,N,N,N
9057,65046475555,P,16000,Berly Marcelo                      ,Ryland                             ,N,N,N,J,N,KUNDER OVER 18 ÅR MED D-NUMMER     ,N,N,N,N,N,N,N,N,N,N,N
9057,42089405763,P,14000,Patric Silje                       ,Bergh                              ,N,N,N,J,N,KUNDER OVER 18 ÅR MED D-NUMMER     ,N,N,N,N,N,N,N,N,N,N,N
9057,57079205607,P,20000,Janny Istvan                       ,Rørtveit                           ,N,N,N,J,N,KUNDER OVER 18 ÅR MED D-NUMMER     ,N,N,N,N,N,N,N,N,N,N,N
9057,69107001573,P,18000,Jeanette Noel                      ,Myrland                            ,N,N,N,J,N,KUNDER OVER 18 ÅR MED D-NUMMER     ,N,N,N,N,N,N,N,N,N,N,N
9057,66098050796,P,17000,Jorge Thi                          ,Tharaldsen                         ,N,N,N,J,N,KUNDER OVER 18 ÅR MED D-NUMMER     ,N,N,N,N,N,N,N,N,N,N,N
9057,67099378856,P,10000,Glen Rachel                        ,Moltu                              ,N,N,N,J,N,KUNDER OVER 18 ÅR MED D-NUMMER     ,N,N,N,N,N,N,N,N,N,N,N
9057,47017202320,P,17500,Shirley Trym                       ,Pollestad                          ,N,N,N,J,N,KUNDER OVER 18 ÅR MED D-NUMMER     ,N,N,N,N,N,N,N,N,N,N,N
9057,41067675698,P,18500,Cesar Kersti                       ,Malmo                              ,N,N,N,J,N,KUNDER OVER 18 ÅR MED D-NUMMER     ,N,N,N,N,N,N,N,N,N,N,N
9057,56077607868,P,11500,Balder Ana                         ,Fjeld                              ,N,N,N,J,N,KUNDER OVER 18 ÅR MED D-NUMMER     ,N,N,N,N,N,N,N,N,N,N,N
9057,47058314222,P,17500,Huong Harald                       ,Sundfær                            ,N,N,N,N,N,KUNDER OVER 18 ÅR MED D-NUMMER     ,N,N,N,N,N,N,N,N,N,N,N
9057,61017678808,P,17500,Dominika Dean                      ,Westberg                           ,N,N,N,J,N,KUNDER OVER 18 ÅR MED D-NUMMER     ,N,N,N,N,N,N,N,N,N,N,N
9057,65087002130,P,18500,Abdirashid Mai                     ,Aslam                              ,N,N,N,J,N,KUNDER OVER 18 ÅR MED D-NUMMER     ,N,N,N,N,N,N,N,N,N,N,N
9057,70104907952,P,50200,Fredrik Charlotte                  ,Hagen                              ,N,N,N,J,N,KUNDER OVER 18 ÅR MED D-NUMMER     ,N,N,N,N,N,N,N,N,N,N,N
9057,44116654927,P,11000,Henny Ivo                          ,Engebretsen                        ,N,N,N,J,N,KUNDER OVER 18 ÅR MED D-NUMMER     ,N,N,N,N,N,N,N,N,N,N,N
9057,51026307337,P,30000,Gregor Wibecke                     ,Skaar                              ,N,N,N,J,N,KUNDER OVER 18 ÅR MED D-NUMMER     ,N,N,N,N,N,N,N,N,N,N,N
9057,46098375104,P,16500,Annelin Dean                       ,Saur                               ,N,N,N,J,N,KUNDER OVER 18 ÅR MED D-NUMMER     ,N,N,N,N,N,N,N,N,N,N,N
9057,52119500443,P,16500,Alexandre Gurine                   ,Drevland                           ,N,N,N,J,N,KUNDER OVER 18 ÅR MED D-NUMMER     ,N,N,N,N,N,N,N,N,N,N,N
9057,70075904744,P,18500,Sigfred Janniche                   ,Wagner                             ,N,N,N,J,N,KUNDER OVER 18 ÅR MED D-NUMMER     ,N,N,N,N,N,N,N,N,N,N,N
9057,64126457136,P,11000,Henny Ole-Marius                   ,Våga                               ,N,N,N,J,N,KUNDER OVER 18 ÅR MED D-NUMMER     ,N,N,N,N,N,N,N,N,N,N,N
9057,54035012187,P,30000,Neda Bruno                         ,Torkelsen                          ,N,N,N,J,N,KUNDER OVER 18 ÅR MED D-NUMMER     ,N,N,N,N,N,N,N,N,N,N,N
9057,46027507573,P,40000,Dawid Sahar                        ,Svanevik                           ,N,N,N,J,N,KUNDER OVER 18 ÅR MED D-NUMMER     ,N,N,N,N,N,N,N,N,N,N,N
9057,67077016365,P,32000,Geir Mari-Anne                     ,Melberg                            ,N,N,N,J,N,KUNDER OVER 18 ÅR MED D-NUMMER     ,N,N,N,N,N,N,N,N,N,N,N
9057,52097275947,P,40000,Silja Elvis                        ,Tessem                             ,N,N,N,J,N,KUNDER OVER 18 ÅR MED D-NUMMER     ,N,N,N,N,N,N,N,N,N,N,N
9057,41039352549,P,36000,Amal Kamran                        ,Anderssen                          ,N,N,N,J,N,KUNDER OVER 18 ÅR MED D-NUMMER     ,N,N,N,N,N,N,N,N,N,N,N
9057,68079802585,P,18500,Malgorzata Kamran                  ,Joa                                ,N,N,N,J,N,KUNDER OVER 18 ÅR MED D-NUMMER     ,N,N,N,N,N,N,N,N,N,N,N
9057,59019900422,P,33000,Frode Natalie                      ,Oshaug                             ,N,N,N,J,N,KUNDER OVER 18 ÅR MED D-NUMMER     ,N,N,N,N,N,N,N,N,N,N,N
9057,68079508393,P,14000,Solrun Romualdas                   ,Leivestad                          ,N,N,N,J,N,KUNDER OVER 18 ÅR MED D-NUMMER     ,N,N,N,N,N,N,N,N,N,N,N
9057,48097778194,P,18500,Brigt Mirja                        ,Soltveit                           ,N,J,N,J,N,KUNDER OVER 18 ÅR MED D-NUMMER     ,N,N,N,N,N,N,N,N,N,N,N
9057,64033676105,P,23000,Amna Ingvard                       ,Brakstad                           ,N,N,N,N,N,KUNDER OVER 18 ÅR MED D-NUMMER     ,N,N,N,N,N,N,N,N,N,N,N
9057,56026552724,P,17000,Eirill Ole-Marius                  ,Tharaldsen                         ,N,N,N,J,N,KUNDER OVER 18 ÅR MED D-NUMMER     ,N,N,N,N,N,N,N,N,N,N,N
9057,44076575484,P,29000,Frederick Wigdis                   ,Sørmo                              ,N,N,N,J,N,KUNDER OVER 18 ÅR MED D-NUMMER     ,N,N,N,N,N,N,N,N,N,N,N
9057,53126950566,P,12000,Jens Ylva                          ,Hellesø                            ,N,N,N,J,N,KUNDER OVER 18 ÅR MED D-NUMMER     ,N,N,N,N,N,N,N,N,N,N,N
9057,66106775959,P,20000,Zlatko Kristbjørg                  ,Skavhaug                           ,N,N,N,J,N,KUNDER OVER 18 ÅR MED D-NUMMER     ,N,N,N,N,N,N,N,N,N,N,N
9057,42058976592,P,32000,Torstein Charlene                  ,Gåsland                            ,N,N,N,J,N,KUNDER OVER 18 ÅR MED D-NUMMER     ,N,N,N,N,N,N,N,N,N,N,N
9057,57098504151,P,20000,Benny Annbjørg                     ,Skogheim                           ,N,N,N,J,N,KUNDER OVER 18 ÅR MED D-NUMMER     ,N,N,N,N,N,N,N,N,N,N,N
9057,57126307561,P,10000,Edgars Sharon                      ,Walberg                            ,N,N,N,J,N,KUNDER OVER 18 ÅR MED D-NUMMER     ,N,N,N,N,N,N,N,N,N,N,N
9057,42105601950,P,17000,Oddlaug Pawel                      ,Vevang                             ,N,N,N,J,N,KUNDER OVER 18 ÅR MED D-NUMMER     ,N,N,N,N,N,N,N,N,N,N,N
9057,53118804771,P,12000,Rachel Mika                        ,Elstad                             ,N,N,N,J,N,KUNDER OVER 18 ÅR MED D-NUMMER     ,N,N,N,N,N,N,N,N,N,N,N
9057,49128857442,P,16000,Ingo Gudrun                        ,Grude                              ,N,N,N,J,N,KUNDER OVER 18 ÅR MED D-NUMMER     ,N,N,N,N,N,N,N,N,N,N,N
9057,50110178279,P,10000,Olle Ida                           ,Gjøen                              ,N,N,N,J,N,KUNDER OVER 18 ÅR MED D-NUMMER     ,N,N,N,N,N,N,N,N,N,N,N
9057,60098077270,P,40000,Morteza Telma                      ,Engebakken                         ,N,N,N,J,N,KUNDER OVER 18 ÅR MED D-NUMMER     ,N,N,N,N,N,N,N,N,N,N,N
9057,61048876756,P,30000,Pia Sturle                         ,Gregersen                          ,N,N,N,J,N,KUNDER OVER 18 ÅR MED D-NUMMER     ,N,N,N,N,N,N,N,N,N,N,N
9057,48067101181,P,16000,Herman Hilde-Gunn                  ,Hartvigsen                         ,N,N,N,J,N,KUNDER OVER 18 ÅR MED D-NUMMER     ,N,N,N,N,N,N,N,N,N,N,N
9057,60046307510,P,18000,Tor-Inge Kinga                     ,Øyan                               ,N,N,N,J,N,KUNDER OVER 18 ÅR MED D-NUMMER     ,N,N,N,N,N,N,N,N,N,N,N
9057,45088151953,P,11000,Lars-Kristian Madelen              ,Persson                            ,N,N,N,J,N,KUNDER OVER 18 ÅR MED D-NUMMER     ,N,N,N,N,N,N,N,N,N,N,N
9057,56056907721,P,17000,Magomed Yngvild                    ,Håland                             ,N,N,N,J,N,KUNDER OVER 18 ÅR MED D-NUMMER     ,N,N,N,N,N,N,N,N,N,N,N
9057,66107501399,P,14000,Jeremy Berith                      ,Fidjeland                          ,N,N,N,J,N,KUNDER OVER 18 ÅR MED D-NUMMER     ,N,N,N,N,N,N,N,N,N,N,N
9057,68108950912,P,17000,Zlatko Gina                        ,Angvik                             ,N,N,N,J,N,KUNDER OVER 18 ÅR MED D-NUMMER     ,N,N,N,N,N,N,N,N,N,N,N
9057,58087950148,P,14000,Emely Abdifatah                    ,Rognlien                           ,N,N,N,J,N,KUNDER OVER 18 ÅR MED D-NUMMER     ,N,N,N,N,N,N,N,N,N,N,N
9057,55045808547,P,17000,Ole-Kristian Aina                  ,Engebretsen                        ,N,N,N,J,N,KUNDER OVER 18 ÅR MED D-NUMMER     ,N,N,N,N,N,N,N,N,N,N,N
9057,44096850929,P,14000,Justas Anke                        ,Gjestad                            ,N,N,N,J,N,KUNDER OVER 18 ÅR MED D-NUMMER     ,N,N,N,N,N,N,N,N,N,N,N
9057,65118706972,P,12000,Gard Sophie                        ,Gonzalez                           ,N,N,N,J,N,KUNDER OVER 18 ÅR MED D-NUMMER     ,N,N,N,N,N,N,N,N,N,N,N
9057,69039304066,P,35000,Søren Rønnaug                      ,Indahl                             ,N,N,N,J,N,KUNDER OVER 18 ÅR MED D-NUMMER     ,N,N,N,N,N,N,N,N,N,N,N
9057,61078075480,P,23000,Oluf Thyra                         ,Leonhardsen                        ,N,N,N,J,N,KUNDER OVER 18 ÅR MED D-NUMMER     ,N,N,N,N,N,N,N,N,N,N,N
9057,48057851727,P,20000,Niklas Natalja                     ,Austad                             ,N,N,N,N,N,KUNDER OVER 18 ÅR MED D-NUMMER     ,N,N,N,N,N,N,N,N,N,N,N
9057,43027875123,P,50200,Trude Skule                        ,Hustoft                            ,N,N,N,J,N,KUNDER OVER 18 ÅR MED D-NUMMER     ,N,N,N,N,N,N,N,N,N,N,N
9057,62037458940,P,11000,Ines Audun                         ,Lorvik                             ,N,N,N,J,N,KUNDER OVER 18 ÅR MED D-NUMMER     ,N,N,N,N,N,N,N,N,N,N,N
9057,58014752879,P,10000,Shirley Mahdi                      ,Flage                              ,N,N,N,J,N,KUNDER OVER 18 ÅR MED D-NUMMER     ,N,N,N,N,N,N,N,N,N,N,N
9057,58066500657,P,18500,Kai Mariell                        ,Harsvik                            ,N,N,N,J,N,KUNDER OVER 18 ÅR MED D-NUMMER     ,N,N,N,N,N,N,N,N,N,N,N
9057,45096505888,P,17000,Mario Thordis                      ,Sture                              ,N,N,N,N,N,KUNDER OVER 18 ÅR MED D-NUMMER     ,N,N,N,N,N,N,N,N,N,N,N
9057,50119705131,P,10000,Vilma Anstein                      ,Olaisen                            ,N,N,N,J,N,KUNDER OVER 18 ÅR MED D-NUMMER     ,N,N,N,N,N,N,N,N,N,N,N
9057,56128803128,P,20000,Ernestas Nour                      ,Gjersvik                           ,N,N,J,J,N,KUNDER OVER 18 ÅR MED D-NUMMER     ,N,N,N,N,N,N,N,N,N,N,N
9057,60106775934,P,18500,Maija Mattis                       ,Merkesdal                          ,N,J,J,J,N,KUNDER OVER 18 ÅR MED D-NUMMER     ,N,N,N,N,N,N,N,N,N,N,N
9057,55067954334,P,32000,Zlatko Kornelia                    ,Vedøy                              ,N,N,N,J,N,KUNDER OVER 18 ÅR MED D-NUMMER     ,N,N,N,N,N,N,N,N,N,N,N
9057,62047277626,P,13000,Marlen Edward                      ,Visnes                             ,N,N,N,J,N,KUNDER OVER 18 ÅR MED D-NUMMER     ,N,N,N,N,N,N,N,N,N,N,N
9057,68076105379,P,12000,Livar Marta                        ,Ingvaldsen                         ,N,N,N,J,N,KUNDER OVER 18 ÅR MED D-NUMMER     ,N,N,N,N,N,N,N,N,N,N,N
9057,44039278593,P,26500,Sajjad Anne-Britt                  ,Hassan                             ,N,N,N,J,N,KUNDER OVER 18 ÅR MED D-NUMMER     ,N,N,N,N,N,N,N,N,N,N,N
9057,45038905353,P,29000,Ruby Benny                         ,Lerøy                              ,N,N,N,J,N,KUNDER OVER 18 ÅR MED D-NUMMER     ,N,N,N,N,N,N,N,N,N,N,N
9057,43096909714,P,11500,Dawid Margareta                    ,Skjerping                          ,N,N,N,J,N,KUNDER OVER 18 ÅR MED D-NUMMER     ,N,N,N,N,N,N,N,N,N,N,N
9057,51016755080,P,16000,Heiko Galina                       ,Strand                             ,N,J,N,N,N,KUNDER OVER 18 ÅR MED D-NUMMER     ,N,N,N,N,N,N,N,N,N,N,N
9057,58054505092,P,10000,Mira Dani                          ,Rønneberg                          ,N,N,N,J,N,KUNDER OVER 18 ÅR MED D-NUMMER     ,N,N,N,N,N,N,N,N,N,N,N
9057,47125950503,P,50200,Tony Egle                          ,Rovik                              ,N,N,N,J,N,KUNDER OVER 18 ÅR MED D-NUMMER     ,N,N,N,N,N,N,N,N,N,N,N
9057,56038005567,P,26000,Margaretha Abdulahi                ,Løvold                             ,N,N,N,J,N,KUNDER OVER 18 ÅR MED D-NUMMER     ,N,N,N,N,N,N,N,N,N,N,N
9057,50096058869,P,16500,Ingve Erika                        ,Ulseth                             ,N,N,N,J,N,KUNDER OVER 18 ÅR MED D-NUMMER     ,N,N,N,N,N,N,N,N,N,N,N
9057,54098458754,P,18500,Raquel Haakon                      ,Wagner                             ,N,N,N,J,N,KUNDER OVER 18 ÅR MED D-NUMMER     ,N,N,N,N,N,N,N,N,N,N,N
9057,47087178079,P,32000,Salih Lilli                        ,Askeland                           ,N,N,N,J,N,KUNDER OVER 18 ÅR MED D-NUMMER     ,N,N,N,N,N,N,N,N,N,N,N
9057,54066219529,P,27000,Turid Jan-Fredrik                  ,Flø                                ,N,N,N,J,N,KUNDER OVER 18 ÅR MED D-NUMMER     ,N,N,N,N,N,N,N,N,N,N,N
9057,66036701596,P,16000,Torsten Alida                      ,Ahmad                              ,N,N,N,J,N,KUNDER OVER 18 ÅR MED D-NUMMER     ,N,N,N,N,N,N,N,N,N,N,N
9057,49115204725,P,18500,Julio Pernille                     ,Mahmood                            ,N,N,N,J,N,KUNDER OVER 18 ÅR MED D-NUMMER     ,N,N,N,N,N,N,N,N,N,N,N
9057,57116551170,P,17000,Frederick Edel                     ,Engebretsen                        ,N,N,N,J,N,KUNDER OVER 18 ÅR MED D-NUMMER     ,N,N,N,N,N,N,N,N,N,N,N
9057,61119353180,P,16500,Nils Tove                          ,Log                                ,N,N,N,J,N,KUNDER OVER 18 ÅR MED D-NUMMER     ,N,N,N,N,N,N,N,N,N,N,N
9057,43048901191,P,13500,Åslaug Mahdi                       ,Bergset                            ,N,N,N,J,N,KUNDER OVER 18 ÅR MED D-NUMMER     ,N,N,N,N,N,N,N,N,N,N,N
