3229,07025900043,P,01110,Mehmed Amina                       ,Salvesen                           ,N,J,J,J,N,Kunder med bare sparekonto         ,N,N,N,N,N,N,N,N,N,N,N
3229,30059416681,P,04100,Andre Leila                        ,Jevne                              ,N,J,N,N,N,Kunder med bare sparekonto         ,N,N,N,N,N,N,N,N,N,N,N
3229,10129408737,P,01980,Yassin Loan                        ,Berthelsen                         ,N,N,N,J,N,Kunder med bare sparekonto         ,N,N,N,N,N,N,N,N,N,N,N
3229,14077013165,P,03940,Glen Melanie                       ,Ottersen                           ,N,N,N,J,N,Kunder med bare sparekonto         ,N,N,N,N,N,N,N,N,N,N,N
3229,28105920441,P,01200,Kjellaug Kris                      ,Gjengstø                           ,N,J,N,J,N,Kunder med bare sparekonto         ,N,N,N,N,N,N,N,N,N,N,N
3229,10120002525,P,01980,Ståle Svanhild                     ,Bjørndal                           ,N,N,N,J,N,Kunder med bare sparekonto         ,N,N,N,N,N,N,N,N,N,N,N
3229,02089725596,P,01980,Ibrahim Herborg                    ,Bonsaksen                          ,N,N,N,J,N,Kunder med bare sparekonto         ,N,N,N,N,N,N,N,N,N,N,N
3229,12097412276,P,01125,Galina Bruno                       ,Aga                                ,N,J,J,N,N,Kunder med bare sparekonto         ,N,N,N,N,N,N,N,N,N,N,N
3229,08089109915,P,01980,Reid Beatrice                      ,Edvardsen                          ,N,N,N,J,N,Kunder med bare sparekonto         ,N,N,N,N,N,N,N,N,N,N,N
3229,23099112522,P,01980,Edward Ewa                         ,Schøyen                            ,N,N,N,J,N,Kunder med bare sparekonto         ,N,N,N,N,N,N,N,N,N,N,N
3229,24111108605,P,06200,Skjalg Rahel                       ,Stensvold                          ,N,N,N,N,N,Kunder med bare sparekonto         ,N,N,N,N,N,N,N,N,N,N,N
3229,10039003304,P,01980,Joacim Fay                         ,Borge                              ,N,N,N,J,N,Kunder med bare sparekonto         ,N,N,N,N,N,N,N,N,N,N,N
3229,22088204968,P,01980,Ann-Karin Almar                    ,Horgen                             ,N,N,N,J,N,Kunder med bare sparekonto         ,N,N,N,N,N,N,N,N,N,N,N
3229,23037202827,P,01980,Conny Hallgeir                     ,Kim                                ,N,N,N,J,N,Kunder med bare sparekonto         ,N,N,N,N,N,N,N,N,N,N,N
3229,22119165168,P,01980,Torodd Wenche                      ,Amdam                              ,N,N,N,J,N,Kunder med bare sparekonto         ,N,N,N,N,N,N,N,N,N,N,N
3229,02029102891,P,01980,Janice Knut-Erik                   ,Trones                             ,N,N,N,J,N,Kunder med bare sparekonto         ,N,N,N,N,N,N,N,N,N,N,N
3229,16049813329,P,01980,Alexandre Sina                     ,Børve                              ,N,N,N,J,N,Kunder med bare sparekonto         ,N,N,N,N,N,N,N,N,N,N,N
3229,09078605909,P,01199,Andrius Rine                       ,Nedregård                          ,N,N,N,J,N,Kunder med bare sparekonto         ,N,N,N,N,N,N,N,N,N,N,N
3229,09049006311,P,01980,Arnhild Geir-Arne                  ,Vevang                             ,N,N,N,J,N,Kunder med bare sparekonto         ,N,N,N,N,N,N,N,N,N,N,N
3229,11019619364,P,01980,Farida Nikolai                     ,Skailand                           ,N,N,N,J,N,Kunder med bare sparekonto         ,N,N,N,N,N,N,N,N,N,N,N
3229,14018907322,P,01980,Torstein Cindy                     ,Fure                               ,N,N,N,J,N,Kunder med bare sparekonto         ,N,N,N,N,N,N,N,N,N,N,N
3229,24076917198,P,01980,Ayla Bjørn-Inge                    ,Samnøy                             ,N,N,N,J,N,Kunder med bare sparekonto         ,N,N,N,N,N,N,N,N,N,N,N
3229,20018304709,P,01199,Ahmet Oliva                        ,Dinh                               ,N,N,N,N,N,Kunder med bare sparekonto         ,N,N,N,N,N,N,N,N,N,N,N
3229,18049815499,P,02560,Hodan Yaser                        ,Balstad                            ,N,N,N,N,N,Kunder med bare sparekonto         ,N,N,N,N,N,N,N,N,N,N,N
3229,30019211793,P,07800,Jeremy Anne-Line                   ,Rui                                ,N,N,N,J,N,Kunder med bare sparekonto         ,N,N,N,N,N,N,N,N,N,N,N
3229,10027918528,P,01980,Rose Kian                          ,Vestnes                            ,N,N,N,J,N,Kunder med bare sparekonto         ,N,N,N,N,N,N,N,N,N,N,N
3229,16070032388,P,01980,Robertas Lisa-Marie                ,Stein                              ,N,N,N,J,N,Kunder med bare sparekonto         ,N,N,N,N,N,N,N,N,N,N,N
3229,30080235050,P,01199,Ahmed Ingalill                     ,Granheim                           ,N,J,N,J,N,Kunder med bare sparekonto         ,N,N,N,N,N,N,N,N,N,N,N
3229,25066302353,P,01124,Angelica Lars-Erik                 ,Risnes                             ,N,N,N,J,N,Kunder med bare sparekonto         ,N,N,N,N,N,N,N,N,N,N,N
3229,10069316285,P,01980,Karine Babak                       ,Nybakken                           ,N,N,N,J,N,Kunder med bare sparekonto         ,N,N,N,N,N,N,N,N,N,N,N
3229,09045013143,P,01124,Joacim Fay                         ,Aga                                ,N,N,N,N,N,Kunder med bare sparekonto         ,N,N,N,N,N,N,N,N,N,N,N
3229,27079005148,P,08040,Ib Kjersti                         ,Sønderland                         ,N,N,N,N,N,Kunder med bare sparekonto         ,N,N,N,N,N,N,N,N,N,N,N
3229,17038907158,P,07100,Dyveke Syed                        ,Mohammed                           ,N,N,N,N,N,Kunder med bare sparekonto         ,N,N,N,N,N,N,N,N,N,N,N
3229,16077701943,P,01980,Kari Wiktor                        ,Hovda                              ,N,N,N,J,N,Kunder med bare sparekonto         ,N,N,N,N,N,N,N,N,N,N,N
3229,13047917993,P,08100,Ramune Herleif                     ,Voll                               ,N,N,N,J,N,Kunder med bare sparekonto         ,N,N,N,N,N,N,N,N,N,N,N
3229,29049309978,P,01980,Frithjof Kristina                  ,Marthinussen                       ,N,N,N,J,N,Kunder med bare sparekonto         ,N,N,N,N,N,N,N,N,N,N,N
3229,13099523381,P,01980,Farhad Lucy                        ,Kolstad                            ,N,N,N,J,N,Kunder med bare sparekonto         ,N,N,N,N,N,N,N,N,N,N,N
3229,18039501380,P,08100,Oddmar Liss                        ,Benjaminsen                        ,N,N,N,J,N,Kunder med bare sparekonto         ,N,N,N,N,N,N,N,N,N,N,N
3229,10010260928,P,01980,Janice Jahn                        ,Aass                               ,N,N,N,J,N,Kunder med bare sparekonto         ,N,N,N,N,N,N,N,N,N,N,N
3229,25054515459,P,01450,May-Lis Hai                        ,Kilen                              ,N,J,N,J,N,Kunder med bare sparekonto         ,N,N,N,N,N,N,N,N,N,N,N
3229,10089401599,P,01197,Sadia Mathis                       ,Svindland                          ,N,N,N,J,N,Kunder med bare sparekonto         ,N,N,N,N,N,N,N,N,N,N,N
3229,07081078933,P,01199,Knut-Erik Margrete                 ,Eknes                              ,N,N,N,N,N,Kunder med bare sparekonto         ,N,N,N,N,N,N,N,N,N,N,N
3229,14075111380,P,01145,Iselin Benny                       ,Tekle                              ,N,J,N,J,N,Kunder med bare sparekonto         ,N,N,N,N,N,N,N,N,N,N,N
3229,22129516759,P,07140,Frode Marian                       ,Wist                               ,N,N,N,N,N,Kunder med bare sparekonto         ,N,N,N,N,N,N,N,N,N,N,N
3229,21048906300,P,07800,Bella Cesar                        ,Stordahl                           ,N,N,N,J,N,Kunder med bare sparekonto         ,N,N,N,N,N,N,N,N,N,N,N
3229,06018906293,P,01980,Marlin Istvan                      ,Lysaker                            ,N,N,N,J,N,Kunder med bare sparekonto         ,N,N,N,N,N,N,N,N,N,N,N
3229,10079103395,P,01980,Louise Duy                         ,Arif                               ,N,N,N,J,N,Kunder med bare sparekonto         ,N,N,N,N,N,N,N,N,N,N,N
3229,19106105785,P,07100,Bettina Babak                      ,Aanestad                           ,N,N,N,N,N,Kunder med bare sparekonto         ,N,N,N,N,N,N,N,N,N,N,N
3229,16088902444,P,01980,Naima Jan-Roger                    ,Hassan                             ,N,N,N,J,N,Kunder med bare sparekonto         ,N,N,N,N,N,N,N,N,N,N,N
3229,22025807239,P,01980,Suzanne Jorulf                     ,Myrland                            ,N,N,N,J,N,Kunder med bare sparekonto         ,N,N,N,N,N,N,N,N,N,N,N
3229,02014603487,P,08035,Asif Edna                          ,Spilde                             ,N,N,N,J,N,Kunder med bare sparekonto         ,N,N,N,N,N,N,N,N,N,N,N
3229,03036014465,P,02560,Jocelyn Milian                     ,Albrigtsen                         ,N,J,N,J,N,Kunder med bare sparekonto         ,N,N,N,N,N,N,N,N,N,N,N
3229,25126320860,P,01300,Daria Nicolae                      ,Kibsgaard                          ,N,J,J,J,N,Kunder med bare sparekonto         ,N,N,N,N,N,N,N,N,N,N,N
3229,26119100312,P,01980,Berge Wanda                        ,Haugvaldstad                       ,N,N,N,J,N,Kunder med bare sparekonto         ,N,N,N,N,N,N,N,N,N,N,N
3229,30069008131,P,01980,Mohamad Margaretha                 ,Kleiv                              ,N,N,N,J,N,Kunder med bare sparekonto         ,N,N,N,N,N,N,N,N,N,N,N
3229,09054101152,P,01110,Nadja Jan-Fredrik                  ,Osen                               ,N,N,N,J,N,Kunder med bare sparekonto         ,N,N,N,N,N,N,N,N,N,N,N
3229,12089108916,P,01980,Mantas Eldri                       ,Alver                              ,N,N,N,J,N,Kunder med bare sparekonto         ,N,N,N,N,N,N,N,N,N,N,N
3229,31107516169,P,01980,Gordana Rachid                     ,Husebø                             ,N,N,N,J,N,Kunder med bare sparekonto         ,N,N,N,N,N,N,N,N,N,N,N
3229,14095702288,P,01112,Oddveig Ole-Morten                 ,Fretheim                           ,N,N,N,J,N,Kunder med bare sparekonto         ,N,N,N,N,N,N,N,N,N,N,N
3229,30098422745,P,01980,Kathleen Willy                     ,Hildre                             ,N,N,N,J,N,Kunder med bare sparekonto         ,N,N,N,N,N,N,N,N,N,N,N
3229,03066712299,P,01125,Hennie Ulrik                       ,Sola                               ,N,N,N,J,N,Kunder med bare sparekonto         ,N,N,N,N,N,N,N,N,N,N,N
3229,03105711718,P,01980,Mirja Mirza                        ,Lunden                             ,N,N,N,J,N,Kunder med bare sparekonto         ,N,N,N,N,N,N,N,N,N,N,N
3229,16039666549,P,01980,Steffan Benedicte                  ,Ustad                              ,N,N,N,J,N,Kunder med bare sparekonto         ,N,N,N,N,N,N,N,N,N,N,N
3229,29078110951,P,01980,Karsten Sylwia                     ,Aarsand                            ,N,N,N,J,N,Kunder med bare sparekonto         ,N,N,N,N,N,N,N,N,N,N,N
3229,12068813172,P,01980,Minh Thorgeir                      ,Otterlei                           ,N,N,N,J,N,Kunder med bare sparekonto         ,N,N,N,N,N,N,N,N,N,N,N
3229,04016904339,P,08040,Hilma Halstein                     ,Lange                              ,N,N,N,N,N,Kunder med bare sparekonto         ,N,N,N,N,N,N,N,N,N,N,N
3229,15049706372,P,03940,Kristofer Kjellfrid                ,Butt                               ,N,N,N,N,N,Kunder med bare sparekonto         ,N,N,N,N,N,N,N,N,N,N,N
3229,20098118005,P,01197,Tilla Bent                         ,Monstad                            ,N,N,N,J,N,Kunder med bare sparekonto         ,N,N,N,N,N,N,N,N,N,N,N
3229,22110244154,P,01980,Gregor Emely                       ,Skjolden                           ,N,N,N,J,N,Kunder med bare sparekonto         ,N,N,N,N,N,N,N,N,N,N,N
3229,09106506067,P,02450,Ramona Ivo                         ,Hognestad                          ,N,N,N,N,N,Kunder med bare sparekonto         ,N,N,N,N,N,N,N,N,N,N,N
3229,06126222333,P,02450,Else Vincent                       ,Bogen                              ,N,N,N,N,N,Kunder med bare sparekonto         ,N,N,N,N,N,N,N,N,N,N,N
3229,11079720560,P,01199,Enya Milian                        ,Kjærvik                            ,J,N,N,J,N,Kunder med bare sparekonto         ,N,N,N,N,N,N,N,N,N,N,N
3229,20029400130,P,01980,Endre Agata                        ,Ross                               ,N,N,N,J,N,Kunder med bare sparekonto         ,N,N,N,N,N,N,N,N,N,N,N
3229,05118209313,P,01980,Lovisa Ahmed                       ,Fossdal                            ,N,N,N,J,N,Kunder med bare sparekonto         ,N,N,N,N,N,N,N,N,N,N,N
3229,03069008207,P,01980,Christen Conny                     ,Blystad                            ,N,N,N,J,N,Kunder med bare sparekonto         ,N,N,N,N,N,N,N,N,N,N,N
3229,05119216348,P,01980,Ramune Herleif                     ,Guddal                             ,N,N,N,J,N,Kunder med bare sparekonto         ,N,N,N,N,N,N,N,N,N,N,N
3229,12029405024,P,01980,Dawid Ingela                       ,Bjerkelund                         ,N,N,N,J,N,Kunder med bare sparekonto         ,N,N,N,N,N,N,N,N,N,N,N
3229,20068508399,P,01980,Juan Lorna                         ,Rise                               ,N,N,N,J,N,Kunder med bare sparekonto         ,N,N,N,N,N,N,N,N,N,N,N
3229,30018509012,P,01980,Anne-Marit Ulrik                   ,Nordhus                            ,N,N,N,J,N,Kunder med bare sparekonto         ,N,N,N,N,N,N,N,N,N,N,N
3229,14027301003,P,01125,Elaine Dani                        ,Fretheim                           ,N,N,N,N,N,Kunder med bare sparekonto         ,N,N,N,N,N,N,N,N,N,N,N
3229,10099305075,P,02560,Gurli Reidar                       ,Engevik                            ,N,N,N,N,N,Kunder med bare sparekonto         ,N,N,N,N,N,N,N,N,N,N,N
3229,13129215113,P,01199,Marcelo Jamila                     ,Kvia                               ,N,N,N,J,N,Kunder med bare sparekonto         ,N,N,N,N,N,N,N,N,N,N,N
3229,14027617132,P,01980,Torolf Anisa                       ,Dyrseth                            ,N,N,N,J,N,Kunder med bare sparekonto         ,N,N,N,N,N,N,N,N,N,N,N
3229,28058718396,P,01980,Asbjørg Jann                       ,Alnæs                              ,N,N,N,J,N,Kunder med bare sparekonto         ,N,N,N,N,N,N,N,N,N,N,N
3229,30046803732,P,01145,Tonny Boye                         ,Rikardsen                          ,N,N,N,J,N,Kunder med bare sparekonto         ,N,N,N,N,N,N,N,N,N,N,N
3229,07108111490,P,01980,Ngoc Stuart                        ,Gjerdingen                         ,N,N,N,J,N,Kunder med bare sparekonto         ,N,N,N,N,N,N,N,N,N,N,N
3229,13109304993,P,03940,Cathrine Christer                  ,Vestby                             ,N,N,N,J,N,Kunder med bare sparekonto         ,N,N,N,N,N,N,N,N,N,N,N
3229,15041134167,P,01450,Oluf Sanja                         ,Hojem                              ,N,N,N,N,N,Kunder med bare sparekonto         ,N,N,N,N,N,N,N,N,N,N,N
3229,01010022742,P,08040,Annlaug Jahn                       ,Kumar                              ,N,N,N,N,N,Kunder med bare sparekonto         ,N,N,N,N,N,N,N,N,N,N,N
3229,13099814599,P,01980,Guri Styrk                         ,Somby                              ,N,N,N,J,N,Kunder med bare sparekonto         ,N,N,N,N,N,N,N,N,N,N,N
3229,20069017259,P,01980,Borger Aase                        ,Braut                              ,N,N,N,J,N,Kunder med bare sparekonto         ,N,N,N,N,N,N,N,N,N,N,N
3229,14011413049,P,03850,Signhild Paulo                     ,Lindås                             ,N,N,N,N,N,Kunder med bare sparekonto         ,N,N,N,N,N,N,N,N,N,N,N
3229,28095520288,P,07100,Annikken Valentin                  ,Søgaard                            ,N,J,J,N,N,Kunder med bare sparekonto         ,N,N,N,N,N,N,N,N,N,N,N
3229,17078512644,P,01980,Thorbjørn Maureen                  ,Røkenes                            ,N,N,N,J,N,Kunder med bare sparekonto         ,N,N,N,N,N,N,N,N,N,N,N
3229,27087620811,P,07140,Wencke Kamran                      ,Sørbø                              ,N,J,J,J,N,Kunder med bare sparekonto         ,N,N,N,N,N,N,N,N,N,N,N
3229,16128425954,P,01980,Patric Margaret                    ,Frøshaug                           ,N,N,N,J,N,Kunder med bare sparekonto         ,N,N,N,N,N,N,N,N,N,N,N
3229,01028116728,P,01980,Oline Søren                        ,Wagner                             ,N,N,N,J,N,Kunder med bare sparekonto         ,N,N,N,N,N,N,N,N,N,N,N
3229,05099313546,P,01980,Leikny Kato                        ,Lindås                             ,N,N,N,J,N,Kunder med bare sparekonto         ,N,N,N,N,N,N,N,N,N,N,N
3229,19079808582,P,06200,Vårin Henri                        ,Klungtveit                         ,N,N,N,N,N,Kunder med bare sparekonto         ,N,N,N,N,N,N,N,N,N,N,N
3229,25066506307,P,01450,Søren Joanne                       ,Nyhagen                            ,N,N,N,N,N,Kunder med bare sparekonto         ,N,N,N,N,N,N,N,N,N,N,N
3229,29049002341,P,01980,Fadumo Mindaugas                   ,Heggset                            ,N,N,N,J,N,Kunder med bare sparekonto         ,N,N,N,N,N,N,N,N,N,N,N
3229,11015709148,P,01460,Magda Kaj                          ,Halsen                             ,N,J,J,J,N,Kunder med bare sparekonto         ,N,N,N,N,N,N,N,N,N,N,N
3229,13087103417,P,01200,Jens Gunvor                        ,Afzal                              ,N,N,N,J,N,Kunder med bare sparekonto         ,N,N,N,N,N,N,N,N,N,N,N
3229,25071200895,P,02560,Hong Kato                          ,Birkeland                          ,N,N,N,N,N,Kunder med bare sparekonto         ,N,N,N,N,N,N,N,N,N,N,N
3229,27107123135,P,01980,Zdzislaw Raquel                    ,Angvik                             ,N,N,N,J,N,Kunder med bare sparekonto         ,N,N,N,N,N,N,N,N,N,N,N
3229,10089559567,P,01980,Rolandas Tea                       ,Høyland                            ,N,N,N,J,N,Kunder med bare sparekonto         ,N,N,N,N,N,N,N,N,N,N,N
3229,21010101996,P,01124,Tommy Jorunn                       ,Christensen                        ,N,N,N,J,N,Kunder med bare sparekonto         ,N,N,N,N,N,N,N,N,N,N,N
3229,23116918374,P,01980,Edgar Dragana                      ,Hopen                              ,N,N,N,J,N,Kunder med bare sparekonto         ,N,N,N,N,N,N,N,N,N,N,N
3229,02087506366,P,01199,Mussie Elina                       ,Hasund                             ,N,N,N,N,N,Kunder med bare sparekonto         ,N,N,N,N,N,N,N,N,N,N,N
3229,07128400162,P,01980,Jafar Alida                        ,Storsve                            ,N,N,N,J,N,Kunder med bare sparekonto         ,N,N,N,N,N,N,N,N,N,N,N
3229,24088818330,P,01980,Isa Dani                           ,Hemmingsen                         ,N,N,N,J,N,Kunder med bare sparekonto         ,N,N,N,N,N,N,N,N,N,N,N
3229,27125323605,P,07800,Anisa Jan-Fredrik                  ,Kjelstad                           ,N,N,N,J,N,Kunder med bare sparekonto         ,N,N,N,N,N,N,N,N,N,N,N
3229,23079120251,P,01980,Weronica Istvan                    ,Ofstad                             ,N,N,N,J,N,Kunder med bare sparekonto         ,N,N,N,N,N,N,N,N,N,N,N
3229,12128402673,P,01197,Danuta Saad                        ,Mellem                             ,N,N,N,J,N,Kunder med bare sparekonto         ,N,N,N,N,N,N,N,N,N,N,N
3229,26029615712,P,08990,Ahmed Marith                       ,Holgersen                          ,N,N,N,J,N,Kunder med bare sparekonto         ,N,N,N,N,N,N,N,N,N,N,N
3229,10048806118,P,07100,Fillip Gro-Anita                   ,Espedal                            ,N,N,N,N,N,Kunder med bare sparekonto         ,N,N,N,N,N,N,N,N,N,N,N
3229,16027408323,P,01980,Amer Vera                          ,Salte                              ,N,N,N,J,N,Kunder med bare sparekonto         ,N,N,N,N,N,N,N,N,N,N,N
3229,30093522725,P,01145,Rimantas Embla                     ,Nordtveit                          ,N,J,N,J,N,Kunder med bare sparekonto         ,N,N,N,N,N,N,N,N,N,N,N
3229,18126502814,P,01124,Lene Stig                          ,Hjelseth                           ,N,N,N,N,N,Kunder med bare sparekonto         ,N,N,N,N,N,N,N,N,N,N,N
3229,07065100732,P,01450,Justas Vilja                       ,Fossen                             ,N,N,N,J,N,Kunder med bare sparekonto         ,N,N,N,N,N,N,N,N,N,N,N
3229,12027619418,P,01117,Zlatko Sigrun                      ,Saleem                             ,N,J,N,N,N,Kunder med bare sparekonto         ,N,N,N,N,N,N,N,N,N,N,N
3229,20047008043,P,01980,Adele Danny                        ,Høiseth                            ,N,N,N,J,N,Kunder med bare sparekonto         ,N,N,N,N,N,N,N,N,N,N,N
3229,11059118708,P,01980,Alice Sindre                       ,Bryne                              ,N,N,N,J,N,Kunder med bare sparekonto         ,N,N,N,N,N,N,N,N,N,N,N
3229,04016012675,P,06200,Gabriela Duy                       ,Hoel                               ,N,J,N,J,N,Kunder med bare sparekonto         ,N,N,N,N,N,N,N,N,N,N,N
3229,19038613629,P,03850,Szymon Zeynep                      ,Trydal                             ,N,J,N,N,N,Kunder med bare sparekonto         ,N,N,N,N,N,N,N,N,N,N,N
3229,10083918999,P,01110,Ava Berge                          ,Lillestøl                          ,N,J,N,J,N,Kunder med bare sparekonto         ,N,N,N,N,N,N,N,N,N,N,N
3229,10118900427,P,01980,Hroar Shahla                       ,Gjernes                            ,N,N,N,J,N,Kunder med bare sparekonto         ,N,N,N,N,N,N,N,N,N,N,N
3229,04099912729,P,01980,Frederick Hege                     ,Mørk                               ,N,N,N,J,N,Kunder med bare sparekonto         ,N,N,N,N,N,N,N,N,N,N,N
3229,24047408144,P,02560,Juliane Sune                       ,Hjortland                          ,N,J,N,N,N,Kunder med bare sparekonto         ,N,N,N,N,N,N,N,N,N,N,N
3229,08087913865,P,01124,Faiza Staffan                      ,Grøndal                            ,N,N,N,J,N,Kunder med bare sparekonto         ,N,N,N,N,N,N,N,N,N,N,N
3229,26056902065,P,01980,Amalia Aadne                       ,Brenden                            ,N,N,N,J,N,Kunder med bare sparekonto         ,N,N,N,N,N,N,N,N,N,N,N
3229,11055016269,P,01110,Lea Benn                           ,Langerud                           ,N,J,N,N,N,Kunder med bare sparekonto         ,N,N,N,N,N,N,N,N,N,N,N
3229,25069006216,P,01980,Rimantas Jolita                    ,Torland                            ,N,N,N,J,N,Kunder med bare sparekonto         ,N,N,N,N,N,N,N,N,N,N,N
3229,15124920768,P,08040,Jorge Gina                         ,Sjåvik                             ,N,J,N,J,N,Kunder med bare sparekonto         ,N,N,N,N,N,N,N,N,N,N,N
3229,10063525699,P,01200,Mantas Bianca                      ,Berisha                            ,N,N,N,J,N,Kunder med bare sparekonto         ,N,N,N,N,N,N,N,N,N,N,N
3229,02039607843,P,01980,Stefanie Rudi                      ,Langseth                           ,N,N,N,J,N,Kunder med bare sparekonto         ,N,N,N,N,N,N,N,N,N,N,N
3229,13127610406,P,01980,Kari Odd-Arne                      ,Sirnes                             ,N,N,N,J,N,Kunder med bare sparekonto         ,N,N,N,N,N,N,N,N,N,N,N
3229,22049406545,P,01980,Mario Karen-Marie                  ,Jakobsen                           ,N,N,N,J,N,Kunder med bare sparekonto         ,N,N,N,N,N,N,N,N,N,N,N
3229,25069302419,P,01980,Afrim Marcela                      ,Afzal                              ,N,N,N,J,N,Kunder med bare sparekonto         ,N,N,N,N,N,N,N,N,N,N,N
3229,21069705836,P,07800,Birgitta Helmer                    ,Kristiansen                        ,N,N,N,J,N,Kunder med bare sparekonto         ,N,N,N,N,N,N,N,N,N,N,N
3229,01058500514,P,01980,Halvar Ambjørg                     ,Rui                                ,N,N,N,J,N,Kunder med bare sparekonto         ,N,N,N,N,N,N,N,N,N,N,N
3229,14107808710,P,01980,Tilde Roald                        ,Sundal                             ,N,N,N,J,N,Kunder med bare sparekonto         ,N,N,N,N,N,N,N,N,N,N,N
3229,19016812830,P,03100,Benny Nicola                       ,Skau                               ,N,N,N,J,N,Kunder med bare sparekonto         ,N,N,N,N,N,N,N,N,N,N,N
3229,21037911973,P,07800,Rolandas Alice                     ,Engedal                            ,N,N,N,J,N,Kunder med bare sparekonto         ,N,N,N,N,N,N,N,N,N,N,N
3229,24095510430,P,01117,Maryann Ireneusz                   ,Storeide                           ,N,J,N,J,N,Kunder med bare sparekonto         ,N,N,N,N,N,N,N,N,N,N,N
3229,07015907384,P,01980,Szymon Rikke                       ,Høiberg                            ,N,N,N,J,N,Kunder med bare sparekonto         ,N,N,N,N,N,N,N,N,N,N,N
3229,27097500512,P,01980,Marton Petra                       ,Mohamoud                           ,N,N,N,J,N,Kunder med bare sparekonto         ,N,N,N,N,N,N,N,N,N,N,N
3229,22121502163,P,01125,Farhad Lucy                        ,Tveter                             ,N,N,N,N,N,Kunder med bare sparekonto         ,N,N,N,N,N,N,N,N,N,N,N
3229,01080009492,P,03100,Linn-Kristin Varg                  ,Vaa                                ,N,N,N,N,N,Kunder med bare sparekonto         ,N,N,N,N,N,N,N,N,N,N,N
3229,24059911321,P,01199,Birte Sigve                        ,Garshol                            ,N,N,N,N,N,Kunder med bare sparekonto         ,N,N,N,N,N,N,N,N,N,N,N
3229,21025719848,P,06200,Susanna Dejan                      ,Bjørkli                            ,N,J,N,J,N,Kunder med bare sparekonto         ,N,N,N,N,N,N,N,N,N,N,N
3229,23046102606,P,01200,Willy Lina                         ,Vestre                             ,N,J,N,J,N,Kunder med bare sparekonto         ,N,N,N,N,N,N,N,N,N,N,N
3229,20078210355,P,01197,Ståle Cynthia                      ,Berggren                           ,N,N,N,J,N,Kunder med bare sparekonto         ,N,N,N,N,N,N,N,N,N,N,N
3229,03017212191,P,01980,Marie Orhan                        ,Osmundsen                          ,N,N,N,J,N,Kunder med bare sparekonto         ,N,N,N,N,N,N,N,N,N,N,N
3229,16110934517,P,01125,Gordon Milena                      ,Frøseth                            ,N,N,N,N,N,Kunder med bare sparekonto         ,N,N,N,N,N,N,N,N,N,N,N
3229,07039320813,P,01980,Johan Thanh                        ,Hebnes                             ,N,N,N,J,N,Kunder med bare sparekonto         ,N,N,N,N,N,N,N,N,N,N,N
3229,19070114472,P,02560,Juozas Karen-Marie                 ,Skjørestad                         ,N,N,N,N,N,Kunder med bare sparekonto         ,N,N,N,N,N,N,N,N,N,N,N
3229,15017802507,P,02450,Ann-Helen Thorvald                 ,Lied                               ,N,N,N,N,N,Kunder med bare sparekonto         ,N,N,N,N,N,N,N,N,N,N,N
3229,21126805346,P,03100,Rasa Borger                        ,Albrigtsen                         ,N,N,N,J,N,Kunder med bare sparekonto         ,N,N,N,N,N,N,N,N,N,N,N
3229,15078512595,P,01980,Maj-Britt Miguel                   ,Standal                            ,N,N,N,J,N,Kunder med bare sparekonto         ,N,N,N,N,N,N,N,N,N,N,N
3229,17104116264,P,01450,Shabana Mohsen                     ,Lian                               ,N,N,N,J,N,Kunder med bare sparekonto         ,N,N,N,N,N,N,N,N,N,N,N
3229,16058517430,P,01124,Zivile Babak                       ,Kallevik                           ,N,J,N,J,N,Kunder med bare sparekonto         ,N,N,N,N,N,N,N,N,N,N,N
3229,11099057329,P,01980,Amer Torill                        ,Neverdal                           ,N,N,N,J,N,Kunder med bare sparekonto         ,N,N,N,N,N,N,N,N,N,N,N
3229,12048309168,P,01980,Jorun Hallstein                    ,Barmen                             ,N,N,N,J,N,Kunder med bare sparekonto         ,N,N,N,N,N,N,N,N,N,N,N
3229,18098515700,P,01980,Fridtjov Ausra                     ,Hjelmeland                         ,N,N,N,J,N,Kunder med bare sparekonto         ,N,N,N,N,N,N,N,N,N,N,N
3229,07068718052,P,03850,Darius Lana                        ,Risdal                             ,N,N,N,N,N,Kunder med bare sparekonto         ,N,N,N,N,N,N,N,N,N,N,N
3229,16126902062,P,01980,Torleiv Annelie                    ,Moldskred                          ,N,N,N,J,N,Kunder med bare sparekonto         ,N,N,N,N,N,N,N,N,N,N,N
3229,20118805969,P,04100,Nancy Frank                        ,Wojcik                             ,N,N,N,N,N,Kunder med bare sparekonto         ,N,N,N,N,N,N,N,N,N,N,N
3229,01010000978,P,01197,Cristian Ethel                     ,Skjærvik                           ,N,N,N,J,N,Kunder med bare sparekonto         ,N,N,N,N,N,N,N,N,N,N,N
3229,16030169062,P,01124,Harald Anne-Gro                    ,Winge                              ,N,N,N,N,N,Kunder med bare sparekonto         ,N,N,N,N,N,N,N,N,N,N,N
3229,16028357803,P,01980,Rolandas Nini                      ,Olaussen                           ,N,N,N,J,N,Kunder med bare sparekonto         ,N,N,N,N,N,N,N,N,N,N,N
3229,02086416975,P,01980,Edita Fridtjov                     ,Homme                              ,N,N,N,J,N,Kunder med bare sparekonto         ,N,N,N,N,N,N,N,N,N,N,N
3229,03047609584,P,01199,Audrius Ragna                      ,Gunnestad                          ,N,N,N,J,N,Kunder med bare sparekonto         ,N,N,N,N,N,N,N,N,N,N,N
3229,22109215760,P,01125,Connie Angel                       ,Hegre                              ,N,J,N,J,N,Kunder med bare sparekonto         ,N,N,N,N,N,N,N,N,N,N,N
3229,12067404759,P,01980,Fredrik Charlotte                  ,Olaussen                           ,N,N,N,J,N,Kunder med bare sparekonto         ,N,N,N,N,N,N,N,N,N,N,N
3229,19018106739,P,01980,Kristine Kemal                     ,Farooq                             ,N,N,N,J,N,Kunder med bare sparekonto         ,N,N,N,N,N,N,N,N,N,N,N
3229,19119801098,P,03100,Valter Irene                       ,Mehmood                            ,N,N,N,J,N,Kunder med bare sparekonto         ,N,N,N,N,N,N,N,N,N,N,N
3229,02010063364,P,01980,Elise Benny                        ,Monsen                             ,N,N,N,J,N,Kunder med bare sparekonto         ,N,N,N,N,N,N,N,N,N,N,N
3229,22114827294,P,01124,Abdirashid Kristin                 ,Skarbø                             ,J,J,J,J,N,Kunder med bare sparekonto         ,N,N,N,N,N,N,N,N,N,N,N
3229,16024115716,P,01980,Katinka Thormod                    ,Gudmundsen                         ,N,N,N,J,N,Kunder med bare sparekonto         ,N,N,N,N,N,N,N,N,N,N,N
3229,23064412140,P,01145,Maksim Mariya                      ,Stigen                             ,N,N,N,J,N,Kunder med bare sparekonto         ,N,N,N,N,N,N,N,N,N,N,N
3229,03076417112,P,01145,Øydis Anstein                      ,Egeland                            ,N,N,N,J,N,Kunder med bare sparekonto         ,N,N,N,N,N,N,N,N,N,N,N
3229,15018301323,P,01980,Anette Pieter                      ,Nergaard                           ,N,N,N,J,N,Kunder med bare sparekonto         ,N,N,N,N,N,N,N,N,N,N,N
3229,25119703274,P,03940,Justinas Mina                      ,Irgens                             ,N,N,N,N,N,Kunder med bare sparekonto         ,N,N,N,N,N,N,N,N,N,N,N
3229,30109804327,P,01980,Gurli Hallstein                    ,Guldahl                            ,N,N,N,J,N,Kunder med bare sparekonto         ,N,N,N,N,N,N,N,N,N,N,N
3229,02078921326,P,01980,Zlatko Ågot                        ,Gjessing                           ,N,N,N,J,N,Kunder med bare sparekonto         ,N,N,N,N,N,N,N,N,N,N,N
3229,16049117314,P,01980,Ahmed Milda                        ,Ringen                             ,N,N,N,J,N,Kunder med bare sparekonto         ,N,N,N,N,N,N,N,N,N,N,N
3229,19086505307,P,01980,Velaug Ask                         ,Monstad                            ,N,N,N,J,N,Kunder med bare sparekonto         ,N,N,N,N,N,N,N,N,N,N,N
3229,02118813866,P,01199,Guro Alv                           ,Osmundsen                          ,N,N,N,J,N,Kunder med bare sparekonto         ,N,N,N,N,N,N,N,N,N,N,N
3229,26099206852,P,01980,Ingegerd Agnar                     ,Hovden                             ,N,N,N,J,N,Kunder med bare sparekonto         ,N,N,N,N,N,N,N,N,N,N,N
3229,13076504185,P,01980,Hellen Mehran                      ,Våga                               ,N,N,N,J,N,Kunder med bare sparekonto         ,N,N,N,N,N,N,N,N,N,N,N
3229,16078301493,P,01450,Sophia Kolbein                     ,Kallevik                           ,N,N,N,J,N,Kunder med bare sparekonto         ,N,N,N,N,N,N,N,N,N,N,N
3229,12018515766,P,01980,Knud Margrethe                     ,Stensland                          ,N,N,N,J,N,Kunder med bare sparekonto         ,N,N,N,N,N,N,N,N,N,N,N
3229,29108323920,P,07800,Olle Rosa                          ,Løkken                             ,N,N,N,J,N,Kunder med bare sparekonto         ,N,N,N,N,N,N,N,N,N,N,N
3229,27069314541,P,01980,Kathleen Willy                     ,Opsal                              ,N,N,N,J,N,Kunder med bare sparekonto         ,N,N,N,N,N,N,N,N,N,N,N
3229,27077300096,P,01124,Ramona Ivo                         ,Jordet                             ,N,J,N,N,N,Kunder med bare sparekonto         ,N,N,N,N,N,N,N,N,N,N,N
3229,17047102014,P,01980,Kjellaug Kris                      ,Kallevik                           ,N,N,N,J,N,Kunder med bare sparekonto         ,N,N,N,N,N,N,N,N,N,N,N
3229,01103625757,P,01199,Marzena Melvin                     ,Røe                                ,N,N,N,J,N,Kunder med bare sparekonto         ,N,N,N,N,N,N,N,N,N,N,N
3229,02118026929,P,01125,Kristine Kemal                     ,Lindås                             ,N,N,N,J,N,Kunder med bare sparekonto         ,N,N,N,N,N,N,N,N,N,N,N
3229,15028105565,P,03940,Senad Hansine                      ,Kvalvik                            ,N,J,N,J,N,Kunder med bare sparekonto         ,N,N,N,N,N,N,N,N,N,N,N
3229,25097311288,P,03910,Kristofer Samira                   ,Holme                              ,N,N,N,J,N,Kunder med bare sparekonto         ,N,N,N,N,N,N,N,N,N,N,N
3229,23058906883,P,03940,Gregor Patrycja                    ,Moen                               ,N,N,N,N,N,Kunder med bare sparekonto         ,N,N,N,N,N,N,N,N,N,N,N
3229,24075204023,P,01111,Andrej Ulla                        ,Egge                               ,N,N,N,J,N,Kunder med bare sparekonto         ,N,N,N,N,N,N,N,N,N,N,N
3229,27109110081,P,01980,Fridtjov Gisela                    ,Vevang                             ,N,N,N,J,N,Kunder med bare sparekonto         ,N,N,N,N,N,N,N,N,N,N,N
3229,07066502583,P,01980,Ådne Eir                           ,Todal                              ,N,N,N,J,N,Kunder med bare sparekonto         ,N,N,N,N,N,N,N,N,N,N,N
3229,17061509178,P,08030,Iris Kenneth                       ,Hagenes                            ,N,N,N,N,N,Kunder med bare sparekonto         ,N,N,N,N,N,N,N,N,N,N,N
3229,13068011668,P,01980,Kariann Marius                     ,Marken                             ,N,N,N,J,N,Kunder med bare sparekonto         ,N,N,N,N,N,N,N,N,N,N,N
3229,26098957587,P,03940,Karita Sune                        ,Fauskanger                         ,N,N,N,J,N,Kunder med bare sparekonto         ,N,N,N,N,N,N,N,N,N,N,N
3229,01115308439,P,01450,Victor Solbjørg                    ,Dyngeland                          ,N,N,N,N,N,Kunder med bare sparekonto         ,N,N,N,N,N,N,N,N,N,N,N
3229,04111510909,P,01300,Ane Mika                           ,Ramberg                            ,N,N,N,N,N,Kunder med bare sparekonto         ,N,N,N,N,N,N,N,N,N,N,N
3229,02031404072,P,01124,Hallstein Othilie                  ,Fardal                             ,N,N,N,N,N,Kunder med bare sparekonto         ,N,N,N,N,N,N,N,N,N,N,N
3229,17128820213,P,01980,Denis Michelle                     ,Valstad                            ,N,N,N,J,N,Kunder med bare sparekonto         ,N,N,N,N,N,N,N,N,N,N,N
3229,04038119872,P,01980,Kai Anikken                        ,Hagen                              ,N,N,N,J,N,Kunder med bare sparekonto         ,N,N,N,N,N,N,N,N,N,N,N
3229,08046609884,P,01199,Marcel Aud                         ,Drabløs                            ,N,J,J,J,N,Kunder med bare sparekonto         ,N,N,N,N,N,N,N,N,N,N,N
3229,20084315401,P,01300,Kari Sture                         ,Steinnes                           ,N,N,N,J,N,Kunder med bare sparekonto         ,N,N,N,N,N,N,N,N,N,N,N
3229,07107701162,P,01980,Jorun Hallstein                    ,Severinsen                         ,N,N,N,J,N,Kunder med bare sparekonto         ,N,N,N,N,N,N,N,N,N,N,N
3229,03067508326,P,01980,Ruth Jan-Olav                      ,Valstad                            ,N,N,N,J,N,Kunder med bare sparekonto         ,N,N,N,N,N,N,N,N,N,N,N
3229,09076914084,P,06200,Biniam Greta                       ,Stensvold                          ,N,N,N,J,N,Kunder med bare sparekonto         ,N,N,N,N,N,N,N,N,N,N,N
3229,30017404187,P,01980,Gunveig Leiv                       ,Raaen                              ,N,N,N,J,N,Kunder med bare sparekonto         ,N,N,N,N,N,N,N,N,N,N,N
3229,30056313458,P,04100,Brigt Ausra                        ,Mjelde                             ,N,J,N,N,N,Kunder med bare sparekonto         ,N,N,N,N,N,N,N,N,N,N,N
3229,24047108353,P,01980,Kolbjørn Sari                      ,Kihle                              ,N,N,N,J,N,Kunder med bare sparekonto         ,N,N,N,N,N,N,N,N,N,N,N
3229,02065314420,P,01110,Maiken Geir-Arne                   ,Buene                              ,N,N,N,J,N,Kunder med bare sparekonto         ,N,N,N,N,N,N,N,N,N,N,N
3229,12016408954,P,01980,Tadeusz Maryann                    ,Torsvik                            ,N,N,N,J,N,Kunder med bare sparekonto         ,N,N,N,N,N,N,N,N,N,N,N
3229,10088913286,P,01980,Yosef Lea                          ,Thu                                ,N,N,N,J,N,Kunder med bare sparekonto         ,N,N,N,N,N,N,N,N,N,N,N
3229,16110425434,P,01200,Mila Leszek                        ,Borge                              ,N,N,N,J,N,Kunder med bare sparekonto         ,N,N,N,N,N,N,N,N,N,N,N
3229,24058015357,P,01980,Bartosz Karna                      ,Visnes                             ,N,N,N,J,N,Kunder med bare sparekonto         ,N,N,N,N,N,N,N,N,N,N,N
3229,08126216441,P,02560,Brynhild Gheorghe                  ,Herheim                            ,N,J,N,J,N,Kunder med bare sparekonto         ,N,N,N,N,N,N,N,N,N,N,N
3229,23098422439,P,01980,Carmen Orhan                       ,Haukaas                            ,N,N,N,J,N,Kunder med bare sparekonto         ,N,N,N,N,N,N,N,N,N,N,N
3229,08089009813,P,01980,Dawid Kathleen                     ,Thorsen                            ,N,N,N,J,N,Kunder med bare sparekonto         ,N,N,N,N,N,N,N,N,N,N,N
3229,11071408843,P,03100,Heike Nabil                        ,Sverdrup                           ,N,N,N,N,N,Kunder med bare sparekonto         ,N,N,N,N,N,N,N,N,N,N,N
3229,25031234169,P,01450,Biniam Tetyana                     ,Helgøy                             ,N,N,N,N,N,Kunder med bare sparekonto         ,N,N,N,N,N,N,N,N,N,N,N
3229,15055808381,P,01980,Gertrud Nicolae                    ,Sanden                             ,N,N,N,J,N,Kunder med bare sparekonto         ,N,N,N,N,N,N,N,N,N,N,N
3229,25087609998,P,01200,Gertrud Nicolae                    ,Skålevik                           ,N,J,N,J,N,Kunder med bare sparekonto         ,N,N,N,N,N,N,N,N,N,N,N
3229,30019152002,P,01980,Heine Anbjørg                      ,Rønningen                          ,N,N,N,J,N,Kunder med bare sparekonto         ,N,N,N,N,N,N,N,N,N,N,N
3229,04117517360,P,01980,Ådne Grace                         ,Øiestad                            ,N,N,N,J,N,Kunder med bare sparekonto         ,N,N,N,N,N,N,N,N,N,N,N
3229,17099407565,P,07100,Audrius Vibecke                    ,Osmundsen                          ,N,N,N,N,N,Kunder med bare sparekonto         ,N,N,N,N,N,N,N,N,N,N,N
3229,15059506754,P,01980,Berge Wanda                        ,Skorstad                           ,N,N,N,J,N,Kunder med bare sparekonto         ,N,N,N,N,N,N,N,N,N,N,N
3229,27089604430,P,01200,Niklas Daiva                       ,Hustad                             ,N,N,N,J,N,Kunder med bare sparekonto         ,N,N,N,N,N,N,N,N,N,N,N
3229,11028102390,P,01980,Gintare Frederik                   ,Myrhaug                            ,N,N,N,J,N,Kunder med bare sparekonto         ,N,N,N,N,N,N,N,N,N,N,N
3229,22028704236,P,01125,Wencke Kamran                      ,Kårstad                            ,N,N,N,N,N,Kunder med bare sparekonto         ,N,N,N,N,N,N,N,N,N,N,N
3229,19021632530,P,03100,Ramune Herleif                     ,Huseby                             ,N,N,N,N,N,Kunder med bare sparekonto         ,N,N,N,N,N,N,N,N,N,N,N
3229,12087010544,P,01197,Marika Hans-Christian              ,Hille                              ,N,N,N,J,N,Kunder med bare sparekonto         ,N,N,N,N,N,N,N,N,N,N,N
3229,24047905172,P,01300,Benny Mariell                      ,Kvalø                              ,N,J,N,J,N,Kunder med bare sparekonto         ,N,N,N,N,N,N,N,N,N,N,N
3229,29116619987,P,01145,Zdzislaw Vaida                     ,Brænden                            ,N,J,N,J,N,Kunder med bare sparekonto         ,N,N,N,N,N,N,N,N,N,N,N
3229,09089002955,P,01980,Jafar Helene                       ,Steinnes                           ,N,N,N,J,N,Kunder med bare sparekonto         ,N,N,N,N,N,N,N,N,N,N,N
3229,28069524585,P,01980,Asmund Annlaug                     ,Kolberg                            ,N,N,N,J,N,Kunder med bare sparekonto         ,N,N,N,N,N,N,N,N,N,N,N
3229,21129416103,P,01980,Rodney Wenke                       ,Muri                               ,N,N,N,J,N,Kunder med bare sparekonto         ,N,N,N,N,N,N,N,N,N,N,N
3229,10099009115,P,01980,Mario Vivi                         ,Nyvoll                             ,N,N,N,J,N,Kunder med bare sparekonto         ,N,N,N,N,N,N,N,N,N,N,N
3229,15029610654,P,01980,Åslaug Kenny                       ,Karstensen                         ,N,N,N,J,N,Kunder med bare sparekonto         ,N,N,N,N,N,N,N,N,N,N,N
3229,01127310242,P,06200,Karina Trond                       ,Laursen                            ,N,N,N,J,N,Kunder med bare sparekonto         ,N,N,N,N,N,N,N,N,N,N,N
3229,09109712105,P,07800,Mattis Faiza                       ,Øynes                              ,N,N,N,J,N,Kunder med bare sparekonto         ,N,N,N,N,N,N,N,N,N,N,N
3229,18117822326,P,01980,Patric Margaret                    ,Habberstad                         ,N,N,N,J,N,Kunder med bare sparekonto         ,N,N,N,N,N,N,N,N,N,N,N
3229,02068000397,P,07800,Jorge Thi                          ,Moholt                             ,N,N,N,J,N,Kunder med bare sparekonto         ,N,N,N,N,N,N,N,N,N,N,N
3229,24037213965,P,01980,Veronica Melvin                    ,Bjørdal                            ,N,N,N,J,N,Kunder med bare sparekonto         ,N,N,N,N,N,N,N,N,N,N,N
3229,22049468613,P,01980,Ole-Kristian Vilma                 ,Espeseth                           ,N,N,N,J,N,Kunder med bare sparekonto         ,N,N,N,N,N,N,N,N,N,N,N
3229,12049514385,P,01980,Mildred Milian                     ,Skogheim                           ,N,N,N,J,N,Kunder med bare sparekonto         ,N,N,N,N,N,N,N,N,N,N,N
3229,29125800414,P,02560,Nasreen Sverre                     ,Sønstebø                           ,N,J,N,J,N,Kunder med bare sparekonto         ,N,N,N,N,N,N,N,N,N,N,N
3229,29107315517,P,01980,Søren Joanne                       ,Åsheim                             ,N,N,N,J,N,Kunder med bare sparekonto         ,N,N,N,N,N,N,N,N,N,N,N
3229,29129105397,P,01980,Amelie Mikko                       ,Vevang                             ,N,N,N,J,N,Kunder med bare sparekonto         ,N,N,N,N,N,N,N,N,N,N,N
3229,12014922480,P,03940,Justyna Tron                       ,Visnes                             ,N,J,J,J,N,Kunder med bare sparekonto         ,N,N,N,N,N,N,N,N,N,N,N
3229,16117303202,P,07100,Jafar Ina                          ,Ellingsen                          ,N,J,J,J,N,Kunder med bare sparekonto         ,N,N,N,N,N,N,N,N,N,N,N
3229,14077511068,P,03100,Cesar Annfrid                      ,Helgestad                          ,N,J,N,J,N,Kunder med bare sparekonto         ,N,N,N,N,N,N,N,N,N,N,N
3229,16017122383,P,07800,Margreta Sivert                    ,Enoksen                            ,N,N,N,J,N,Kunder med bare sparekonto         ,N,N,N,N,N,N,N,N,N,N,N
3229,20097801577,P,01980,Antoni Anneline                    ,Broen                              ,N,N,N,J,N,Kunder med bare sparekonto         ,N,N,N,N,N,N,N,N,N,N,N
3229,29106405547,P,01980,Anna-Lena Kenneth                  ,Fiske                              ,N,N,N,J,N,Kunder med bare sparekonto         ,N,N,N,N,N,N,N,N,N,N,N
3229,08023909600,P,07140,Malika Frank                       ,Kjærvik                            ,N,N,N,N,N,Kunder med bare sparekonto         ,N,N,N,N,N,N,N,N,N,N,N
3229,20029717568,P,01980,Catrine Torsten                    ,Jessen                             ,N,N,N,J,N,Kunder med bare sparekonto         ,N,N,N,N,N,N,N,N,N,N,N
3229,07099800660,P,01124,Regina Ricardo                     ,Stene                              ,N,N,N,N,N,Kunder med bare sparekonto         ,N,N,N,N,N,N,N,N,N,N,N
3229,05027609815,P,01980,Isabel Carsten                     ,Lockert                            ,N,N,N,J,N,Kunder med bare sparekonto         ,N,N,N,N,N,N,N,N,N,N,N
3229,07075409189,P,01980,Berge Hedda                        ,Grue                               ,N,N,N,J,N,Kunder med bare sparekonto         ,N,N,N,N,N,N,N,N,N,N,N
3229,17098911561,P,01980,Solrunn Mahad                      ,Eidsheim                           ,N,N,N,J,N,Kunder med bare sparekonto         ,N,N,N,N,N,N,N,N,N,N,N
3229,05045107681,P,01300,Nicoline Tord                      ,Salbu                              ,N,N,N,N,N,Kunder med bare sparekonto         ,N,N,N,N,N,N,N,N,N,N,N
3229,08088214650,P,08035,Mihaela Odd-Arne                   ,Kvandal                            ,N,N,N,J,N,Kunder med bare sparekonto         ,N,N,N,N,N,N,N,N,N,N,N
3229,14089722730,P,01197,Nils Bertha                        ,Myreng                             ,N,N,N,J,N,Kunder med bare sparekonto         ,N,N,N,N,N,N,N,N,N,N,N
3229,29115809332,P,01980,Gertrud Nicolae                    ,Sjølie                             ,N,N,N,J,N,Kunder med bare sparekonto         ,N,N,N,N,N,N,N,N,N,N,N
3229,06118709770,P,06200,Geir Leah                          ,Birkenes                           ,N,N,N,N,N,Kunder med bare sparekonto         ,N,N,N,N,N,N,N,N,N,N,N
3229,01018120263,P,01145,Silje Sigve                        ,Kolberg                            ,N,J,N,J,N,Kunder med bare sparekonto         ,N,N,N,N,N,N,N,N,N,N,N
3229,14029417661,P,01980,Betsy Kenny                        ,Leivestad                          ,N,N,N,J,N,Kunder med bare sparekonto         ,N,N,N,N,N,N,N,N,N,N,N
3229,16075206031,P,04100,Kristofer Eirin                    ,Wanvik                             ,N,J,N,J,N,Kunder med bare sparekonto         ,N,N,N,N,N,N,N,N,N,N,N
3229,19078114730,P,03920,Oddveig Ole-Marius                 ,Klein                              ,N,N,N,N,N,Kunder med bare sparekonto         ,N,N,N,N,N,N,N,N,N,N,N
3229,09050637902,P,02560,Gordon Janicke                     ,Ryan                               ,N,N,N,J,N,Kunder med bare sparekonto         ,N,N,N,N,N,N,N,N,N,N,N
3229,09017616797,P,01980,Patric Margaret                    ,Ofstad                             ,N,N,N,J,N,Kunder med bare sparekonto         ,N,N,N,N,N,N,N,N,N,N,N
3229,24105127355,P,01450,Ståle Gurli                        ,Krogsrud                           ,N,N,N,J,N,Kunder med bare sparekonto         ,N,N,N,N,N,N,N,N,N,N,N
3229,12069323330,P,01980,Ellen Mateo                        ,Kolbjørnsen                        ,N,N,N,J,N,Kunder med bare sparekonto         ,N,N,N,N,N,N,N,N,N,N,N
3229,19091424153,P,01450,Nicoleta Mladen                    ,Børsheim                           ,N,N,N,N,N,Kunder med bare sparekonto         ,N,N,N,N,N,N,N,N,N,N,N
3229,09089412991,P,01199,Tale Elvis                         ,Skei                               ,N,N,N,J,N,Kunder med bare sparekonto         ,N,N,N,N,N,N,N,N,N,N,N
3229,18038404217,P,01980,Gordon Live                        ,Stigen                             ,N,N,N,J,N,Kunder med bare sparekonto         ,N,N,N,N,N,N,N,N,N,N,N
3229,08076402400,P,01980,Fatime Tron                        ,Bendixen                           ,N,N,N,J,N,Kunder med bare sparekonto         ,N,N,N,N,N,N,N,N,N,N,N
3229,03064611428,P,07140,Ella Per-Kristian                  ,Tandstad                           ,N,N,N,J,N,Kunder med bare sparekonto         ,N,N,N,N,N,N,N,N,N,N,N
3229,26058403325,P,01980,Saida Mohsen                       ,Grue                               ,N,N,N,J,N,Kunder med bare sparekonto         ,N,N,N,N,N,N,N,N,N,N,N
3229,19021628258,P,07140,Brigt Tatjana                      ,Miller                             ,N,N,N,N,N,Kunder med bare sparekonto         ,N,N,N,N,N,N,N,N,N,N,N
3229,29040956482,P,01125,Aurelija Aslan                     ,Algrøy                             ,N,N,N,N,N,Kunder med bare sparekonto         ,N,N,N,N,N,N,N,N,N,N,N
3229,11056813006,P,01145,Madeleine Ted                      ,Tewelde                            ,N,N,N,J,N,Kunder med bare sparekonto         ,N,N,N,N,N,N,N,N,N,N,N
3229,24064100072,P,01200,Henrik Bergljot                    ,Holmøy                             ,N,J,N,J,N,Kunder med bare sparekonto         ,N,N,N,N,N,N,N,N,N,N,N
3229,22090421933,P,07140,Frithjof Silja                     ,Høgås                              ,N,N,N,J,N,Kunder med bare sparekonto         ,N,N,N,N,N,N,N,N,N,N,N
3229,15068009607,P,01980,Stener Lin                         ,Habberstad                         ,N,N,N,J,N,Kunder med bare sparekonto         ,N,N,N,N,N,N,N,N,N,N,N
3229,05034605647,P,01145,Victor Sølvi                       ,Valberg                            ,N,N,N,J,N,Kunder med bare sparekonto         ,N,N,N,N,N,N,N,N,N,N,N
3229,30089860535,P,01980,Bozena Sorin                       ,Nedregård                          ,N,N,N,J,N,Kunder med bare sparekonto         ,N,N,N,N,N,N,N,N,N,N,N
3229,21031310277,P,01450,Toini Marton                       ,Brastad                            ,N,N,N,N,N,Kunder med bare sparekonto         ,N,N,N,N,N,N,N,N,N,N,N
3229,31107114508,P,01980,Lotte Abdulkadir                   ,Svensson                           ,N,N,N,J,N,Kunder med bare sparekonto         ,N,N,N,N,N,N,N,N,N,N,N
3229,01019203839,P,07250,Thi Torgny                         ,Kjærvik                            ,N,N,N,N,N,Kunder med bare sparekonto         ,N,N,N,N,N,N,N,N,N,N,N
3229,24028809898,P,01980,Halldis Kris                       ,Aksnes                             ,N,N,N,J,N,Kunder med bare sparekonto         ,N,N,N,N,N,N,N,N,N,N,N
3229,16096709858,P,01450,Rasa Joakim                        ,Skailand                           ,N,J,N,J,N,Kunder med bare sparekonto         ,N,N,N,N,N,N,N,N,N,N,N
3229,15118809723,P,01980,Catrin Sasa                        ,Phan                               ,N,N,N,J,N,Kunder med bare sparekonto         ,N,N,N,N,N,N,N,N,N,N,N
3229,23088703189,P,03940,Timothy Anne-Marie                 ,Misund                             ,N,N,N,N,N,Kunder med bare sparekonto         ,N,N,N,N,N,N,N,N,N,N,N
3229,05048514393,P,01980,Christen Mary-Ann                  ,Brekka                             ,N,N,N,J,N,Kunder med bare sparekonto         ,N,N,N,N,N,N,N,N,N,N,N
3229,10091423761,P,03100,Ole-Kristian Evy                   ,Teigland                           ,N,N,N,N,N,Kunder med bare sparekonto         ,N,N,N,N,N,N,N,N,N,N,N
3229,13100827845,P,01117,Werner Seline                      ,Rui                                ,N,N,N,N,N,Kunder med bare sparekonto         ,N,N,N,N,N,N,N,N,N,N,N
3229,07079117190,P,02560,Bettina Babak                      ,Abbas                              ,N,J,N,N,N,Kunder med bare sparekonto         ,N,N,N,N,N,N,N,N,N,N,N
3229,09036918621,P,01980,Gregor Seline                      ,Mortensen                          ,N,N,N,J,N,Kunder med bare sparekonto         ,N,N,N,N,N,N,N,N,N,N,N
3229,14119002959,P,01980,Esther Sylwester                   ,Vonheim                            ,N,N,N,J,N,Kunder med bare sparekonto         ,N,N,N,N,N,N,N,N,N,N,N
3229,16095324995,P,01980,Anne-Kristine Trym                 ,Lindås                             ,N,N,N,J,N,Kunder med bare sparekonto         ,N,N,N,N,N,N,N,N,N,N,N
3229,16067607531,P,01980,Edgar Antonia                      ,Enes                               ,N,N,N,J,N,Kunder med bare sparekonto         ,N,N,N,N,N,N,N,N,N,N,N
3229,17069213332,P,01980,Anna-Karin Trond                   ,Elde                               ,N,N,N,J,N,Kunder med bare sparekonto         ,N,N,N,N,N,N,N,N,N,N,N
3229,15087602696,P,01980,Erin Ramin                         ,Ree                                ,N,N,N,J,N,Kunder med bare sparekonto         ,N,N,N,N,N,N,N,N,N,N,N
3229,25039805319,P,01980,Mattis Belinda                     ,Martinussen                        ,N,N,N,J,N,Kunder med bare sparekonto         ,N,N,N,N,N,N,N,N,N,N,N
3229,16109004514,P,01980,Inna Kian                          ,Rødsjø                             ,N,N,N,J,N,Kunder med bare sparekonto         ,N,N,N,N,N,N,N,N,N,N,N
3229,06105001736,P,01450,Alette Sivert                      ,Eskedal                            ,N,N,J,J,N,Kunder med bare sparekonto         ,N,N,N,N,N,N,N,N,N,N,N
3229,21088915892,P,01980,Rosita Hans-Christian              ,Eriksson                           ,N,N,N,J,N,Kunder med bare sparekonto         ,N,N,N,N,N,N,N,N,N,N,N
3229,29067007938,P,01980,Yosef Tahira                       ,Walstad                            ,N,N,N,J,N,Kunder med bare sparekonto         ,N,N,N,N,N,N,N,N,N,N,N
3229,21020855352,P,08030,Mantas Mimmi                       ,Dyrnes                             ,N,N,N,N,N,Kunder med bare sparekonto         ,N,N,N,N,N,N,N,N,N,N,N
3229,04097616308,P,01980,Stein Uzma                         ,Knutsen                            ,N,N,N,J,N,Kunder med bare sparekonto         ,N,N,N,N,N,N,N,N,N,N,N
3229,01048307651,P,01980,Mateusz Zofia                      ,Dalsbø                             ,N,N,N,J,N,Kunder med bare sparekonto         ,N,N,N,N,N,N,N,N,N,N,N
3229,09089304161,P,01980,Birgitta Ireneusz                  ,Taraldsen                          ,N,N,N,J,N,Kunder med bare sparekonto         ,N,N,N,N,N,N,N,N,N,N,N
3229,02064600632,P,03850,Joar Olea                          ,Buan                               ,N,J,N,J,N,Kunder med bare sparekonto         ,N,N,N,N,N,N,N,N,N,N,N
3229,10103919377,P,07800,Lotte Abdulkadir                   ,Skålevik                           ,N,J,N,J,N,Kunder med bare sparekonto         ,N,N,N,N,N,N,N,N,N,N,N
3229,26044412178,P,02450,Minh Thorgeir                      ,Nysted                             ,N,J,N,N,N,Kunder med bare sparekonto         ,N,N,N,N,N,N,N,N,N,N,N
3229,21018717740,P,01980,Oddmar Serina                      ,Olaussen                           ,N,N,N,J,N,Kunder med bare sparekonto         ,N,N,N,N,N,N,N,N,N,N,N
3229,16059804573,P,01980,Juliane Herleif                    ,Hafstad                            ,N,N,N,J,N,Kunder med bare sparekonto         ,N,N,N,N,N,N,N,N,N,N,N
3229,10127503996,P,01980,Hilde Egon                         ,Schanke                            ,N,N,N,J,N,Kunder med bare sparekonto         ,N,N,N,N,N,N,N,N,N,N,N
3229,29076704293,P,03850,Knud Gitte                         ,Norli                              ,N,J,N,J,N,Kunder med bare sparekonto         ,N,N,N,N,N,N,N,N,N,N,N
3229,07050070306,P,01980,Tone Roald                         ,Levang                             ,N,N,N,J,N,Kunder med bare sparekonto         ,N,N,N,N,N,N,N,N,N,N,N
3229,13108614204,P,07800,Cristian Margret                   ,Skille                             ,N,N,N,J,N,Kunder med bare sparekonto         ,N,N,N,N,N,N,N,N,N,N,N
3229,29037606403,P,01980,Shazia Mindaugas                   ,Rånes                              ,N,N,N,J,N,Kunder med bare sparekonto         ,N,N,N,N,N,N,N,N,N,N,N
3229,14104509062,P,03920,Petr Herdis                        ,Sønstebø                           ,N,N,N,N,N,Kunder med bare sparekonto         ,N,N,N,N,N,N,N,N,N,N,N
3229,19120216573,P,01980,Antoni Oddhild                     ,Stein                              ,N,N,N,J,N,Kunder med bare sparekonto         ,N,N,N,N,N,N,N,N,N,N,N
3229,11019211780,P,01980,Birte Sigve                        ,Jevne                              ,N,N,N,J,N,Kunder med bare sparekonto         ,N,N,N,N,N,N,N,N,N,N,N
3229,23097712662,P,01980,Henrik Jasmine                     ,Brænden                            ,N,N,N,J,N,Kunder med bare sparekonto         ,N,N,N,N,N,N,N,N,N,N,N
3229,12059611168,P,01980,Annelin Marius                     ,Sletta                             ,N,N,N,J,N,Kunder med bare sparekonto         ,N,N,N,N,N,N,N,N,N,N,N
3229,17099008113,P,01980,Andrius Rachel                     ,Balstad                            ,N,N,N,J,N,Kunder med bare sparekonto         ,N,N,N,N,N,N,N,N,N,N,N
3229,20027704582,P,01980,Skjalg Selma                       ,Olaisen                            ,N,N,N,J,N,Kunder med bare sparekonto         ,N,N,N,N,N,N,N,N,N,N,N
3229,22109207970,P,01980,Bella Cesar                        ,Ørbeck                             ,N,N,N,J,N,Kunder med bare sparekonto         ,N,N,N,N,N,N,N,N,N,N,N
3229,15088401899,P,01145,Kjellrun Manuel                    ,Strømberg                          ,N,N,N,N,N,Kunder med bare sparekonto         ,N,N,N,N,N,N,N,N,N,N,N
3229,30094809416,P,01112,Edgar Irena                        ,Tønder                             ,N,N,N,J,N,Kunder med bare sparekonto         ,N,N,N,N,N,N,N,N,N,N,N
3229,01108210008,P,01980,Knut-Erik Trine                    ,Vegsund                            ,N,N,N,J,N,Kunder med bare sparekonto         ,N,N,N,N,N,N,N,N,N,N,N
3229,02024721836,B,01117,Annichen Pieter                    ,Edvardsen                          ,N,J,J,J,N,Kunder med bare sparekonto         ,N,N,N,N,N,N,N,N,N,N,N
3229,13088203970,P,01980,Marcel Othilie                     ,Solevåg                            ,N,N,N,J,N,Kunder med bare sparekonto         ,N,N,N,N,N,N,N,N,N,N,N
3229,29016111315,P,06200,Odd-Erik Hallfrid                  ,Sæter                              ,N,N,N,J,N,Kunder med bare sparekonto         ,N,N,N,N,N,N,N,N,N,N,N
3229,05098302923,P,01980,Thorbjørn Berit                    ,Holst                              ,N,N,N,J,N,Kunder med bare sparekonto         ,N,N,N,N,N,N,N,N,N,N,N
3229,17050307611,P,01980,Mussie Kari-Ann                    ,Sæle                               ,N,N,N,J,N,Kunder med bare sparekonto         ,N,N,N,N,N,N,N,N,N,N,N
3229,04040128188,P,01980,Iselin Emilio                      ,Skjæret                            ,N,N,N,J,N,Kunder med bare sparekonto         ,N,N,N,N,N,N,N,N,N,N,N
3229,10097813308,P,01980,Wojciech Halfrid                   ,Elstad                             ,N,N,N,J,N,Kunder med bare sparekonto         ,N,N,N,N,N,N,N,N,N,N,N
3229,15026503814,P,01980,Loreta Marcelo                     ,Øien                               ,N,N,N,J,N,Kunder med bare sparekonto         ,N,N,N,N,N,N,N,N,N,N,N
3229,08114009386,P,01145,Siw Njål                           ,Rodal                              ,N,N,N,J,N,Kunder med bare sparekonto         ,N,N,N,N,N,N,N,N,N,N,N
3229,20028610026,P,01980,Mattis Vårin                       ,Vevang                             ,N,N,N,J,N,Kunder med bare sparekonto         ,N,N,N,N,N,N,N,N,N,N,N
3229,23038107216,P,01980,Anne-Kristine Marton               ,Thrane                             ,N,N,N,J,N,Kunder med bare sparekonto         ,N,N,N,N,N,N,N,N,N,N,N
3229,06085405118,P,01199,Miranda Stein-Erik                 ,Buan                               ,N,N,N,J,N,Kunder med bare sparekonto         ,N,N,N,N,N,N,N,N,N,N,N
3229,15085010090,P,07100,Britha Kris                        ,Gustad                             ,N,J,J,J,N,Kunder med bare sparekonto         ,N,N,N,N,N,N,N,N,N,N,N
3229,29045610487,P,06200,Fride Jari                         ,Lauritsen                          ,N,J,J,J,N,Kunder med bare sparekonto         ,N,N,N,N,N,N,N,N,N,N,N
3229,26127814952,P,01980,Rolandas Torveig                   ,Neteland                           ,N,N,N,J,N,Kunder med bare sparekonto         ,N,N,N,N,N,N,N,N,N,N,N
3229,16029106820,P,01980,Tara Sasa                          ,Fardal                             ,N,N,N,J,N,Kunder med bare sparekonto         ,N,N,N,N,N,N,N,N,N,N,N
3229,29065103638,P,04100,Berthe Borger                      ,Tokle                              ,N,J,J,J,N,Kunder med bare sparekonto         ,N,N,N,N,N,N,N,N,N,N,N
3229,28114811213,P,01125,Zeinab Istvan                      ,Rikardsen                          ,N,J,N,J,N,Kunder med bare sparekonto         ,N,N,N,N,N,N,N,N,N,N,N
3229,14030916213,P,03850,Brigt Edle                         ,Thompson                           ,N,N,N,N,N,Kunder med bare sparekonto         ,N,N,N,N,N,N,N,N,N,N,N
3229,12018019793,P,01980,Jessie Melvin                      ,Helset                             ,N,N,N,J,N,Kunder med bare sparekonto         ,N,N,N,N,N,N,N,N,N,N,N
3229,23118806417,P,02560,Kristofer Samira                   ,Mostue                             ,N,J,N,N,N,Kunder med bare sparekonto         ,N,N,N,N,N,N,N,N,N,N,N
3229,26059363742,P,01980,Jan-Fredrik Dina                   ,Fiskum                             ,N,N,N,J,N,Kunder med bare sparekonto         ,N,N,N,N,N,N,N,N,N,N,N
3229,25114805931,P,08035,Tanya Oddmund                      ,Bjerkeli                           ,J,N,N,J,N,Kunder med bare sparekonto         ,N,N,N,N,N,N,N,N,N,N,N
3229,19026313891,P,01980,Elbjørg Jan-Olav                   ,Langnes                            ,N,N,N,J,N,Kunder med bare sparekonto         ,N,N,N,N,N,N,N,N,N,N,N
3229,08096316888,P,07140,Torgunn Pawel                      ,Langerud                           ,N,N,N,N,N,Kunder med bare sparekonto         ,N,N,N,N,N,N,N,N,N,N,N
3229,26090062327,P,07100,Lilia Ingvard                      ,Fjellvang                          ,N,N,N,N,N,Kunder med bare sparekonto         ,N,N,N,N,N,N,N,N,N,N,N
3229,15099021192,P,08100,Sead Gabrielle                     ,Halstensen                         ,N,N,N,J,N,Kunder med bare sparekonto         ,N,N,N,N,N,N,N,N,N,N,N
3229,20029203599,P,01980,Werner Ann-Cathrin                 ,Osmundsen                          ,N,N,N,J,N,Kunder med bare sparekonto         ,N,N,N,N,N,N,N,N,N,N,N
3229,08027515933,P,01980,Gabriella Albin                    ,Heggedal                           ,N,N,N,J,N,Kunder med bare sparekonto         ,N,N,N,N,N,N,N,N,N,N,N
3229,14087805493,P,01980,Caroline Jorulf                    ,Landrø                             ,N,N,N,J,N,Kunder med bare sparekonto         ,N,N,N,N,N,N,N,N,N,N,N
3229,09019862949,P,01980,Rodney Gitte                       ,Fagernes                           ,N,N,N,J,N,Kunder med bare sparekonto         ,N,N,N,N,N,N,N,N,N,N,N
3229,12128467546,P,01980,Antje Sverre                       ,Mong                               ,N,N,N,J,N,Kunder med bare sparekonto         ,N,N,N,N,N,N,N,N,N,N,N
3229,01129902252,P,01980,Drude Mirza                        ,Midtskogen                         ,N,N,N,J,N,Kunder med bare sparekonto         ,N,N,N,N,N,N,N,N,N,N,N
3229,04029210166,P,01980,Malena Maciej                      ,Anwar                              ,N,N,N,J,N,Kunder med bare sparekonto         ,N,N,N,N,N,N,N,N,N,N,N
3229,08037315649,P,01199,Abdirashid Rahel                   ,Ervik                              ,N,N,N,J,N,Kunder med bare sparekonto         ,N,N,N,N,N,N,N,N,N,N,N
3229,09026016239,P,01200,Frode Agneta                       ,Lange                              ,N,J,N,J,N,Kunder med bare sparekonto         ,N,N,N,N,N,N,N,N,N,N,N
3229,23039311801,P,01450,Monique Abdifatah                  ,Mauseth                            ,N,N,N,J,N,Kunder med bare sparekonto         ,N,N,N,N,N,N,N,N,N,N,N
3229,08070076196,P,01199,Allis Frederik                     ,Kolnes                             ,N,N,N,J,N,Kunder med bare sparekonto         ,N,N,N,N,N,N,N,N,N,N,N
3229,27089322311,P,07800,Edita Fabio                        ,Rui                                ,N,N,N,J,N,Kunder med bare sparekonto         ,N,N,N,N,N,N,N,N,N,N,N
3229,01011435935,P,02450,Torgny Nasrin                      ,Nysted                             ,N,N,N,N,N,Kunder med bare sparekonto         ,N,N,N,N,N,N,N,N,N,N,N
3229,15099119346,P,01980,Magomed Carola                     ,Kværner                            ,N,N,N,J,N,Kunder med bare sparekonto         ,N,N,N,N,N,N,N,N,N,N,N
3229,22085020602,P,02560,Berthe Borger                      ,Bjørn                              ,N,J,N,N,N,Kunder med bare sparekonto         ,N,N,N,N,N,N,N,N,N,N,N
3229,17028800592,P,01980,Joacim Fay                         ,Beyer                              ,N,N,N,J,N,Kunder med bare sparekonto         ,N,N,N,N,N,N,N,N,N,N,N
3229,08097716618,P,01125,Justinas Anne-Merete               ,Nordmark                           ,N,N,N,N,N,Kunder med bare sparekonto         ,N,N,N,N,N,N,N,N,N,N,N
3229,31079207732,P,01980,Iryna Manuel                       ,Storsve                            ,N,N,N,J,N,Kunder med bare sparekonto         ,N,N,N,N,N,N,N,N,N,N,N
3229,23108920521,P,01125,Ann-Katrin Herleif                 ,Angvik                             ,N,N,N,J,N,Kunder med bare sparekonto         ,N,N,N,N,N,N,N,N,N,N,N
3229,15098510564,P,01980,Iwona Ioan                         ,Sture                              ,N,N,N,J,N,Kunder med bare sparekonto         ,N,N,N,N,N,N,N,N,N,N,N
3229,18047306279,P,03100,Cathinka Billy                     ,Bratvold                           ,N,N,N,N,N,Kunder med bare sparekonto         ,N,N,N,N,N,N,N,N,N,N,N
3229,25069500369,P,07800,Juan Lorna                         ,Fjeldberg                          ,N,N,N,J,N,Kunder med bare sparekonto         ,N,N,N,N,N,N,N,N,N,N,N
3229,23098513604,P,02560,Thone Stig                         ,Homme                              ,N,N,N,N,N,Kunder med bare sparekonto         ,N,N,N,N,N,N,N,N,N,N,N
3229,02058954562,P,01980,Veslemøy Thom                      ,Indahl                             ,N,N,N,J,N,Kunder med bare sparekonto         ,N,N,N,N,N,N,N,N,N,N,N
3229,14129562596,P,01980,Oddmar Serina                      ,Øksendal                           ,N,N,N,J,N,Kunder med bare sparekonto         ,N,N,N,N,N,N,N,N,N,N,N
3229,29078804341,P,01980,Dumitru Antonia                    ,Kolseth                            ,N,N,N,J,N,Kunder med bare sparekonto         ,N,N,N,N,N,N,N,N,N,N,N
3229,21065201574,P,01980,Nada Roald                         ,Brænden                            ,N,N,N,J,N,Kunder med bare sparekonto         ,N,N,N,N,N,N,N,N,N,N,N
3229,28041321581,P,03850,Rosa Julio                         ,Eide                               ,N,N,N,N,N,Kunder med bare sparekonto         ,N,N,N,N,N,N,N,N,N,N,N
3229,28118901799,P,01980,Søren Anine                        ,Mehl                               ,N,N,N,J,N,Kunder med bare sparekonto         ,N,N,N,N,N,N,N,N,N,N,N
3229,22054820066,P,08060,Asmund Kaia                        ,Kapstad                            ,N,N,N,N,N,Kunder med bare sparekonto         ,N,N,N,N,N,N,N,N,N,N,N
3229,10099317472,P,01980,Janny Magnus                       ,Brænden                            ,N,N,N,J,N,Kunder med bare sparekonto         ,N,N,N,N,N,N,N,N,N,N,N
3229,05067913606,P,01145,Timothy Kathrine                   ,Grøndahl                           ,N,N,N,J,N,Kunder med bare sparekonto         ,N,N,N,N,N,N,N,N,N,N,N
3229,23096710976,P,01199,Jo Linea                           ,Heldal                             ,N,N,N,J,N,Kunder med bare sparekonto         ,N,N,N,N,N,N,N,N,N,N,N
3229,09029125403,P,01199,Erle Sture                         ,Johnsen                            ,N,J,N,N,N,Kunder med bare sparekonto         ,N,N,N,N,N,N,N,N,N,N,N
3229,09049014969,P,01980,Rigmor Abdulahi                    ,Svensson                           ,N,N,N,J,N,Kunder med bare sparekonto         ,N,N,N,N,N,N,N,N,N,N,N
3229,03028800303,P,01197,Endre Toini                        ,Vevang                             ,N,N,N,J,N,Kunder med bare sparekonto         ,N,N,N,N,N,N,N,N,N,N,N
3229,13115607647,P,01980,Rana Juozas                        ,Kydland                            ,N,N,N,J,N,Kunder med bare sparekonto         ,N,N,N,N,N,N,N,N,N,N,N
3229,15026312466,P,02560,Mårten Kateryna                    ,Volden                             ,N,J,J,N,N,Kunder med bare sparekonto         ,N,N,N,N,N,N,N,N,N,N,N
3229,27119425498,P,01980,Jurate Jahn                        ,Willumsen                          ,N,N,N,J,N,Kunder med bare sparekonto         ,N,N,N,N,N,N,N,N,N,N,N
3229,27129515355,P,01980,Marton Thao                        ,Fredheim                           ,N,N,N,J,N,Kunder med bare sparekonto         ,N,N,N,N,N,N,N,N,N,N,N
3229,14077504657,P,01980,Kaja Akram                         ,Jenssen                            ,N,N,N,J,N,Kunder med bare sparekonto         ,N,N,N,N,N,N,N,N,N,N,N
3229,28116015597,P,01112,Aslak Gro-Anita                    ,Mehmood                            ,N,J,N,J,N,Kunder med bare sparekonto         ,N,N,N,N,N,N,N,N,N,N,N
3229,05067904194,P,01980,Gabriella Albin                    ,Bøhmer                             ,N,N,N,J,N,Kunder med bare sparekonto         ,N,N,N,N,N,N,N,N,N,N,N
3229,14077809091,P,08035,Kjellaug Kris                      ,Øverland                           ,N,N,N,J,N,Kunder med bare sparekonto         ,N,N,N,N,N,N,N,N,N,N,N
3229,21069006350,P,01980,Cesar Ramune                       ,Fossnes                            ,N,N,N,J,N,Kunder med bare sparekonto         ,N,N,N,N,N,N,N,N,N,N,N
3229,03021217009,P,02450,Nataniel Anne-May                  ,Hofseth                            ,N,N,N,N,N,Kunder med bare sparekonto         ,N,N,N,N,N,N,N,N,N,N,N
3229,24128003351,P,01980,Yngvild Oddmund                    ,Stokstad                           ,N,N,N,J,N,Kunder med bare sparekonto         ,N,N,N,N,N,N,N,N,N,N,N
3229,07107206226,P,01199,Ramona Ivo                         ,Klepp                              ,N,N,N,N,N,Kunder med bare sparekonto         ,N,N,N,N,N,N,N,N,N,N,N
3229,07119017925,P,01980,Werner Carine                      ,Halsen                             ,N,N,N,J,N,Kunder med bare sparekonto         ,N,N,N,N,N,N,N,N,N,N,N
3229,13020133125,P,01980,Inna Hans                          ,Voll                               ,N,N,N,J,N,Kunder med bare sparekonto         ,N,N,N,N,N,N,N,N,N,N,N
3229,21010241291,P,01980,Ben Ljiljana                       ,Rovik                              ,N,N,N,J,N,Kunder med bare sparekonto         ,N,N,N,N,N,N,N,N,N,N,N
3229,14116505763,P,01980,Minh Thorgeir                      ,Kittilsen                          ,N,N,N,J,N,Kunder med bare sparekonto         ,N,N,N,N,N,N,N,N,N,N,N
3229,01110234887,P,01199,Paola Bjørn-Inge                   ,Osmundsen                          ,N,N,N,J,N,Kunder med bare sparekonto         ,N,N,N,N,N,N,N,N,N,N,N
3229,30115004790,P,01980,Melanie Geir-Arne                  ,Schanche                           ,N,N,N,J,N,Kunder med bare sparekonto         ,N,N,N,N,N,N,N,N,N,N,N
3229,24018512587,P,01980,Benny May-Britt                    ,Fagerli                            ,N,N,N,J,N,Kunder med bare sparekonto         ,N,N,N,N,N,N,N,N,N,N,N
3229,07059460794,P,01197,Senad Benthe                       ,Thuen                              ,N,N,N,J,N,Kunder med bare sparekonto         ,N,N,N,N,N,N,N,N,N,N,N
3229,09028020225,B,01110,Indre Maciej                       ,Rørtveit                           ,N,J,N,N,N,Kunder med bare sparekonto         ,N,N,N,N,N,N,N,N,N,N,N
3229,25050473662,P,01980,Catherine Ingvald                  ,Lockert                            ,N,N,N,J,N,Kunder med bare sparekonto         ,N,N,N,N,N,N,N,N,N,N,N
3229,06079621348,P,01980,Torkell Solbjørg                   ,Sollien                            ,N,N,N,J,N,Kunder med bare sparekonto         ,N,N,N,N,N,N,N,N,N,N,N
3229,14047404232,P,02450,An-Magritt Johnny                  ,Holgersen                          ,N,N,N,N,N,Kunder med bare sparekonto         ,N,N,N,N,N,N,N,N,N,N,N
3229,30128911215,P,01980,Rino Selma                         ,Slåtten                            ,N,N,N,J,N,Kunder med bare sparekonto         ,N,N,N,N,N,N,N,N,N,N,N
3229,17088511417,P,01980,Dawid Dominika                     ,Presthus                           ,N,N,N,J,N,Kunder med bare sparekonto         ,N,N,N,N,N,N,N,N,N,N,N
3229,10037912161,P,01980,Azad Annett                        ,Sivertsen                          ,N,N,N,J,N,Kunder med bare sparekonto         ,N,N,N,N,N,N,N,N,N,N,N
3229,11075403102,P,01199,Nadja Ben                          ,Berre                              ,N,N,N,J,N,Kunder med bare sparekonto         ,N,N,N,N,N,N,N,N,N,N,N
3229,02087811738,P,01980,Asle Ellie                         ,Lindahl                            ,N,N,N,J,N,Kunder med bare sparekonto         ,N,N,N,N,N,N,N,N,N,N,N
3229,15034602228,P,06200,Heather Samuel                     ,Lade                               ,N,N,N,J,N,Kunder med bare sparekonto         ,N,N,N,N,N,N,N,N,N,N,N
3229,21129855778,P,01450,Farhad Jeanne                      ,Stava                              ,N,N,N,N,N,Kunder med bare sparekonto         ,N,N,N,N,N,N,N,N,N,N,N
3229,15076901594,P,01980,Torolf Anisa                       ,Herheim                            ,N,N,N,J,N,Kunder med bare sparekonto         ,N,N,N,N,N,N,N,N,N,N,N
3229,11119322334,P,01980,Fillip Alice                       ,Hovda                              ,N,N,N,J,N,Kunder med bare sparekonto         ,N,N,N,N,N,N,N,N,N,N,N
3229,16040453877,P,01124,Silje Sigve                        ,Byrkjeland                         ,N,N,N,J,N,Kunder med bare sparekonto         ,N,N,N,N,N,N,N,N,N,N,N
3229,18066120615,P,01145,Nadezda Torbjørn                   ,Olaussen                           ,N,N,N,J,N,Kunder med bare sparekonto         ,N,N,N,N,N,N,N,N,N,N,N
3229,17049914334,P,01980,Ramune Herleif                     ,Danielsen                          ,N,N,N,J,N,Kunder med bare sparekonto         ,N,N,N,N,N,N,N,N,N,N,N
3229,31039105821,P,01980,Katinka Varg                       ,Ersland                            ,N,N,N,J,N,Kunder med bare sparekonto         ,N,N,N,N,N,N,N,N,N,N,N
3229,02031129527,P,03100,Celina Paulo                       ,Sørli                              ,N,N,N,N,N,Kunder med bare sparekonto         ,N,N,N,N,N,N,N,N,N,N,N
3229,20129000296,P,01980,Nikita Kaja                        ,Granås                             ,N,N,N,J,N,Kunder med bare sparekonto         ,N,N,N,N,N,N,N,N,N,N,N
3229,21103611048,P,03850,Heiko Gunda                        ,Sekkingstad                        ,N,J,J,J,N,Kunder med bare sparekonto         ,N,N,N,N,N,N,N,N,N,N,N
3229,06097807149,P,01980,Asha Milian                        ,Robberstad                         ,N,N,N,J,N,Kunder med bare sparekonto         ,N,N,N,N,N,N,N,N,N,N,N
3229,01095515378,P,01199,Ann-Katrin Dovydas                 ,Soltveit                           ,N,N,N,J,N,Kunder med bare sparekonto         ,N,N,N,N,N,N,N,N,N,N,N
3229,20117605060,P,01980,Youssef Manuela                    ,Nyhagen                            ,N,N,N,J,N,Kunder med bare sparekonto         ,N,N,N,N,N,N,N,N,N,N,N
3229,03028102398,P,01980,Ea Mika                            ,Mehmood                            ,N,N,N,J,N,Kunder med bare sparekonto         ,N,N,N,N,N,N,N,N,N,N,N
3229,28080228319,P,01980,Siw Njål                           ,Edvardsen                          ,N,N,N,J,N,Kunder med bare sparekonto         ,N,N,N,N,N,N,N,N,N,N,N
3229,04129722849,P,07800,Jurate Jahn                        ,Heggelund                          ,N,N,N,J,N,Kunder med bare sparekonto         ,N,N,N,N,N,N,N,N,N,N,N
3229,13057611736,P,01124,Dumitru Arlene                     ,Willumsen                          ,N,N,N,J,N,Kunder med bare sparekonto         ,N,N,N,N,N,N,N,N,N,N,N
3229,18108217797,P,01450,Ann-Iren Roald                     ,Vågenes                            ,N,N,N,J,N,Kunder med bare sparekonto         ,N,N,N,N,N,N,N,N,N,N,N
3229,25120176725,P,01980,Shahid Minda                       ,Stornes                            ,N,N,N,J,N,Kunder med bare sparekonto         ,N,N,N,N,N,N,N,N,N,N,N
3229,17087906981,P,01980,Bibbi Kenny                        ,Bertelsen                          ,N,N,N,J,N,Kunder med bare sparekonto         ,N,N,N,N,N,N,N,N,N,N,N
3229,18109009721,P,08100,Thao Sasa                          ,Alsos                              ,N,N,N,J,N,Kunder med bare sparekonto         ,N,N,N,N,N,N,N,N,N,N,N
3229,16078664499,P,01980,Azra Julian                        ,Børve                              ,N,N,N,J,N,Kunder med bare sparekonto         ,N,N,N,N,N,N,N,N,N,N,N
3229,08076017558,P,06200,Hawa Frederik                      ,Liabø                              ,N,J,J,N,N,Kunder med bare sparekonto         ,N,N,N,N,N,N,N,N,N,N,N
3229,03087410314,P,08035,Hellen Mehran                      ,Ngo                                ,N,N,N,J,N,Kunder med bare sparekonto         ,N,N,N,N,N,N,N,N,N,N,N
3229,28081326438,P,01200,Carita Aslan                       ,Omholt                             ,N,N,N,N,N,Kunder med bare sparekonto         ,N,N,N,N,N,N,N,N,N,N,N
3229,30118710742,P,01980,Claudia Jorulf                     ,Lea                                ,N,N,N,J,N,Kunder med bare sparekonto         ,N,N,N,N,N,N,N,N,N,N,N
3229,10015815332,P,01980,Ståle Gurli                        ,Dahlstrøm                          ,N,N,N,J,N,Kunder med bare sparekonto         ,N,N,N,N,N,N,N,N,N,N,N
3229,26028708385,P,01980,Edgars Samantha                    ,Paulsen                            ,N,N,N,J,N,Kunder med bare sparekonto         ,N,N,N,N,N,N,N,N,N,N,N
3229,08059611535,P,01980,Victor Lara                        ,Grøneng                            ,N,N,N,J,N,Kunder med bare sparekonto         ,N,N,N,N,N,N,N,N,N,N,N
3229,18010137132,P,01980,Hasan Alma                         ,Hay                                ,N,N,N,J,N,Kunder med bare sparekonto         ,N,N,N,N,N,N,N,N,N,N,N
3229,11018126771,B,01124,Gisela Gregor                      ,Furset                             ,N,N,N,N,N,Kunder med bare sparekonto         ,N,N,N,N,N,N,N,N,N,N,N
3229,03061475833,P,04100,Ilyas Lidia                        ,Karlson                            ,N,N,N,N,N,Kunder med bare sparekonto         ,N,N,N,N,N,N,N,N,N,N,N
3229,07039702287,P,01980,Hroar Mihaela                      ,Vevang                             ,N,N,N,J,N,Kunder med bare sparekonto         ,N,N,N,N,N,N,N,N,N,N,N
3229,11045109536,P,01980,Torsten Magni                      ,Vågenes                            ,N,N,N,J,N,Kunder med bare sparekonto         ,N,N,N,N,N,N,N,N,N,N,N
3229,18129203397,P,01980,Eli Boye                           ,Lauvrak                            ,N,N,N,J,N,Kunder med bare sparekonto         ,N,N,N,N,N,N,N,N,N,N,N
3229,28108309999,P,01980,Ruta Nabil                         ,Svensson                           ,N,N,N,J,N,Kunder med bare sparekonto         ,N,N,N,N,N,N,N,N,N,N,N
3229,13079558952,P,07800,Jens Heidrun                       ,Moksnes                            ,N,N,N,J,N,Kunder med bare sparekonto         ,N,N,N,N,N,N,N,N,N,N,N
3229,06046107215,P,07140,Emilio Mira                        ,Mjelde                             ,N,J,N,J,N,Kunder med bare sparekonto         ,N,N,N,N,N,N,N,N,N,N,N
3229,09016318202,P,03100,Christine Aleksandrs               ,Pettersson                         ,N,J,J,J,N,Kunder med bare sparekonto         ,N,N,N,N,N,N,N,N,N,N,N
3229,10085814074,P,02560,Ernestas Leni                      ,Christoffersen                     ,N,J,J,J,N,Kunder med bare sparekonto         ,N,N,N,N,N,N,N,N,N,N,N
3229,26035212336,P,07140,Marika Jan-Roger                   ,Stein                              ,N,N,N,J,N,Kunder med bare sparekonto         ,N,N,N,N,N,N,N,N,N,N,N
3229,22020233269,P,04100,Stener Lin                         ,Kvilhaug                           ,N,N,N,N,N,Kunder med bare sparekonto         ,N,N,N,N,N,N,N,N,N,N,N
3229,08049810521,P,01980,Anne-Karin Syed                    ,Thorvaldsen                        ,N,N,N,J,N,Kunder med bare sparekonto         ,N,N,N,N,N,N,N,N,N,N,N
3229,04064004102,P,02560,Boye Bergitte                      ,Falck                              ,N,N,N,J,N,Kunder med bare sparekonto         ,N,N,N,N,N,N,N,N,N,N,N
3229,04087814187,P,01980,Hellen Mehran                      ,Sundseth                           ,N,N,N,J,N,Kunder med bare sparekonto         ,N,N,N,N,N,N,N,N,N,N,N
3229,03118607812,P,01980,Victor Astri                       ,Malnes                             ,N,N,N,J,N,Kunder med bare sparekonto         ,N,N,N,N,N,N,N,N,N,N,N
3229,14124606501,P,01110,Mike Gro                           ,Sandli                             ,N,J,N,J,N,Kunder med bare sparekonto         ,N,N,N,N,N,N,N,N,N,N,N
3229,10098407745,P,02450,Marcel Othilie                     ,Rui                                ,N,N,N,N,N,Kunder med bare sparekonto         ,N,N,N,N,N,N,N,N,N,N,N
3229,27089802380,P,01980,Kathleen Willy                     ,Taranger                           ,N,N,N,J,N,Kunder med bare sparekonto         ,N,N,N,N,N,N,N,N,N,N,N
3229,15059067882,P,01980,Tarjei Synneva                     ,Reyes                              ,N,N,N,J,N,Kunder med bare sparekonto         ,N,N,N,N,N,N,N,N,N,N,N
3229,28099607930,P,06200,Tony Eilin                         ,Wroldsen                           ,N,N,N,J,N,Kunder med bare sparekonto         ,N,N,N,N,N,N,N,N,N,N,N
3229,13118617856,P,08100,Ibrahim Carmen                     ,Nome                               ,N,N,N,J,N,Kunder med bare sparekonto         ,N,N,N,N,N,N,N,N,N,N,N
3229,05108417236,P,07800,Denis Tara                         ,Rekstad                            ,N,N,N,J,N,Kunder med bare sparekonto         ,N,N,N,N,N,N,N,N,N,N,N
3229,04119612018,P,03940,Torkell Renate                     ,Aaslund                            ,N,N,N,N,N,Kunder med bare sparekonto         ,N,N,N,N,N,N,N,N,N,N,N
3229,13056515628,P,06200,Claire Alex                        ,Løkkeberg                          ,N,N,N,N,N,Kunder med bare sparekonto         ,N,N,N,N,N,N,N,N,N,N,N
3229,10077724406,P,01980,Sina Akram                         ,Langvik                            ,N,N,N,J,N,Kunder med bare sparekonto         ,N,N,N,N,N,N,N,N,N,N,N
3229,14038102711,P,08035,Elsebeth Jan-Inge                  ,Kalstad                            ,N,N,N,N,N,Kunder med bare sparekonto         ,N,N,N,N,N,N,N,N,N,N,N
3229,05039201773,P,07800,Jenni Ulrik                        ,Justad                             ,N,N,N,N,N,Kunder med bare sparekonto         ,N,N,N,N,N,N,N,N,N,N,N
3229,26028512030,B,01124,Brigt Anneline                     ,Ekeland                            ,N,N,N,J,N,Kunder med bare sparekonto         ,N,N,N,N,N,N,N,N,N,N,N
3229,22019003454,P,01980,Lotta Elvis                        ,Vestly                             ,N,N,N,J,N,Kunder med bare sparekonto         ,N,N,N,N,N,N,N,N,N,N,N
3229,18039530151,P,01980,Jens Ylva                          ,Farstad                            ,N,N,N,J,N,Kunder med bare sparekonto         ,N,N,N,N,N,N,N,N,N,N,N
3229,13099718832,P,01450,Mohamad Dorthea                    ,Nome                               ,N,N,N,J,N,Kunder med bare sparekonto         ,N,N,N,N,N,N,N,N,N,N,N
