4210,10094301012,P,28500,Evita Ari                          ,Sollien                            ,N,N,N,J,N,KUNDER MED UTENLANDSADRESSE        ,N,N,N,N,N,N,N,N,N,N,N
4210,03068259966,P,28500,Mille Abdulkadir                   ,Hellevik                           ,N,N,N,J,N,KUNDER MED UTENLANDSADRESSE        ,N,N,N,N,N,N,N,N,N,N,N
4210,19037468579,P,39911,Vivi-Ann Vilius                    ,Nysæter                            ,N,N,N,J,N,KUNDER MED UTENLANDSADRESSE        ,N,N,N,N,N,N,N,N,N,N,N
4210,27060272633,P,28500,Alise Øyvind                       ,Vevang                             ,N,N,N,J,N,KUNDER MED UTENLANDSADRESSE        ,N,N,N,N,N,N,N,N,N,N,N
4210,11078218357,P,39971,Dick Mirela                        ,Jansen                             ,N,N,N,J,N,KUNDER MED UTENLANDSADRESSE        ,N,N,N,N,N,N,N,N,N,N,N
4210,13028751332,P,28500,Bernhard Farida                    ,Gjelsvik                           ,N,N,N,J,N,KUNDER MED UTENLANDSADRESSE        ,N,N,N,N,N,N,N,N,N,N,N
4210,28128265327,P,28500,Knud Ann-Karin                     ,Gjøsund                            ,N,N,N,J,N,KUNDER MED UTENLANDSADRESSE        ,N,N,N,N,N,N,N,N,N,N,N
4210,28045712550,P,27600,Hasan Anisa                        ,Espedal                            ,N,N,N,J,N,KUNDER MED UTENLANDSADRESSE        ,N,N,N,N,N,N,N,N,N,N,N
4210,05051110139,P,28300,Maricel Skule                      ,Heiberg                            ,N,N,N,J,N,KUNDER MED UTENLANDSADRESSE        ,N,N,N,N,N,N,N,N,N,N,N
4210,23037611131,P,27600,Tine Istvan                        ,Merkesdal                          ,N,N,N,J,N,KUNDER MED UTENLANDSADRESSE        ,N,N,N,N,N,N,N,N,N,N,N
4210,11077809831,P,27200,Anja Aslak                         ,Birkelund                          ,N,N,N,J,N,KUNDER MED UTENLANDSADRESSE        ,N,N,N,N,N,N,N,N,N,N,N
4210,13095915986,P,29600,Raja Nadezda                       ,Ulvin                              ,N,N,N,J,N,KUNDER MED UTENLANDSADRESSE        ,N,N,N,N,N,N,N,N,N,N,N
4210,15029956186,P,27600,Annike Elvis                       ,Iden                               ,N,N,N,J,N,KUNDER MED UTENLANDSADRESSE        ,N,N,N,N,N,N,N,N,N,N,N
4210,14117260314,P,28500,Veslemøy Thom                      ,Helliesen                          ,N,N,N,J,N,KUNDER MED UTENLANDSADRESSE        ,N,N,N,N,N,N,N,N,N,N,N
4210,23109611247,P,27200,Vibeke Benny                       ,Dyrnes                             ,N,N,N,J,N,KUNDER MED UTENLANDSADRESSE        ,N,N,N,N,N,N,N,N,N,N,N
4210,22115109433,P,28500,Elliot Ingela                      ,Taranger                           ,N,N,N,J,N,KUNDER MED UTENLANDSADRESSE        ,N,N,N,N,N,N,N,N,N,N,N
4210,25117822470,P,28500,Ole-Morten Victoria                ,Eliassen                           ,N,N,N,J,N,KUNDER MED UTENLANDSADRESSE        ,N,N,N,N,N,N,N,N,N,N,N
4210,24037800356,P,27600,Bjarte Noor                        ,Hjulstad                           ,N,N,N,J,N,KUNDER MED UTENLANDSADRESSE        ,N,N,N,N,N,N,N,N,N,N,N
4210,27087166134,P,27400,Petr Ina                           ,Heyerdahl                          ,N,N,N,J,N,KUNDER MED UTENLANDSADRESSE        ,N,N,N,N,N,N,N,N,N,N,N
4210,02098104642,P,28500,Rolandas Ewa                       ,Nordahl                            ,N,J,N,J,N,KUNDER MED UTENLANDSADRESSE        ,N,N,N,N,N,N,N,N,N,N,N
4210,12080811045,P,27600,Emad Kjellrun                      ,Austad                             ,N,N,N,J,N,KUNDER MED UTENLANDSADRESSE        ,N,N,N,N,N,N,N,N,N,N,N
4210,13126507997,P,27500,Ambjørg Babak                      ,Fardal                             ,N,N,N,J,N,KUNDER MED UTENLANDSADRESSE        ,N,N,N,N,N,N,N,N,N,N,N
4210,25125422198,P,27600,Raja Nadezda                       ,Thorkildsen                        ,N,J,N,J,N,KUNDER MED UTENLANDSADRESSE        ,N,N,N,N,N,N,N,N,N,N,N
4210,11126904683,P,27400,Hallgeir Christine                 ,Stephansen                         ,N,N,N,J,N,KUNDER MED UTENLANDSADRESSE        ,N,N,N,N,N,N,N,N,N,N,N
4210,29019411190,P,28200,Anne-Merete Oddmund                ,Hansen                             ,N,N,N,J,N,KUNDER MED UTENLANDSADRESSE        ,N,N,N,N,N,N,N,N,N,N,N
4210,25016707344,P,28100,Margrethe Jan-Olav                 ,Rolland                            ,N,N,N,J,N,KUNDER MED UTENLANDSADRESSE        ,N,N,N,N,N,N,N,N,N,N,N
4210,21039311833,P,28500,Benn Bertha                        ,Kaspersen                          ,N,N,N,J,N,KUNDER MED UTENLANDSADRESSE        ,N,N,N,N,N,N,N,N,N,N,N
4210,10097615034,P,29600,Martine Kolbein                    ,Mehl                               ,N,N,N,J,N,KUNDER MED UTENLANDSADRESSE        ,N,N,N,N,N,N,N,N,N,N,N
4210,19099826072,P,27500,Martin Ranveig                     ,Grønvold                           ,N,N,N,J,N,KUNDER MED UTENLANDSADRESSE        ,N,N,N,N,N,N,N,N,N,N,N
4210,27126606899,P,27600,Maud Marcelo                       ,Østmo                              ,N,N,N,J,N,KUNDER MED UTENLANDSADRESSE        ,N,N,N,N,N,N,N,N,N,N,N
4210,01058204826,P,28500,Janine Samuel                      ,Rognmo                             ,N,N,N,J,N,KUNDER MED UTENLANDSADRESSE        ,N,N,N,N,N,N,N,N,N,N,N
4210,24077716471,P,28500,Amanda Florian                     ,Aanensen                           ,N,J,N,J,N,KUNDER MED UTENLANDSADRESSE        ,N,N,N,N,N,N,N,N,N,N,N
4210,04129201954,P,28500,Edward Charlene                    ,Asheim                             ,N,N,N,J,N,KUNDER MED UTENLANDSADRESSE        ,N,N,N,N,N,N,N,N,N,N,N
4210,29067308431,P,29200,Neringa Mahad                      ,Aasen                              ,N,N,N,J,N,KUNDER MED UTENLANDSADRESSE        ,N,N,N,N,N,N,N,N,N,N,N
4210,05019714626,P,28200,Oskar Solveig                      ,Sæle                               ,N,N,N,J,N,KUNDER MED UTENLANDSADRESSE        ,N,N,N,N,N,N,N,N,N,N,N
4210,02108414939,P,27200,Balder Ambjørg                     ,Visnes                             ,N,N,N,N,N,KUNDER MED UTENLANDSADRESSE        ,N,N,N,N,N,N,N,N,N,N,N
4210,27115403449,P,39921,Senad Samina                       ,Storsve                            ,N,N,N,J,N,KUNDER MED UTENLANDSADRESSE        ,N,N,N,N,N,N,N,N,N,N,N
4210,27057900798,P,28500,Ingeborg Knut-Erik                 ,Høie                               ,N,N,N,J,N,KUNDER MED UTENLANDSADRESSE        ,N,N,N,N,N,N,N,N,N,N,N
4210,24066105772,P,28500,Søren Joanne                       ,Bjerkestrand                       ,N,J,N,J,N,KUNDER MED UTENLANDSADRESSE        ,N,N,N,N,N,N,N,N,N,N,N
4210,20107406760,P,27040,Olle Beatriz                       ,Stuen                              ,N,N,N,J,N,KUNDER MED UTENLANDSADRESSE        ,N,N,N,N,N,N,N,N,N,N,N
4210,23017821822,P,39921,Frederick Maja                     ,Elmi                               ,N,N,N,J,N,KUNDER MED UTENLANDSADRESSE        ,N,N,N,N,N,N,N,N,N,N,N
4210,23036507829,P,29200,Marit Julio                        ,Rosvold                            ,N,J,N,J,N,KUNDER MED UTENLANDSADRESSE        ,N,N,N,N,N,N,N,N,N,N,N
4210,26100279680,P,27400,Janicke Jan-Olav                   ,Vedøy                              ,N,N,N,J,N,KUNDER MED UTENLANDSADRESSE        ,N,N,N,N,N,N,N,N,N,N,N
4210,30096512909,P,27400,Sadia Ari                          ,Wik                                ,N,N,N,J,N,KUNDER MED UTENLANDSADRESSE        ,N,N,N,N,N,N,N,N,N,N,N
4210,31018521639,P,39971,Ahmed Rikke                        ,Derås                              ,N,J,N,J,N,KUNDER MED UTENLANDSADRESSE        ,N,N,N,N,N,N,N,N,N,N,N
4210,13069804041,P,39981,Neda Asbjørn                       ,Solli                              ,N,N,N,J,N,KUNDER MED UTENLANDSADRESSE        ,N,N,N,N,N,N,N,N,N,N,N
4210,28038053363,P,28500,Asif Desiree                       ,Taksdal                            ,N,N,N,J,N,KUNDER MED UTENLANDSADRESSE        ,N,N,N,N,N,N,N,N,N,N,N
4210,01087012707,P,27500,Eiril Leszek                       ,Stensland                          ,N,N,N,J,N,KUNDER MED UTENLANDSADRESSE        ,N,N,N,N,N,N,N,N,N,N,N
4210,21068017693,P,27600,Jo Tale                            ,Nyhus                              ,N,N,N,J,N,KUNDER MED UTENLANDSADRESSE        ,N,N,N,N,N,N,N,N,N,N,N
4210,02088500795,P,28100,Victor Martha                      ,Gunnarsen                          ,N,N,N,J,N,KUNDER MED UTENLANDSADRESSE        ,N,N,N,N,N,N,N,N,N,N,N
4210,27048402319,P,27100,Karwan Gyda                        ,Kristiansen                        ,N,N,N,J,N,KUNDER MED UTENLANDSADRESSE        ,N,N,N,N,N,N,N,N,N,N,N
4210,01117105306,P,39911,Knut-Erik Oddhild                  ,Aarhus                             ,N,N,N,J,N,KUNDER MED UTENLANDSADRESSE        ,N,N,N,N,N,N,N,N,N,N,N
4210,24118419169,P,29600,Kathleen Willy                     ,Holmberg                           ,N,N,N,J,N,KUNDER MED UTENLANDSADRESSE        ,N,N,N,N,N,N,N,N,N,N,N
4210,13098720167,P,28500,Britt Noel                         ,Aspen                              ,N,N,N,J,N,KUNDER MED UTENLANDSADRESSE        ,N,N,N,N,N,N,N,N,N,N,N
4210,21127606711,P,39971,Andrius Katalin                    ,Sæterbø                            ,N,N,N,J,N,KUNDER MED UTENLANDSADRESSE        ,N,N,N,N,N,N,N,N,N,N,N
4210,16074815964,P,29200,Gertrud Samuel                     ,Thue                               ,J,N,N,J,N,KUNDER MED UTENLANDSADRESSE        ,N,N,N,N,N,N,N,N,N,N,N
4210,02056812442,P,28500,Rosita Hans-Christian              ,Veiby                              ,N,N,N,J,N,KUNDER MED UTENLANDSADRESSE        ,N,N,N,N,N,N,N,N,N,N,N
4210,23078214708,P,28200,Torgny Taran                       ,Ryen                               ,N,N,N,J,N,KUNDER MED UTENLANDSADRESSE        ,N,N,N,N,N,N,N,N,N,N,N
4210,27029116631,P,29200,Matilde Marius                     ,Karstensen                         ,N,N,N,J,N,KUNDER MED UTENLANDSADRESSE        ,N,N,N,N,N,N,N,N,N,N,N
4210,22025203554,P,27200,Asia Haakon                        ,Størseth                           ,N,N,N,J,N,KUNDER MED UTENLANDSADRESSE        ,N,N,N,N,N,N,N,N,N,N,N
4210,14068912459,P,28500,Selma Janne                        ,Dokken                             ,N,N,N,J,N,KUNDER MED UTENLANDSADRESSE        ,N,N,N,N,N,N,N,N,N,N,N
4210,27068222392,P,29200,Minna Istvan                       ,Gudbrandsen                        ,N,J,N,J,N,KUNDER MED UTENLANDSADRESSE        ,N,N,N,N,N,N,N,N,N,N,N
4210,17019304124,P,28500,Mattis Faiza                       ,Lone                               ,N,N,N,J,N,KUNDER MED UTENLANDSADRESSE        ,N,N,N,N,N,N,N,N,N,N,N
4210,25049062705,P,28500,Robertas Berthe                    ,Fiskå                              ,N,N,N,J,N,KUNDER MED UTENLANDSADRESSE        ,N,N,N,N,N,N,N,N,N,N,N
4210,13097501046,P,28500,Benny Kaja                         ,Stenseth                           ,N,N,N,J,N,KUNDER MED UTENLANDSADRESSE        ,N,N,N,N,N,N,N,N,N,N,N
4210,28024502114,P,28500,Marcel Konstanse                   ,Østerås                            ,N,N,N,J,N,KUNDER MED UTENLANDSADRESSE        ,N,N,N,N,N,N,N,N,N,N,N
4210,16040321261,P,28500,Mehmed Samantha                    ,Lausund                            ,N,N,N,J,N,KUNDER MED UTENLANDSADRESSE        ,N,N,N,N,N,N,N,N,N,N,N
4210,16119105319,P,27400,Evita Haakon                       ,Øverås                             ,N,N,N,J,N,KUNDER MED UTENLANDSADRESSE        ,N,N,N,N,N,N,N,N,N,N,N
4210,13118960178,P,28400,Kristine Kemal                     ,Risberg                            ,N,N,N,J,N,KUNDER MED UTENLANDSADRESSE        ,N,N,N,N,N,N,N,N,N,N,N
4210,22058213814,P,39971,Alexandre May                      ,Alsos                              ,N,N,N,J,N,KUNDER MED UTENLANDSADRESSE        ,N,N,N,N,N,N,N,N,N,N,N
4210,27045604387,P,39921,Jorge Gina                         ,Sandve                             ,N,N,N,J,N,KUNDER MED UTENLANDSADRESSE        ,N,N,N,N,N,N,N,N,N,N,N
4210,13119851097,P,27040,Dagny Dmitri                       ,Mossige                            ,J,N,N,J,N,KUNDER MED UTENLANDSADRESSE        ,N,N,N,N,N,N,N,N,N,N,N
4210,21085807169,P,29200,Torolf Bergitte                    ,Steine                             ,N,N,N,J,N,KUNDER MED UTENLANDSADRESSE        ,N,N,N,N,N,N,N,N,N,N,N
4210,09127713356,P,27400,Benny Annbjørg                     ,Øwre                               ,N,N,N,J,N,KUNDER MED UTENLANDSADRESSE        ,N,N,N,N,N,N,N,N,N,N,N
4210,02048702344,P,28100,Zdzislaw Kitty                     ,Tømmerås                           ,N,N,N,J,N,KUNDER MED UTENLANDSADRESSE        ,N,N,N,N,N,N,N,N,N,N,N
4210,25077010885,P,27500,Valter Regina                      ,Said                               ,N,N,N,J,N,KUNDER MED UTENLANDSADRESSE        ,N,N,N,N,N,N,N,N,N,N,N
4210,15077704113,P,28200,Mariel Gregor                      ,Tobiassen                          ,N,N,N,J,N,KUNDER MED UTENLANDSADRESSE        ,N,N,N,N,N,N,N,N,N,N,N
4210,05068809411,P,28200,Gitte Ben                          ,Ofstad                             ,N,N,N,J,N,KUNDER MED UTENLANDSADRESSE        ,N,N,N,N,N,N,N,N,N,N,N
4210,19048104102,P,28200,Azad Janette                       ,Tysse                              ,N,N,N,J,N,KUNDER MED UTENLANDSADRESSE        ,N,N,N,N,N,N,N,N,N,N,N
4210,05019604995,P,27030,Ingve Ruth                         ,Åsen                               ,N,N,N,J,N,KUNDER MED UTENLANDSADRESSE        ,N,N,N,N,N,N,N,N,N,N,N
4210,02107712952,P,28200,Frithjof Elbjørg                   ,Morland                            ,N,N,N,J,N,KUNDER MED UTENLANDSADRESSE        ,N,N,N,N,N,N,N,N,N,N,N
4210,28098914376,P,27600,Berge Wanda                        ,Bakkerud                           ,N,N,N,J,N,KUNDER MED UTENLANDSADRESSE        ,N,N,N,N,N,N,N,N,N,N,N
4210,25015904472,P,28500,Rigmor Angel                       ,Granås                             ,N,N,N,J,N,KUNDER MED UTENLANDSADRESSE        ,N,N,N,N,N,N,N,N,N,N,N
4210,16119317758,P,29200,Rodrigo Annette                    ,Brataas                            ,N,N,N,J,N,KUNDER MED UTENLANDSADRESSE        ,N,N,N,N,N,N,N,N,N,N,N
4210,23099000538,P,28500,Gard Vilje                         ,Hope                               ,N,N,N,J,N,KUNDER MED UTENLANDSADRESSE        ,N,N,N,N,N,N,N,N,N,N,N
4210,27120111820,P,28500,Karwan Janna                       ,Herigstad                          ,N,N,N,J,N,KUNDER MED UTENLANDSADRESSE        ,N,N,N,N,N,N,N,N,N,N,N
4210,09027501211,P,27040,Joanne Willy                       ,Aanstad                            ,N,N,N,J,N,KUNDER MED UTENLANDSADRESSE        ,N,N,N,N,N,N,N,N,N,N,N
4210,07076005545,P,32012,Søren Nina                         ,Skjolden                           ,J,N,N,J,N,KUNDER MED UTENLANDSADRESSE        ,N,N,N,N,N,N,N,N,N,N,N
4210,02024903349,P,29200,Sima Maciej                        ,Klæboe                             ,N,N,N,J,N,KUNDER MED UTENLANDSADRESSE        ,N,N,N,N,N,N,N,N,N,N,N
4210,11107819136,P,29200,Gunnvor Aslan                      ,Mandelid                           ,N,N,N,J,N,KUNDER MED UTENLANDSADRESSE        ,N,N,N,N,N,N,N,N,N,N,N
4210,09105615733,P,28300,Thorbjørn Taran                    ,Kolnes                             ,N,N,N,J,N,KUNDER MED UTENLANDSADRESSE        ,N,N,N,N,N,N,N,N,N,N,N
4210,30125915929,P,27400,Silke Øyvind                       ,Helgestad                          ,N,N,N,J,N,KUNDER MED UTENLANDSADRESSE        ,N,N,N,N,N,N,N,N,N,N,N
4210,06129414721,P,28500,Jorun Tristan                      ,Brastad                            ,N,N,N,J,N,KUNDER MED UTENLANDSADRESSE        ,N,N,N,N,N,N,N,N,N,N,N
4210,02119109747,P,27040,Aigars Caroline                    ,Eeg                                ,N,N,N,J,N,KUNDER MED UTENLANDSADRESSE        ,N,N,N,N,N,N,N,N,N,N,N
4210,17049519095,P,39911,Anita Trym                         ,Løvlie                             ,N,N,N,J,N,KUNDER MED UTENLANDSADRESSE        ,N,N,N,N,N,N,N,N,N,N,N
4210,20119114625,P,28200,Eivin Ida-Marie                    ,Wong                               ,N,N,N,J,N,KUNDER MED UTENLANDSADRESSE        ,N,N,N,N,N,N,N,N,N,N,N
4210,30067901327,P,28500,Marcelo Anne-Kristine              ,Østerud                            ,N,N,N,J,N,KUNDER MED UTENLANDSADRESSE        ,N,N,N,N,N,N,N,N,N,N,N
4210,24109601809,P,28500,Katrin Pieter                      ,Rinden                             ,N,N,N,J,N,KUNDER MED UTENLANDSADRESSE        ,N,N,N,N,N,N,N,N,N,N,N
4210,28079707467,P,29200,Sophia Kolbein                     ,Forberg                            ,N,N,N,J,N,KUNDER MED UTENLANDSADRESSE        ,N,N,N,N,N,N,N,N,N,N,N
4210,27087305800,P,27600,Nils Solbjørg                      ,Brenna                             ,N,N,N,J,N,KUNDER MED UTENLANDSADRESSE        ,N,N,N,N,N,N,N,N,N,N,N
4210,16078818852,P,28500,Andrej Safia                       ,Berstad                            ,N,N,N,J,N,KUNDER MED UTENLANDSADRESSE        ,N,N,N,N,N,N,N,N,N,N,N
4210,10056864631,P,28500,Silje Sigve                        ,Gudbrandsen                        ,N,N,N,J,N,KUNDER MED UTENLANDSADRESSE        ,N,N,N,N,N,N,N,N,N,N,N
4210,25050032097,P,28500,Rana Romualdas                     ,Bergene                            ,N,N,N,J,N,KUNDER MED UTENLANDSADRESSE        ,N,N,N,N,N,N,N,N,N,N,N
4210,01019526611,P,28500,Thorild Rytis                      ,Vevang                             ,N,N,N,J,N,KUNDER MED UTENLANDSADRESSE        ,N,N,N,N,N,N,N,N,N,N,N
4210,02029115578,P,28500,Geir Leah                          ,Malm                               ,N,N,N,J,N,KUNDER MED UTENLANDSADRESSE        ,N,N,N,N,N,N,N,N,N,N,N
4210,08048870741,P,27100,Christina Audun                    ,Dirdal                             ,N,N,N,N,N,KUNDER MED UTENLANDSADRESSE        ,N,N,N,N,N,N,N,N,N,N,N
4210,09117620694,P,27500,Gunbjørg Birger                    ,Willumsen                          ,N,N,N,J,N,KUNDER MED UTENLANDSADRESSE        ,N,N,N,N,N,N,N,N,N,N,N
4210,29050116393,P,28500,Juan Lorna                         ,Sollid                             ,N,N,N,J,N,KUNDER MED UTENLANDSADRESSE        ,N,N,N,N,N,N,N,N,N,N,N
4210,11077364503,P,28500,Berge Gina                         ,Lohne                              ,N,N,N,J,N,KUNDER MED UTENLANDSADRESSE        ,N,N,N,N,N,N,N,N,N,N,N
4210,29065215541,P,28500,Anny Romualdas                     ,Skaret                             ,N,N,N,J,N,KUNDER MED UTENLANDSADRESSE        ,N,N,N,N,N,N,N,N,N,N,N
4210,25089503658,P,27400,Oddrun Sture                       ,Rolfsen                            ,N,N,N,J,N,KUNDER MED UTENLANDSADRESSE        ,N,N,N,N,N,N,N,N,N,N,N
4210,07018216692,P,29200,Doris Oddmund                      ,Breistein                          ,N,N,N,J,N,KUNDER MED UTENLANDSADRESSE        ,N,N,N,N,N,N,N,N,N,N,N
4210,31077008538,P,29600,Martin Jolita                      ,Hassel                             ,N,J,N,J,N,KUNDER MED UTENLANDSADRESSE        ,N,N,N,N,N,N,N,N,N,N,N
4210,30104911737,P,27040,Zlatko Line                        ,Sogn                               ,N,N,N,J,N,KUNDER MED UTENLANDSADRESSE        ,N,N,N,N,N,N,N,N,N,N,N
4210,19099100683,P,28500,Kitt Dovydas                       ,Elton                              ,N,N,N,J,N,KUNDER MED UTENLANDSADRESSE        ,N,N,N,N,N,N,N,N,N,N,N
4210,24050176203,P,29200,Stener Kathe                       ,Skauen                             ,N,N,N,J,N,KUNDER MED UTENLANDSADRESSE        ,N,N,N,N,N,N,N,N,N,N,N
4210,12128506010,P,27500,Irena Alv                          ,Hetland                            ,N,N,N,J,N,KUNDER MED UTENLANDSADRESSE        ,N,N,N,N,N,N,N,N,N,N,N
4210,12028410768,P,27100,Torstein Tamara                    ,Hassel                             ,N,N,N,J,N,KUNDER MED UTENLANDSADRESSE        ,N,N,N,N,N,N,N,N,N,N,N
4210,10069100339,P,29400,Gordana Orhan                      ,Sønstebø                           ,N,N,N,J,N,KUNDER MED UTENLANDSADRESSE        ,N,N,N,N,N,N,N,N,N,N,N
4210,27117003189,P,28500,Borger Nikita                      ,Bakken                             ,N,N,N,J,N,KUNDER MED UTENLANDSADRESSE        ,N,N,N,N,N,N,N,N,N,N,N
4210,26057410999,P,28500,Elke Mindaugas                     ,Moldskred                          ,N,N,N,J,N,KUNDER MED UTENLANDSADRESSE        ,N,N,N,N,N,N,N,N,N,N,N
4210,28057113032,P,39911,Marcel Frøya                       ,Nordstrand                         ,N,J,N,J,N,KUNDER MED UTENLANDSADRESSE        ,N,N,N,N,N,N,N,N,N,N,N
4210,10038858152,P,28500,Juozas Verena                      ,Hestvik                            ,N,N,N,J,N,KUNDER MED UTENLANDSADRESSE        ,N,N,N,N,N,N,N,N,N,N,N
4210,18056815585,P,28500,Anne-Mette Erik                    ,Arnestad                           ,N,N,N,J,N,KUNDER MED UTENLANDSADRESSE        ,N,N,N,N,N,N,N,N,N,N,N
4210,02096808472,P,28500,Eduardo Vaida                      ,Brovold                            ,N,N,N,J,N,KUNDER MED UTENLANDSADRESSE        ,N,N,N,N,N,N,N,N,N,N,N
4210,26098804233,P,27200,Maryam Roald                       ,Brunborg                           ,N,N,N,J,N,KUNDER MED UTENLANDSADRESSE        ,N,N,N,N,N,N,N,N,N,N,N
4210,23057107197,P,28400,Annika Kato                        ,Hovland                            ,N,N,N,N,N,KUNDER MED UTENLANDSADRESSE        ,N,N,N,N,N,N,N,N,N,N,N
4210,16069303947,P,28200,Asta Haakon                        ,Unneland                           ,N,N,N,J,N,KUNDER MED UTENLANDSADRESSE        ,N,N,N,N,N,N,N,N,N,N,N
4210,30064813214,P,28500,Celin Vilius                       ,Fardal                             ,N,N,N,J,N,KUNDER MED UTENLANDSADRESSE        ,N,N,N,N,N,N,N,N,N,N,N
4210,12089253983,P,28500,Rimantas Alison                    ,Bratlie                            ,N,N,N,J,N,KUNDER MED UTENLANDSADRESSE        ,N,N,N,N,N,N,N,N,N,N,N
4210,15029706635,P,28500,Marit Ari                          ,Brun                               ,N,N,N,J,N,KUNDER MED UTENLANDSADRESSE        ,N,N,N,N,N,N,N,N,N,N,N
4210,27095712652,P,27600,Francesco Esma                     ,Kile                               ,N,N,N,J,N,KUNDER MED UTENLANDSADRESSE        ,N,N,N,N,N,N,N,N,N,N,N
4210,27089309374,P,27200,Jasmine Holger                     ,Bjørke                             ,N,N,N,J,N,KUNDER MED UTENLANDSADRESSE        ,N,N,N,N,N,N,N,N,N,N,N
4210,06046564985,P,28500,Juliet Bruno                       ,Jevne                              ,N,N,N,N,N,KUNDER MED UTENLANDSADRESSE        ,N,N,N,N,N,N,N,N,N,N,N
4210,29107209474,P,28400,Pablo Larisa                       ,Rui                                ,N,N,N,J,N,KUNDER MED UTENLANDSADRESSE        ,N,N,N,N,N,N,N,N,N,N,N
4210,04078904920,P,28400,Yosef Jannike                      ,Gregersen                          ,N,J,N,J,N,KUNDER MED UTENLANDSADRESSE        ,N,N,N,N,N,N,N,N,N,N,N
4210,23128818723,P,27500,Rodney Wenke                       ,Sundby                             ,N,N,N,J,N,KUNDER MED UTENLANDSADRESSE        ,N,N,N,N,N,N,N,N,N,N,N
4210,03089217236,P,29200,Berge Kimberly                     ,Øvstebø                            ,N,N,N,J,N,KUNDER MED UTENLANDSADRESSE        ,N,N,N,N,N,N,N,N,N,N,N
4210,26059613439,P,28500,Amra Hallgeir                      ,Richter                            ,N,N,N,J,N,KUNDER MED UTENLANDSADRESSE        ,N,N,N,N,N,N,N,N,N,N,N
4210,12098206726,P,28500,Mille Benny                        ,Hvidsten                           ,N,N,N,J,N,KUNDER MED UTENLANDSADRESSE        ,N,N,N,N,N,N,N,N,N,N,N
4210,21087902916,P,27600,Edgar Cynthia                      ,Halse                              ,N,N,N,J,N,KUNDER MED UTENLANDSADRESSE        ,N,N,N,N,N,N,N,N,N,N,N
4210,04108715249,P,28500,Edny Syed                          ,Dyrøy                              ,J,N,N,J,N,KUNDER MED UTENLANDSADRESSE        ,N,N,N,N,N,N,N,N,N,N,N
4210,26090130187,P,28500,Steffan Tone-Lise                  ,Smedsrud                           ,N,N,N,J,N,KUNDER MED UTENLANDSADRESSE        ,N,N,N,N,N,N,N,N,N,N,N
4210,16098107111,P,28200,Borger Hoa                         ,Østgård                            ,N,N,N,J,N,KUNDER MED UTENLANDSADRESSE        ,N,N,N,N,N,N,N,N,N,N,N
4210,07098800632,P,28500,Kaya Skule                         ,Østerbø                            ,N,N,N,J,N,KUNDER MED UTENLANDSADRESSE        ,N,N,N,N,N,N,N,N,N,N,N
4210,14069107444,P,29400,Eldbjørg Egon                      ,Jørgensen                          ,N,N,N,J,N,KUNDER MED UTENLANDSADRESSE        ,N,N,N,N,N,N,N,N,N,N,N
4210,12018612559,P,27040,Wendy Helmer                       ,Hammerø                            ,N,N,N,J,N,KUNDER MED UTENLANDSADRESSE        ,N,N,N,N,N,N,N,N,N,N,N
4210,03129824246,P,28200,Torolf Marna                       ,Olsnes                             ,N,N,N,J,N,KUNDER MED UTENLANDSADRESSE        ,N,N,N,N,N,N,N,N,N,N,N
4210,14086311179,P,27100,Eiril Leszek                       ,Børseth                            ,N,N,N,J,N,KUNDER MED UTENLANDSADRESSE        ,N,N,N,N,N,N,N,N,N,N,N
4210,21067018882,P,27400,Rina Syed                          ,Ferkingstad                        ,N,J,N,J,N,KUNDER MED UTENLANDSADRESSE        ,N,N,N,N,N,N,N,N,N,N,N
4210,28118620978,P,39971,Alfhild Hai                        ,Aarrestad                          ,N,N,N,J,N,KUNDER MED UTENLANDSADRESSE        ,N,N,N,N,N,N,N,N,N,N,N
4210,02048914198,P,28500,Heidi Roald                        ,Hoffmann                           ,N,N,N,J,N,KUNDER MED UTENLANDSADRESSE        ,N,N,N,N,N,N,N,N,N,N,N
4210,18095621798,P,28500,Mattis Jeanine                     ,Yildiz                             ,N,N,N,J,N,KUNDER MED UTENLANDSADRESSE        ,N,N,N,N,N,N,N,N,N,N,N
4210,17118001559,P,28500,Endre Liliana                      ,Jøssang                            ,N,N,N,J,N,KUNDER MED UTENLANDSADRESSE        ,N,N,N,N,N,N,N,N,N,N,N
4210,17107814698,P,28500,Johan Tina                         ,Bjune                              ,N,N,N,J,N,KUNDER MED UTENLANDSADRESSE        ,N,N,N,N,N,N,N,N,N,N,N
4210,11118505621,P,29600,Emad Caroline                      ,Butt                               ,N,N,N,J,N,KUNDER MED UTENLANDSADRESSE        ,N,N,N,N,N,N,N,N,N,N,N
4210,15077916129,P,31390,Yosef Veronika                     ,Rydningen                          ,N,J,N,J,N,KUNDER MED UTENLANDSADRESSE        ,N,N,N,N,N,N,N,N,N,N,N
4210,11048951386,P,28500,Torstein Rut                       ,Wanvik                             ,N,N,N,J,N,KUNDER MED UTENLANDSADRESSE        ,N,N,N,N,N,N,N,N,N,N,N
4210,25043931418,P,28500,Bernhard Berit                     ,Holme                              ,N,J,N,J,N,KUNDER MED UTENLANDSADRESSE        ,N,N,N,N,N,N,N,N,N,N,N
4210,23116404990,P,29400,Sol Odd-Arne                       ,Holmøy                             ,N,N,N,J,N,KUNDER MED UTENLANDSADRESSE        ,N,N,N,N,N,N,N,N,N,N,N
4210,25118610302,P,28500,Malika Sune                        ,Wiggen                             ,N,N,N,J,N,KUNDER MED UTENLANDSADRESSE        ,N,N,N,N,N,N,N,N,N,N,N
4210,09056800503,P,28500,Elliot Helene                      ,Fremstad                           ,N,N,N,J,N,KUNDER MED UTENLANDSADRESSE        ,N,N,N,N,N,N,N,N,N,N,N
4210,05075805839,P,28200,Irena Alv                          ,Grødem                             ,N,N,N,J,N,KUNDER MED UTENLANDSADRESSE        ,N,N,N,N,N,N,N,N,N,N,N
4210,20116800935,P,28100,Nataliia Steingrim                 ,Nordnes                            ,N,J,N,J,N,KUNDER MED UTENLANDSADRESSE        ,N,N,N,N,N,N,N,N,N,N,N
4210,12078713818,P,28500,Sigfred Hedvig                     ,Fadnes                             ,N,N,N,N,N,KUNDER MED UTENLANDSADRESSE        ,N,N,N,N,N,N,N,N,N,N,N
4210,12058601177,P,29500,Turid Rune                         ,Noreng                             ,N,N,N,J,N,KUNDER MED UTENLANDSADRESSE        ,N,N,N,N,N,N,N,N,N,N,N
4210,04030419052,P,28500,Yngvild Gaute                      ,Wiklund                            ,N,J,N,J,N,KUNDER MED UTENLANDSADRESSE        ,N,N,N,N,N,N,N,N,N,N,N
4210,01058210524,P,27500,Carita Mindaugas                   ,Nybakken                           ,N,N,N,J,N,KUNDER MED UTENLANDSADRESSE        ,N,N,N,N,N,N,N,N,N,N,N
4210,30019812401,P,39911,Tor-Inge Marte                     ,With                               ,J,J,N,J,N,KUNDER MED UTENLANDSADRESSE        ,N,N,N,N,N,N,N,N,N,N,N
4210,09118516580,P,28500,Gordon Milena                      ,Slinning                           ,N,N,N,J,N,KUNDER MED UTENLANDSADRESSE        ,N,N,N,N,N,N,N,N,N,N,N
4210,31039410799,P,28500,Shahzad Beathe                     ,Hætta                              ,N,N,N,N,N,KUNDER MED UTENLANDSADRESSE        ,N,N,N,N,N,N,N,N,N,N,N
4210,03055516846,P,28300,Samina Torbjørn                    ,Bøthun                             ,N,N,N,J,N,KUNDER MED UTENLANDSADRESSE        ,N,N,N,N,N,N,N,N,N,N,N
4210,17125705189,P,27600,Aase Nikolai                       ,Østrem                             ,N,N,N,J,N,KUNDER MED UTENLANDSADRESSE        ,N,N,N,N,N,N,N,N,N,N,N
4210,31059515767,P,28500,Kathe Jan-Olav                     ,Furuheim                           ,N,N,N,J,N,KUNDER MED UTENLANDSADRESSE        ,N,N,N,N,N,N,N,N,N,N,N
4210,30099009752,P,28500,Audny Torsten                      ,Sundgot                            ,N,N,N,J,N,KUNDER MED UTENLANDSADRESSE        ,N,N,N,N,N,N,N,N,N,N,N
4210,22117712641,P,28200,May Muhamed                        ,Talberg                            ,N,N,N,J,N,KUNDER MED UTENLANDSADRESSE        ,N,N,N,N,N,N,N,N,N,N,N
4210,22059002035,P,28400,Wencke Helmer                      ,Roen                               ,N,N,N,J,N,KUNDER MED UTENLANDSADRESSE        ,N,N,N,N,N,N,N,N,N,N,N
4210,25018802506,P,28500,Olle Rosa                          ,Økland                             ,N,N,N,J,N,KUNDER MED UTENLANDSADRESSE        ,N,N,N,N,N,N,N,N,N,N,N
4210,03066660361,P,27200,Drude Benn                         ,Braut                              ,N,N,N,J,N,KUNDER MED UTENLANDSADRESSE        ,N,N,N,N,N,N,N,N,N,N,N
4210,24029317026,P,28500,Bereket Rine                       ,Fimreite                           ,N,N,N,J,N,KUNDER MED UTENLANDSADRESSE        ,N,N,N,N,N,N,N,N,N,N,N
4210,14108820064,P,28200,Teodor Henny                       ,Gravdahl                           ,N,N,N,J,N,KUNDER MED UTENLANDSADRESSE        ,N,N,N,N,N,N,N,N,N,N,N
4210,23098409491,P,29200,Hallstein Anne-Marte               ,Andorsen                           ,N,N,N,J,N,KUNDER MED UTENLANDSADRESSE        ,N,N,N,N,N,N,N,N,N,N,N
4210,23118913868,P,27400,Mantas Asma                        ,Bøen                               ,N,N,N,J,N,KUNDER MED UTENLANDSADRESSE        ,N,N,N,N,N,N,N,N,N,N,N
4210,29129203216,P,28500,Oskar Anke                         ,Sylte                              ,N,N,N,J,N,KUNDER MED UTENLANDSADRESSE        ,N,N,N,N,N,N,N,N,N,N,N
4210,27040719992,P,28400,Annabell Ioan                      ,Dirdal                             ,N,N,N,J,N,KUNDER MED UTENLANDSADRESSE        ,N,N,N,N,N,N,N,N,N,N,N
4210,13045406339,P,28500,Willy Thea                         ,Wist                               ,N,N,N,J,N,KUNDER MED UTENLANDSADRESSE        ,N,N,N,N,N,N,N,N,N,N,N
4210,24079807784,P,28520,Huda Kenneth                       ,Ryeng                              ,N,N,N,J,N,KUNDER MED UTENLANDSADRESSE        ,N,N,N,N,N,N,N,N,N,N,N
4210,06118914102,P,28500,Hroar Shukri                       ,Misje                              ,N,N,N,J,N,KUNDER MED UTENLANDSADRESSE        ,N,N,N,N,N,N,N,N,N,N,N
4210,12117903514,P,27040,Arnulf Diane                       ,Fosser                             ,N,J,N,J,N,KUNDER MED UTENLANDSADRESSE        ,N,N,N,N,N,N,N,N,N,N,N
4210,22118308232,P,28100,Sophie Trond                       ,Nuur                               ,N,N,N,J,N,KUNDER MED UTENLANDSADRESSE        ,N,N,N,N,N,N,N,N,N,N,N
4210,21077512591,P,28500,Youssef Jeanine                    ,Astrup                             ,N,N,N,J,N,KUNDER MED UTENLANDSADRESSE        ,N,N,N,N,N,N,N,N,N,N,N
4210,18100135775,P,27600,Linn-Kristin Dmitri                ,Mossige                            ,N,N,N,J,N,KUNDER MED UTENLANDSADRESSE        ,N,N,N,N,N,N,N,N,N,N,N
4210,30129006028,P,29200,Dagny Ulrik                        ,Torbergsen                         ,N,J,N,J,N,KUNDER MED UTENLANDSADRESSE        ,N,N,N,N,N,N,N,N,N,N,N
4210,01079208937,P,28500,Carita Mindaugas                   ,Groth                              ,N,N,N,J,N,KUNDER MED UTENLANDSADRESSE        ,N,N,N,N,N,N,N,N,N,N,N
4210,28119508993,P,29500,Kristine Irfan                     ,Romsdal                            ,N,N,N,J,N,KUNDER MED UTENLANDSADRESSE        ,N,N,N,N,N,N,N,N,N,N,N
4210,15064316068,P,28500,Asle Kirsti                        ,Nyhagen                            ,N,N,N,J,N,KUNDER MED UTENLANDSADRESSE        ,N,N,N,N,N,N,N,N,N,N,N
4210,19018513032,P,28500,Idun Cesar                         ,Myrvang                            ,N,N,N,J,N,KUNDER MED UTENLANDSADRESSE        ,N,N,N,N,N,N,N,N,N,N,N
4210,29126115960,P,28500,Kamil Gunbjørg                     ,Mostue                             ,N,N,N,J,N,KUNDER MED UTENLANDSADRESSE        ,N,N,N,N,N,N,N,N,N,N,N
4210,09094302371,P,29200,Frederick Hong                     ,Sandhåland                         ,N,N,N,J,N,KUNDER MED UTENLANDSADRESSE        ,N,N,N,N,N,N,N,N,N,N,N
