4210,20078406780,P,28100,Gregor Anne-Line                   ,Nymark                             ,N,J,N,J,N,Kunder med bare sparekonto         ,N,N,N,N,N,N,N,N,N,N,N
4210,25126307066,P,39921,Angelica Jan-Fredrik               ,Kittilsen                          ,N,N,N,J,N,Kunder med bare sparekonto         ,N,N,N,N,N,N,N,N,N,N,N
4210,22088304717,P,27400,Shahzad Elfrida                    ,Karlsen                            ,N,N,N,J,N,Kunder med bare sparekonto         ,N,N,N,N,N,N,N,N,N,N,N
4210,08069300635,P,29200,Eduardo Taran                      ,Anti                               ,N,N,N,J,N,Kunder med bare sparekonto         ,N,N,N,N,N,N,N,N,N,N,N
4210,15032202117,P,39921,Ann-Charlott Danny                 ,Egge                               ,N,N,N,J,N,Kunder med bare sparekonto         ,N,N,N,N,N,N,N,N,N,N,N
4210,09049811354,P,28500,Asmund Gisela                      ,Munthe                             ,N,N,N,J,N,Kunder med bare sparekonto         ,N,N,N,N,N,N,N,N,N,N,N
4210,11117514287,P,29200,Joanne Erik                        ,Stornes                            ,N,J,N,J,N,Kunder med bare sparekonto         ,N,N,N,N,N,N,N,N,N,N,N
4210,07079401743,P,28100,Ådne Majken                        ,Bjørgen                            ,N,J,N,J,N,Kunder med bare sparekonto         ,N,N,N,N,N,N,N,N,N,N,N
4210,30045801450,P,27500,Mateusz Eirunn                     ,Sætran                             ,N,J,N,J,N,Kunder med bare sparekonto         ,N,N,N,N,N,N,N,N,N,N,N
4210,30049519679,P,29600,Gerd Hallgeir                      ,Roberg                             ,N,N,N,J,N,Kunder med bare sparekonto         ,N,N,N,N,N,N,N,N,N,N,N
4210,28079717268,P,27200,Dana Bruno                         ,Farstad                            ,N,N,N,J,N,Kunder med bare sparekonto         ,N,N,N,N,N,N,N,N,N,N,N
4210,15016216396,P,39981,Hamed Sylvi                        ,Thygesen                           ,N,N,N,J,N,Kunder med bare sparekonto         ,N,N,N,N,N,N,N,N,N,N,N
4210,04108308007,P,28500,Torolf Mai-Lis                     ,Zimmermann                         ,N,N,N,J,N,Kunder med bare sparekonto         ,N,N,N,N,N,N,N,N,N,N,N
4210,19098703546,P,28500,Simone Edward                      ,Homme                              ,N,N,N,J,N,Kunder med bare sparekonto         ,N,N,N,N,N,N,N,N,N,N,N
4210,21095311870,P,27600,Mateusz Eirunn                     ,Omar                               ,N,N,N,N,N,Kunder med bare sparekonto         ,N,N,N,N,N,N,N,N,N,N,N
4210,07088752222,P,28500,Donatas Gordana                    ,Thorshaug                          ,N,N,N,N,N,Kunder med bare sparekonto         ,N,N,N,N,N,N,N,N,N,N,N
4210,22067609577,P,28500,Andres Anniken                     ,Skog                               ,N,N,N,J,N,Kunder med bare sparekonto         ,N,N,N,N,N,N,N,N,N,N,N
4210,08118210809,P,39911,Madelen Albin                      ,Sjøblom                            ,N,N,N,J,N,Kunder med bare sparekonto         ,N,N,N,N,N,N,N,N,N,N,N
4210,08037610543,P,31390,Sana Aslan                         ,Vevang                             ,N,J,N,J,N,Kunder med bare sparekonto         ,N,N,N,N,N,N,N,N,N,N,N
4210,02129514453,P,28500,Rebecca Erik                       ,Natvig                             ,N,N,N,J,N,Kunder med bare sparekonto         ,N,N,N,N,N,N,N,N,N,N,N
4210,24035809550,P,27200,Alla Sasa                          ,Remme                              ,N,N,N,J,N,Kunder med bare sparekonto         ,N,N,N,N,N,N,N,N,N,N,N
4210,14068514739,P,28500,Signy Kaj                          ,Rikardsen                          ,N,N,N,N,N,Kunder med bare sparekonto         ,N,N,N,N,N,N,N,N,N,N,N
4210,27015800750,P,28500,Gertrud Nicolae                    ,Skogseth                           ,N,N,N,J,N,Kunder med bare sparekonto         ,N,N,N,N,N,N,N,N,N,N,N
4210,27076712862,P,28400,Raja Rania                         ,Stenerud                           ,N,N,N,J,N,Kunder med bare sparekonto         ,N,N,N,N,N,N,N,N,N,N,N
4210,09117250951,P,27600,Steffan Elbjørg                    ,Fidjeland                          ,J,J,N,N,N,Kunder med bare sparekonto         ,N,N,N,N,N,N,N,N,N,N,N
4210,20107404083,P,27400,Karwan Maureen                     ,Gaup                               ,N,J,N,J,N,Kunder med bare sparekonto         ,N,N,N,N,N,N,N,N,N,N,N
4210,19077814496,P,27500,Tom-Arne Enya                      ,Stenvik                            ,N,J,J,J,N,Kunder med bare sparekonto         ,N,N,N,N,N,N,N,N,N,N,N
4210,01050476207,P,27100,Ingmar Anne-Grethe                 ,Bråthen                            ,N,N,N,J,N,Kunder med bare sparekonto         ,N,N,N,N,N,N,N,N,N,N,N
4210,20028115513,P,28500,Shahzad Beathe                     ,Næs                                ,N,J,N,J,N,Kunder med bare sparekonto         ,N,N,N,N,N,N,N,N,N,N,N
4210,14129901528,P,27040,Nimo Kato                          ,Fardal                             ,N,N,N,J,N,Kunder med bare sparekonto         ,N,N,N,N,N,N,N,N,N,N,N
4210,22037206133,P,28500,Franziska Hallgeir                 ,Taranger                           ,N,J,N,J,N,Kunder med bare sparekonto         ,N,N,N,N,N,N,N,N,N,N,N
4210,09117158036,P,28500,Kristofer Eirin                    ,Hove                               ,N,J,N,J,N,Kunder med bare sparekonto         ,N,N,N,N,N,N,N,N,N,N,N
4210,15118620809,P,29500,Rasa Arthur                        ,Vaa                                ,N,J,N,N,N,Kunder med bare sparekonto         ,N,N,N,N,N,N,N,N,N,N,N
4210,24026513576,P,28500,Vibeche Per-Kristian               ,Iqbal                              ,N,N,N,N,N,Kunder med bare sparekonto         ,N,N,N,N,N,N,N,N,N,N,N
4210,15070358511,P,39911,Heiko Daisy                        ,Løvstad                            ,N,N,N,J,N,Kunder med bare sparekonto         ,N,N,N,N,N,N,N,N,N,N,N
4210,23076515174,P,27200,Aslak Gro-Anita                    ,Huynh                              ,N,J,N,J,N,Kunder med bare sparekonto         ,N,N,N,N,N,N,N,N,N,N,N
4210,31124600513,P,28500,Fillip Ragni                       ,Laugen                             ,N,N,N,J,N,Kunder med bare sparekonto         ,N,N,N,N,N,N,N,N,N,N,N
4210,10077805295,P,28300,Tarjei Ilse                        ,Eidsvik                            ,N,N,N,N,N,Kunder med bare sparekonto         ,N,N,N,N,N,N,N,N,N,N,N
4210,30038101680,P,29400,Mariell Danny                      ,Walderhaug                         ,N,N,N,J,N,Kunder med bare sparekonto         ,N,N,N,N,N,N,N,N,N,N,N
4210,05050440313,P,27400,Nora Biniam                        ,Hauglid                            ,N,N,N,J,N,Kunder med bare sparekonto         ,N,N,N,N,N,N,N,N,N,N,N
4210,20035403931,P,28400,Berta Sverre                       ,Hay                                ,N,N,N,J,N,Kunder med bare sparekonto         ,N,N,N,N,N,N,N,N,N,N,N
4210,11040203089,P,28500,Zlatko Dorte                       ,Nevland                            ,N,N,N,J,N,Kunder med bare sparekonto         ,N,N,N,N,N,N,N,N,N,N,N
4210,01095508967,P,27400,Asia Haakon                        ,Furuheim                           ,N,J,N,J,N,Kunder med bare sparekonto         ,N,N,N,N,N,N,N,N,N,N,N
4210,07066308574,P,28400,Ayla Bjørn-Inge                    ,Mikkelborg                         ,N,J,N,J,N,Kunder med bare sparekonto         ,N,N,N,N,N,N,N,N,N,N,N
4210,10119628038,P,27200,Christin Orhan                     ,Hveem                              ,N,J,N,N,N,Kunder med bare sparekonto         ,N,N,N,N,N,N,N,N,N,N,N
4210,04017068135,P,28400,Annike Dario                       ,Furu                               ,N,N,N,J,N,Kunder med bare sparekonto         ,N,N,N,N,N,N,N,N,N,N,N
4210,17029400970,P,29200,Andrius Kristina                   ,Derås                              ,N,N,N,J,N,Kunder med bare sparekonto         ,N,N,N,N,N,N,N,N,N,N,N
4210,27124218409,P,27400,May-Helen Lars-Erik                ,Styve                              ,N,N,N,J,N,Kunder med bare sparekonto         ,N,N,N,N,N,N,N,N,N,N,N
4210,03029803136,P,29500,Nils Annike                        ,Ottosen                            ,N,N,N,J,N,Kunder med bare sparekonto         ,N,N,N,N,N,N,N,N,N,N,N
4210,08035521837,P,27600,Sylvia Cesar                       ,Olaussen                           ,N,J,N,J,N,Kunder med bare sparekonto         ,N,N,N,N,N,N,N,N,N,N,N
4210,17035003355,P,29400,Vivi-Ann Vilius                    ,Smedsrud                           ,N,N,N,J,N,Kunder med bare sparekonto         ,N,N,N,N,N,N,N,N,N,N,N
4210,17127416362,P,39911,Neil Linnea                        ,Borgen                             ,N,N,N,J,N,Kunder med bare sparekonto         ,N,N,N,N,N,N,N,N,N,N,N
4210,23080637233,P,28500,Magni Kris                         ,Holmberg                           ,J,N,N,J,N,Kunder med bare sparekonto         ,N,N,N,N,N,N,N,N,N,N,N
4210,03109656576,P,28500,Valdemar Ilze                      ,Hernæs                             ,N,N,N,N,N,Kunder med bare sparekonto         ,N,N,N,N,N,N,N,N,N,N,N
4210,04129205623,P,29600,Abdirashid Marielle                ,Taksdal                            ,N,N,N,N,N,Kunder med bare sparekonto         ,N,N,N,N,N,N,N,N,N,N,N
4210,09090713199,P,28200,Ann-Katrin Herleif                 ,Skretteberg                        ,N,N,N,J,N,Kunder med bare sparekonto         ,N,N,N,N,N,N,N,N,N,N,N
4210,14105508701,P,29200,Jafar Alida                        ,Sæther                             ,N,N,N,N,N,Kunder med bare sparekonto         ,N,N,N,N,N,N,N,N,N,N,N
4210,18025119491,P,39911,Margareta Elvis                    ,Kvandal                            ,N,N,N,N,N,Kunder med bare sparekonto         ,N,N,N,N,N,N,N,N,N,N,N
4210,01014613915,P,28500,Kari-Anne Bjørn-Inge               ,Sølvberg                           ,N,J,N,J,N,Kunder med bare sparekonto         ,N,N,N,N,N,N,N,N,N,N,N
4210,04054601404,P,28100,Biniam Elena                       ,Bakkejord                          ,N,J,N,J,N,Kunder med bare sparekonto         ,N,N,N,N,N,N,N,N,N,N,N
4210,22109711733,P,28500,Pablo Terese                       ,Lauvrak                            ,N,N,N,J,N,Kunder med bare sparekonto         ,N,N,N,N,N,N,N,N,N,N,N
4210,09038813185,P,28300,Edgars Solbjørg                    ,Bjørge                             ,N,N,N,J,N,Kunder med bare sparekonto         ,N,N,N,N,N,N,N,N,N,N,N
4210,18118615316,P,28500,Marcel Othilie                     ,Øverli                             ,N,N,N,J,N,Kunder med bare sparekonto         ,N,N,N,N,N,N,N,N,N,N,N
4210,15059709248,P,28500,Anne-Margrethe Leszek              ,Lopez                              ,N,N,N,J,N,Kunder med bare sparekonto         ,N,N,N,N,N,N,N,N,N,N,N
4210,27084702914,P,29200,Fredrik Genet                      ,Valland                            ,N,N,N,J,N,Kunder med bare sparekonto         ,N,N,N,N,N,N,N,N,N,N,N
4210,12064509096,P,28500,Mathilda Melvin                    ,Aandal                             ,N,N,N,J,N,Kunder med bare sparekonto         ,N,N,N,N,N,N,N,N,N,N,N
4210,12016706300,P,27500,Nada Roald                         ,Angelsen                           ,N,J,J,J,N,Kunder med bare sparekonto         ,N,N,N,N,N,N,N,N,N,N,N
4210,20098210335,P,27400,Frithjof Kristina                  ,Kolltveit                          ,N,N,N,J,N,Kunder med bare sparekonto         ,N,N,N,N,N,N,N,N,N,N,N
4210,08090539338,P,28500,Eilen Christen                     ,Aanestad                           ,N,N,N,J,N,Kunder med bare sparekonto         ,N,N,N,N,N,N,N,N,N,N,N
4210,31039800023,P,28100,Gunda Leiv                         ,Mehmood                            ,N,N,N,N,N,Kunder med bare sparekonto         ,N,N,N,N,N,N,N,N,N,N,N
4210,28056205316,P,22400,Dumitru Antonia                    ,Nakken                             ,N,N,N,J,N,Kunder med bare sparekonto         ,N,N,N,N,N,N,N,N,N,N,N
4210,24120579211,P,28500,Frederick Solfrid                  ,Storsve                            ,N,N,N,J,N,Kunder med bare sparekonto         ,N,N,N,N,N,N,N,N,N,N,N
4210,12098112918,P,29200,Senad Eldfrid                      ,Anti                               ,N,J,N,J,N,Kunder med bare sparekonto         ,N,N,N,N,N,N,N,N,N,N,N
4210,29117619824,P,28200,Tron Margaretha                    ,Osmundsen                          ,N,N,N,J,N,Kunder med bare sparekonto         ,N,N,N,N,N,N,N,N,N,N,N
4210,20074714359,P,28500,Bjarte Lara                        ,Schanke                            ,N,N,N,J,N,Kunder med bare sparekonto         ,N,N,N,N,N,N,N,N,N,N,N
4210,11055019659,P,27400,Vita Kato                          ,Ramfjord                           ,N,J,N,J,N,Kunder med bare sparekonto         ,N,N,N,N,N,N,N,N,N,N,N
4210,04098408938,P,27600,Lidia Mladen                       ,Seppola                            ,N,N,N,J,N,Kunder med bare sparekonto         ,N,N,N,N,N,N,N,N,N,N,N
4210,10060212894,P,28500,Jafar Galina                       ,Minge                              ,N,N,N,J,N,Kunder med bare sparekonto         ,N,N,N,N,N,N,N,N,N,N,N
4210,15105719377,P,27400,Olle Helena                        ,Omland                             ,N,J,N,J,N,Kunder med bare sparekonto         ,N,N,N,N,N,N,N,N,N,N,N
4210,12081032783,P,28500,Herman Møyfrid                     ,Gangstad                           ,N,N,N,J,N,Kunder med bare sparekonto         ,N,N,N,N,N,N,N,N,N,N,N
4210,05120241577,P,28500,Farhad Lucy                        ,Berre                              ,N,N,N,J,N,Kunder med bare sparekonto         ,N,N,N,N,N,N,N,N,N,N,N
4210,07039314872,P,28500,Bente Duc                          ,Halle                              ,N,N,N,J,N,Kunder med bare sparekonto         ,N,N,N,N,N,N,N,N,N,N,N
4210,02107210604,P,39921,Pernilla Matias                    ,Asphaug                            ,N,J,J,J,N,Kunder med bare sparekonto         ,N,N,N,N,N,N,N,N,N,N,N
4210,12126310143,P,28500,Ewa Ahmed                          ,Christensen                        ,N,N,N,J,N,Kunder med bare sparekonto         ,N,N,N,N,N,N,N,N,N,N,N
4210,12044917627,P,27500,Aisha Dario                        ,Skorpen                            ,N,J,N,J,N,Kunder med bare sparekonto         ,N,N,N,N,N,N,N,N,N,N,N
4210,27088703559,P,28500,Ole-Kristian Hallbjørg             ,Herheim                            ,N,J,N,N,N,Kunder med bare sparekonto         ,N,N,N,N,N,N,N,N,N,N,N
4210,06030405984,P,27600,Fatima Sylwester                   ,Omer                               ,N,N,N,J,N,Kunder med bare sparekonto         ,N,N,N,N,N,N,N,N,N,N,N
4210,20036105837,P,29400,Siril Bjørn-Inge                   ,Nordnes                            ,N,J,N,J,N,Kunder med bare sparekonto         ,N,N,N,N,N,N,N,N,N,N,N
4210,05088309245,P,27500,Sina Sylwester                     ,Sandstad                           ,N,J,N,J,N,Kunder med bare sparekonto         ,N,N,N,N,N,N,N,N,N,N,N
4210,16040506326,P,28200,Endre Torill                       ,Haugnes                            ,N,N,N,J,N,Kunder med bare sparekonto         ,N,N,N,N,N,N,N,N,N,N,N
4210,31018823198,P,31330,Harald Elisabet                    ,Utheim                             ,N,N,N,J,N,Kunder med bare sparekonto         ,N,N,N,N,N,N,N,N,N,N,N
4210,19129415412,P,27200,Isaac Azra                         ,Åsebø                              ,N,N,N,J,N,Kunder med bare sparekonto         ,N,N,N,N,N,N,N,N,N,N,N
4210,03106517303,P,28500,Steven Indre                       ,Sæbø                               ,N,N,N,J,N,Kunder med bare sparekonto         ,N,N,N,N,N,N,N,N,N,N,N
4210,04050329327,P,27040,Cristian Gretha                    ,Willumsen                          ,N,N,N,J,N,Kunder med bare sparekonto         ,N,N,N,N,N,N,N,N,N,N,N
4210,05116905290,P,28100,Frøya Fridtjov                     ,Karimi                             ,N,N,N,J,N,Kunder med bare sparekonto         ,N,N,N,N,N,N,N,N,N,N,N
4210,21128703966,P,27400,Antoni Verena                      ,Dahlstrøm                          ,N,J,N,J,N,Kunder med bare sparekonto         ,N,N,N,N,N,N,N,N,N,N,N
4210,06029614472,P,27040,Mehmed Samantha                    ,Wergeland                          ,N,N,N,J,N,Kunder med bare sparekonto         ,N,N,N,N,N,N,N,N,N,N,N
4210,12129102053,P,28500,Abdirashid Ann-Britt               ,Fløysvik                           ,N,N,N,J,N,Kunder med bare sparekonto         ,N,N,N,N,N,N,N,N,N,N,N
4210,26098100961,P,27400,Halldis Emilio                     ,Ødegaard                           ,N,N,N,N,N,Kunder med bare sparekonto         ,N,N,N,N,N,N,N,N,N,N,N
4210,25105124085,P,39921,Amela Fernando                     ,Fossheim                           ,N,J,N,J,N,Kunder med bare sparekonto         ,N,N,N,N,N,N,N,N,N,N,N
4210,02059211709,P,28500,Gordon Jorid                       ,Lynum                              ,N,N,N,J,N,Kunder med bare sparekonto         ,N,N,N,N,N,N,N,N,N,N,N
4210,07029103822,P,29200,Tore Lis                           ,Almaas                             ,N,N,N,N,N,Kunder med bare sparekonto         ,N,N,N,N,N,N,N,N,N,N,N
4210,29043801021,P,29400,Møyfrid Asbjørn                    ,Doan                               ,N,J,N,J,N,Kunder med bare sparekonto         ,N,N,N,N,N,N,N,N,N,N,N
4210,17078902655,P,28300,Olena Kolbein                      ,Andersson                          ,N,N,N,N,N,Kunder med bare sparekonto         ,N,N,N,N,N,N,N,N,N,N,N
4210,15108617168,P,29500,Jafar Beatriz                      ,Brynjulfsen                        ,N,N,N,N,N,Kunder med bare sparekonto         ,N,N,N,N,N,N,N,N,N,N,N
4210,26025807285,P,27200,Reid Doris                         ,Kvinge                             ,N,J,N,J,N,Kunder med bare sparekonto         ,N,N,N,N,N,N,N,N,N,N,N
4210,18128304769,P,28500,Hellen Mehran                      ,Kvernberg                          ,N,N,N,J,N,Kunder med bare sparekonto         ,N,N,N,N,N,N,N,N,N,N,N
4210,19098803052,P,31390,Frode Tine                         ,Straume                            ,N,N,N,N,N,Kunder med bare sparekonto         ,N,N,N,N,N,N,N,N,N,N,N
4210,28028810646,P,29600,Ib Solrun                          ,Nielsen                            ,N,N,J,J,N,Kunder med bare sparekonto         ,N,N,N,N,N,N,N,N,N,N,N
4210,19087702572,P,29200,Torodd Irene                       ,Richter                            ,N,J,J,J,N,Kunder med bare sparekonto         ,N,N,N,N,N,N,N,N,N,N,N
4210,31016912487,P,28500,Rino Simona                        ,Kowalczyk                          ,N,N,N,J,N,Kunder med bare sparekonto         ,N,N,N,N,N,N,N,N,N,N,N
4210,11054407892,P,27100,Oline Ulrik                        ,Bruvoll                            ,N,J,J,J,N,Kunder med bare sparekonto         ,N,N,N,N,N,N,N,N,N,N,N
4210,24015803467,P,39971,Nils Magnhild                      ,Trengereid                         ,N,N,N,J,N,Kunder med bare sparekonto         ,N,N,N,N,N,N,N,N,N,N,N
4210,07084810198,P,28300,Iselin Emilio                      ,Granmo                             ,N,N,N,J,N,Kunder med bare sparekonto         ,N,N,N,N,N,N,N,N,N,N,N
4210,02068811867,P,29600,Marlin Duy                         ,Naas                               ,N,N,N,J,N,Kunder med bare sparekonto         ,N,N,N,N,N,N,N,N,N,N,N
4210,18028660304,P,27600,Kristine Kemal                     ,Sandanger                          ,N,N,N,J,N,Kunder med bare sparekonto         ,N,N,N,N,N,N,N,N,N,N,N
4210,29037412927,P,28500,Patric Margaret                    ,Jonsson                            ,N,N,N,J,N,Kunder med bare sparekonto         ,N,N,N,N,N,N,N,N,N,N,N
4210,15018056795,P,28500,Raja Tiril                         ,Skramstad                          ,N,N,N,N,N,Kunder med bare sparekonto         ,N,N,N,N,N,N,N,N,N,N,N
4210,14059718569,P,29215,Teodor Asma                        ,Tonstad                            ,J,J,N,J,N,Kunder med bare sparekonto         ,N,N,N,N,N,N,N,N,N,N,N
4210,06117118159,P,28500,Melissa Johnny                     ,Krogsrud                           ,N,J,N,J,N,Kunder med bare sparekonto         ,N,N,N,N,N,N,N,N,N,N,N
4210,10077315506,P,28500,Ernestas Ariane                    ,Risberg                            ,N,J,N,N,N,Kunder med bare sparekonto         ,N,N,N,N,N,N,N,N,N,N,N
4210,30089625781,P,28500,Mario Maria                        ,Brækken                            ,N,N,N,J,N,Kunder med bare sparekonto         ,N,N,N,N,N,N,N,N,N,N,N
4210,21019524229,P,28400,Oddmar Melanie                     ,Dokken                             ,N,N,N,J,N,Kunder med bare sparekonto         ,N,N,N,N,N,N,N,N,N,N,N
4210,28058115314,P,29200,Pablo Halina                       ,Jensrud                            ,N,N,N,J,N,Kunder med bare sparekonto         ,N,N,N,N,N,N,N,N,N,N,N
4210,20117520340,P,27600,Sol Odd-Arne                       ,Bakkan                             ,N,J,J,J,N,Kunder med bare sparekonto         ,N,N,N,N,N,N,N,N,N,N,N
4210,27029618203,P,27500,Mihaela Odd-Arne                   ,Høglund                            ,N,N,N,J,N,Kunder med bare sparekonto         ,N,N,N,N,N,N,N,N,N,N,N
4210,30059410144,P,29200,Tron Sigri                         ,Ulven                              ,N,N,N,J,N,Kunder med bare sparekonto         ,N,N,N,N,N,N,N,N,N,N,N
4210,24128113173,P,27400,Eystein Evy                        ,Moldskred                          ,N,J,N,J,N,Kunder med bare sparekonto         ,N,N,N,N,N,N,N,N,N,N,N
4210,08048870741,P,27100,Christina Audun                    ,Dirdal                             ,N,N,N,N,N,Kunder med bare sparekonto         ,N,N,N,N,N,N,N,N,N,N,N
4210,03107100317,P,29500,Ruth Jan-Olav                      ,Stordahl                           ,N,N,N,N,N,Kunder med bare sparekonto         ,N,N,N,N,N,N,N,N,N,N,N
4210,15127115971,P,28400,Olle Helena                        ,Bay                                ,N,N,N,N,N,Kunder med bare sparekonto         ,N,N,N,N,N,N,N,N,N,N,N
4210,26030268856,P,28500,Vigdis Kamran                      ,Krog                               ,N,N,N,J,N,Kunder med bare sparekonto         ,N,N,N,N,N,N,N,N,N,N,N
4210,11048607685,P,28500,Shahid Ethel                       ,Flønes                             ,J,N,N,J,N,Kunder med bare sparekonto         ,N,N,N,N,N,N,N,N,N,N,N
4210,29037414261,P,28500,Dick Keth                          ,Bengtsson                          ,N,J,N,J,N,Kunder med bare sparekonto         ,N,N,N,N,N,N,N,N,N,N,N
4210,06018717512,P,29600,Ingunn Romas                       ,Nuur                               ,N,N,N,J,N,Kunder med bare sparekonto         ,N,N,N,N,N,N,N,N,N,N,N
4210,25114301410,P,27500,Tore Katarina                      ,Reksten                            ,N,N,N,N,N,Kunder med bare sparekonto         ,N,N,N,N,N,N,N,N,N,N,N
4210,08124418357,P,29600,Claudia Dejan                      ,Bendixen                           ,N,N,N,N,N,Kunder med bare sparekonto         ,N,N,N,N,N,N,N,N,N,N,N
4210,23034301565,P,28520,Marja Mantas                       ,Wibe                               ,N,N,N,J,N,Kunder med bare sparekonto         ,N,N,N,N,N,N,N,N,N,N,N
4210,25067700344,P,29200,Szymon Rikke                       ,Rosnes                             ,N,N,N,J,N,Kunder med bare sparekonto         ,N,N,N,N,N,N,N,N,N,N,N
4210,29019005680,P,29600,Andrej Vibecke                     ,Hol                                ,N,N,N,J,N,Kunder med bare sparekonto         ,N,N,N,N,N,N,N,N,N,N,N
4210,17128954325,P,28500,Lilian Mattis                      ,Langseth                           ,N,N,N,J,N,Kunder med bare sparekonto         ,N,N,N,N,N,N,N,N,N,N,N
4210,25086714623,P,27500,Ståle Mathea                       ,Nowak                              ,N,J,N,J,N,Kunder med bare sparekonto         ,N,N,N,N,N,N,N,N,N,N,N
4210,19045513028,P,27100,Patric Fatima                      ,Christensen                        ,N,J,N,J,N,Kunder med bare sparekonto         ,N,N,N,N,N,N,N,N,N,N,N
4210,07019020104,P,39911,Ramune Herleif                     ,Sandnes                            ,N,J,N,J,N,Kunder med bare sparekonto         ,N,N,N,N,N,N,N,N,N,N,N
4210,09029657901,P,28500,Asma Vincent                       ,Askvik                             ,N,N,N,J,N,Kunder med bare sparekonto         ,N,N,N,N,N,N,N,N,N,N,N
4210,27074409607,P,28500,Zlatko Farah                       ,Thorgersen                         ,N,N,N,J,N,Kunder med bare sparekonto         ,N,N,N,N,N,N,N,N,N,N,N
4210,09055905492,P,39911,Torkell Adine                      ,Viken                              ,N,N,N,J,N,Kunder med bare sparekonto         ,N,N,N,N,N,N,N,N,N,N,N
4210,30067611841,P,28500,Iselin Wiktor                      ,Hopen                              ,N,N,N,J,N,Kunder med bare sparekonto         ,N,N,N,N,N,N,N,N,N,N,N
4210,04124507303,B,22285,Else-Marie Billy                   ,Bratsberg                          ,N,N,N,J,N,Kunder med bare sparekonto         ,N,N,N,N,N,N,N,N,N,N,N
4210,09020451227,P,39911,Borger Edel                        ,Bergland                           ,N,N,N,J,N,Kunder med bare sparekonto         ,N,N,N,N,N,N,N,N,N,N,N
4210,07038512018,P,39921,Dyveke Melvin                      ,Kittelsen                          ,N,J,N,J,N,Kunder med bare sparekonto         ,N,N,N,N,N,N,N,N,N,N,N
4210,23010079926,P,29600,Sigfred Saida                      ,Kowalczyk                          ,N,N,N,J,N,Kunder med bare sparekonto         ,N,N,N,N,N,N,N,N,N,N,N
4210,26016025967,P,27040,Iris Kris                          ,Rui                                ,N,J,N,J,N,Kunder med bare sparekonto         ,N,N,N,N,N,N,N,N,N,N,N
4210,31109913637,P,28400,Janicke Dario                      ,Tysse                              ,N,N,N,J,N,Kunder med bare sparekonto         ,N,N,N,N,N,N,N,N,N,N,N
4210,10041111785,P,27200,Oksana Marton                      ,Brustad                            ,N,N,N,J,N,Kunder med bare sparekonto         ,N,N,N,N,N,N,N,N,N,N,N
4210,12058259908,P,27400,Frithjof Kristina                  ,Brænden                            ,N,N,N,N,N,Kunder med bare sparekonto         ,N,N,N,N,N,N,N,N,N,N,N
4210,13089302026,P,27500,Franz Juliane                      ,Skjerping                          ,N,N,N,J,N,Kunder med bare sparekonto         ,N,N,N,N,N,N,N,N,N,N,N
4210,09044917790,P,29200,Reid Debora                        ,Ahmed                              ,N,J,J,J,N,Kunder med bare sparekonto         ,N,N,N,N,N,N,N,N,N,N,N
4210,01067811123,P,28400,Knut-Erik May-Linn                 ,Leivestad                          ,N,N,N,J,N,Kunder med bare sparekonto         ,N,N,N,N,N,N,N,N,N,N,N
4210,18035704295,P,28500,Håvard Kathrin                     ,Stein                              ,N,N,N,N,N,Kunder med bare sparekonto         ,N,N,N,N,N,N,N,N,N,N,N
4210,26034817129,P,29200,Tea Istvan                         ,Aaby                               ,N,N,N,J,N,Kunder med bare sparekonto         ,N,N,N,N,N,N,N,N,N,N,N
4210,22049563071,P,28500,Bernhard Charlene                  ,Lilleby                            ,N,J,N,J,N,Kunder med bare sparekonto         ,N,N,N,N,N,N,N,N,N,N,N
4210,13010018085,P,28500,Azra Julian                        ,Skar                               ,N,N,N,J,N,Kunder med bare sparekonto         ,N,N,N,N,N,N,N,N,N,N,N
4210,16036692964,P,29600,Fridtjov Fiona                     ,Jørstad                            ,N,N,N,J,N,Kunder med bare sparekonto         ,N,N,N,N,N,N,N,N,N,N,N
4210,27028662942,P,28100,Hellen Mehran                      ,Holmøy                             ,N,N,N,J,N,Kunder med bare sparekonto         ,N,N,N,N,N,N,N,N,N,N,N
4210,17075807031,P,27600,Kjellaug Kris                      ,Hynne                              ,N,N,N,J,N,Kunder med bare sparekonto         ,N,N,N,N,N,N,N,N,N,N,N
4210,17127468206,P,27400,Rodney Kitty                       ,Alnæs                              ,N,N,N,N,N,Kunder med bare sparekonto         ,N,N,N,N,N,N,N,N,N,N,N
4210,22119153003,P,29600,Nerijus Sophie                     ,Berstad                            ,N,N,N,N,N,Kunder med bare sparekonto         ,N,N,N,N,N,N,N,N,N,N,N
4210,03089217236,P,29200,Berge Kimberly                     ,Øvstebø                            ,N,N,N,J,N,Kunder med bare sparekonto         ,N,N,N,N,N,N,N,N,N,N,N
4210,03099521995,P,27400,Ståle Cynthia                      ,Føreland                           ,N,N,N,J,N,Kunder med bare sparekonto         ,N,N,N,N,N,N,N,N,N,N,N
4210,26025220802,P,28300,Melinda Kato                       ,Rist                               ,N,N,N,J,N,Kunder med bare sparekonto         ,N,N,N,N,N,N,N,N,N,N,N
4210,02039915505,P,39911,Ylva Bjørge                        ,Hilde                              ,N,J,N,J,N,Kunder med bare sparekonto         ,N,N,N,N,N,N,N,N,N,N,N
4210,27087705612,P,28500,Frode Maryan                       ,Rui                                ,N,N,N,J,N,Kunder med bare sparekonto         ,N,N,N,N,N,N,N,N,N,N,N
4210,01049407439,P,28500,Oscar Gunilla                      ,Borsheim                           ,N,N,N,N,N,Kunder med bare sparekonto         ,N,N,N,N,N,N,N,N,N,N,N
4210,20109404625,P,28500,Sharon Kenneth                     ,Høyer                              ,N,N,N,J,N,Kunder med bare sparekonto         ,N,N,N,N,N,N,N,N,N,N,N
4210,09098602418,P,28500,Farida Kamran                      ,Schau                              ,N,N,N,J,N,Kunder med bare sparekonto         ,N,N,N,N,N,N,N,N,N,N,N
4210,09045518881,P,27500,Valter Janny                       ,Grøndalen                          ,N,N,N,J,N,Kunder med bare sparekonto         ,N,N,N,N,N,N,N,N,N,N,N
4210,09075219773,P,28500,Naima Eduard                       ,Haarstad                           ,N,J,N,J,N,Kunder med bare sparekonto         ,N,N,N,N,N,N,N,N,N,N,N
4210,03105505816,P,27040,Mussie Liz                         ,Bjerkeli                           ,N,N,N,J,N,Kunder med bare sparekonto         ,N,N,N,N,N,N,N,N,N,N,N
4210,06056505782,P,29400,Ada Thorleif                       ,Hexeberg                           ,N,N,N,N,N,Kunder med bare sparekonto         ,N,N,N,N,N,N,N,N,N,N,N
4210,22100078809,P,28500,Herlaug Borger                     ,Wennberg                           ,N,N,N,J,N,Kunder med bare sparekonto         ,N,N,N,N,N,N,N,N,N,N,N
4210,30075028225,P,27500,Veronika Sylwester                 ,Hofstad                            ,N,J,J,J,N,Kunder med bare sparekonto         ,N,N,N,N,N,N,N,N,N,N,N
4210,14049611499,P,28500,Heiko Margaretha                   ,Nordbø                             ,N,N,N,J,N,Kunder med bare sparekonto         ,N,N,N,N,N,N,N,N,N,N,N
4210,08090315782,P,27040,Frithjof Kristina                  ,Mohamed                            ,N,N,N,J,N,Kunder med bare sparekonto         ,N,N,N,N,N,N,N,N,N,N,N
4210,01076008759,P,39921,Veslemøy Milian                    ,Egeland                            ,N,J,N,J,N,Kunder med bare sparekonto         ,N,N,N,N,N,N,N,N,N,N,N
4210,01128309035,P,27400,Shahzad Ronja                      ,Harestad                           ,N,J,N,N,N,Kunder med bare sparekonto         ,N,N,N,N,N,N,N,N,N,N,N
4210,28103534153,P,28500,Thorsten Nadja                     ,Tøllefsen                          ,N,J,N,J,N,Kunder med bare sparekonto         ,N,N,N,N,N,N,N,N,N,N,N
4210,21015708910,P,29600,Eiril Leszek                       ,Gudmundsen                         ,N,N,N,J,N,Kunder med bare sparekonto         ,N,N,N,N,N,N,N,N,N,N,N
4210,18114809728,P,28500,Judith Birger                      ,Straume                            ,N,N,N,J,N,Kunder med bare sparekonto         ,N,N,N,N,N,N,N,N,N,N,N
4210,20129800586,P,28500,Paal Pamela                        ,Busk                               ,J,N,N,J,N,Kunder med bare sparekonto         ,N,N,N,N,N,N,N,N,N,N,N
4210,28078403626,P,29200,Heine Anne-Lise                    ,Ommundsen                          ,N,N,N,N,N,Kunder med bare sparekonto         ,N,N,N,N,N,N,N,N,N,N,N
4210,05128602218,P,29600,Ieva Nils-Petter                   ,Alvestad                           ,N,N,N,J,N,Kunder med bare sparekonto         ,N,N,N,N,N,N,N,N,N,N,N
4210,12079823587,P,28400,Nerijus Ariane                     ,Stene                              ,N,N,N,N,N,Kunder med bare sparekonto         ,N,N,N,N,N,N,N,N,N,N,N
4210,27119500910,P,29200,Helen Vincent                      ,Vika                               ,N,N,N,N,N,Kunder med bare sparekonto         ,N,N,N,N,N,N,N,N,N,N,N
4210,28058005330,P,39971,Tony Faiza                         ,Hollund                            ,N,N,N,J,N,Kunder med bare sparekonto         ,N,N,N,N,N,N,N,N,N,N,N
4210,29106707772,P,39911,Juan Catharina                     ,Østgård                            ,N,N,N,N,N,Kunder med bare sparekonto         ,N,N,N,N,N,N,N,N,N,N,N
4210,04118800996,P,28400,Kathleen Willy                     ,Fjørtoft                           ,N,N,N,J,N,Kunder med bare sparekonto         ,N,N,N,N,N,N,N,N,N,N,N
4210,12078713818,P,28500,Sigfred Hedvig                     ,Fadnes                             ,N,N,N,N,N,Kunder med bare sparekonto         ,N,N,N,N,N,N,N,N,N,N,N
4210,10056863252,P,29200,Agnieszka Attila                   ,Dalsbø                             ,N,N,N,J,N,Kunder med bare sparekonto         ,N,N,N,N,N,N,N,N,N,N,N
4210,17039309343,P,27040,Thorsten Marie                     ,Grebstad                           ,N,N,N,J,N,Kunder med bare sparekonto         ,N,N,N,N,N,N,N,N,N,N,N
4210,09088721923,P,28500,Andrius Kristina                   ,Skjølberg                          ,N,N,N,J,N,Kunder med bare sparekonto         ,N,N,N,N,N,N,N,N,N,N,N
4210,01065215426,P,39911,Åsa Agnar                          ,Moss                               ,N,N,N,J,N,Kunder med bare sparekonto         ,N,N,N,N,N,N,N,N,N,N,N
4210,16110540675,P,28500,Tristan Elen                       ,Kyllingstad                        ,N,N,N,J,N,Kunder med bare sparekonto         ,N,N,N,N,N,N,N,N,N,N,N
4210,10034517857,P,39921,Siren Torsten                      ,Fardal                             ,N,J,N,J,N,Kunder med bare sparekonto         ,N,N,N,N,N,N,N,N,N,N,N
4210,05020150000,P,27040,Dick Irene                         ,Bech                               ,N,N,N,N,N,Kunder med bare sparekonto         ,N,N,N,N,N,N,N,N,N,N,N
4210,01018707493,P,28100,Endre Bjørnhild                    ,Bogen                              ,N,N,N,J,N,Kunder med bare sparekonto         ,N,N,N,N,N,N,N,N,N,N,N
4210,11049614871,P,29200,Yohannes Karolina                  ,Christensen                        ,N,N,N,N,N,Kunder med bare sparekonto         ,N,N,N,N,N,N,N,N,N,N,N
4210,17115902598,P,29600,Anne-Merete Julian                 ,Ramberg                            ,N,N,N,J,N,Kunder med bare sparekonto         ,N,N,N,N,N,N,N,N,N,N,N
4210,02035412118,P,27040,Galina Elvis                       ,Thuen                              ,N,N,N,J,N,Kunder med bare sparekonto         ,N,N,N,N,N,N,N,N,N,N,N
4210,11029405176,P,28100,Berge Wanda                        ,Berthelsen                         ,N,N,N,N,N,Kunder med bare sparekonto         ,N,N,N,N,N,N,N,N,N,N,N
4210,12074609692,P,28100,Justina Sylwester                  ,Klavenes                           ,N,J,N,J,N,Kunder med bare sparekonto         ,N,N,N,N,N,N,N,N,N,N,N
4210,20098910523,P,28500,Frithjof May-Lis                   ,Sundberg                           ,N,N,N,J,N,Kunder med bare sparekonto         ,N,N,N,N,N,N,N,N,N,N,N
4210,14114713296,P,27500,Frode Indre                        ,Karimi                             ,N,J,N,J,N,Kunder med bare sparekonto         ,N,N,N,N,N,N,N,N,N,N,N
4210,10049504506,P,29200,Shahzad Mira                       ,Øvrebø                             ,N,N,N,J,N,Kunder med bare sparekonto         ,N,N,N,N,N,N,N,N,N,N,N
4210,30017018864,P,27600,Knud Olivia                        ,Lohne                              ,N,N,J,J,N,Kunder med bare sparekonto         ,N,N,N,N,N,N,N,N,N,N,N
4210,30088107906,P,29200,Håvard Regina                      ,Skogsrud                           ,N,N,N,J,N,Kunder med bare sparekonto         ,N,N,N,N,N,N,N,N,N,N,N
4210,10109219814,P,28400,Hild Kian                          ,Smeland                            ,N,N,N,N,N,Kunder med bare sparekonto         ,N,N,N,N,N,N,N,N,N,N,N
4210,14128218352,P,29200,Torolf Anisa                       ,Fure                               ,N,N,N,J,N,Kunder med bare sparekonto         ,N,N,N,N,N,N,N,N,N,N,N
4210,18065007467,P,28200,Emilie Ole-Marius                  ,Aspen                              ,N,J,N,J,N,Kunder med bare sparekonto         ,N,N,N,N,N,N,N,N,N,N,N
4210,12080177451,P,27600,Ingo Loreta                        ,Kroken                             ,N,N,N,J,N,Kunder med bare sparekonto         ,N,N,N,N,N,N,N,N,N,N,N
4210,02019258435,P,27100,Ehsan Emelie                       ,Storsve                            ,N,J,J,J,N,Kunder med bare sparekonto         ,N,N,N,N,N,N,N,N,N,N,N
4210,14030143117,P,27040,Vera Thorleif                      ,Valstad                            ,N,N,N,J,N,Kunder med bare sparekonto         ,N,N,N,N,N,N,N,N,N,N,N
4210,03107413218,P,28500,Audhild Sverre                     ,Øvretveit                          ,N,N,N,J,N,Kunder med bare sparekonto         ,N,N,N,N,N,N,N,N,N,N,N
4210,11127767450,P,28500,Edgar Amira                        ,Fimland                            ,N,J,N,J,N,Kunder med bare sparekonto         ,N,N,N,N,N,N,N,N,N,N,N
4210,31084622551,P,29200,Liubov Jorulf                      ,Holter                             ,N,J,N,N,N,Kunder med bare sparekonto         ,N,N,N,N,N,N,N,N,N,N,N
4210,22066211251,P,28100,Justas Maj                         ,Thunes                             ,J,N,N,N,N,Kunder med bare sparekonto         ,N,N,N,N,N,N,N,N,N,N,N
4210,23118913868,P,27400,Mantas Asma                        ,Bøen                               ,N,N,N,J,N,Kunder med bare sparekonto         ,N,N,N,N,N,N,N,N,N,N,N
4210,02129125589,P,39921,Hallgeir Giske                     ,Toresen                            ,N,N,N,J,N,Kunder med bare sparekonto         ,N,N,N,N,N,N,N,N,N,N,N
4210,19079901787,P,27600,Hallgeir Britt                     ,Gausdal                            ,N,N,N,J,N,Kunder med bare sparekonto         ,N,N,N,N,N,N,N,N,N,N,N
4210,17115410202,P,27600,Vasile Augusta                     ,Nodland                            ,N,N,N,J,N,Kunder med bare sparekonto         ,N,N,N,N,N,N,N,N,N,N,N
4210,21116206991,P,27400,Hroar Olga                         ,Steinnes                           ,J,N,N,N,N,Kunder med bare sparekonto         ,N,N,N,N,N,N,N,N,N,N,N
4210,10085904375,P,39911,Jafar Jeanne                       ,Dinh                               ,N,N,N,J,N,Kunder med bare sparekonto         ,N,N,N,N,N,N,N,N,N,N,N
4210,14056004573,P,27500,Nancy Marcelo                      ,Risa                               ,N,N,N,J,N,Kunder med bare sparekonto         ,N,N,N,N,N,N,N,N,N,N,N
4210,08024507573,P,28500,Salma Juozas                       ,Nylund                             ,N,N,N,J,N,Kunder med bare sparekonto         ,N,N,N,N,N,N,N,N,N,N,N
4210,01066511657,P,28500,Nicoline Arthur                    ,Kjesbu                             ,N,N,N,J,N,Kunder med bare sparekonto         ,N,N,N,N,N,N,N,N,N,N,N
4210,02114821481,P,39911,Mehmed Solgunn                     ,Lausund                            ,N,J,N,N,N,Kunder med bare sparekonto         ,N,N,N,N,N,N,N,N,N,N,N
4210,21095405174,P,28500,Ruth Jan-Olav                      ,Alnes                              ,N,N,N,J,N,Kunder med bare sparekonto         ,N,N,N,N,N,N,N,N,N,N,N
4210,21120542742,P,27400,Geir Leah                          ,Vikse                              ,N,N,N,J,N,Kunder med bare sparekonto         ,N,N,N,N,N,N,N,N,N,N,N
4210,12035403181,P,28100,Nadia Dean                         ,Rykkje                             ,J,N,N,J,N,Kunder med bare sparekonto         ,N,N,N,N,N,N,N,N,N,N,N
4210,10027918609,P,27500,Inga-Lill Thorleif                 ,Dyngeland                          ,N,N,N,N,N,Kunder med bare sparekonto         ,N,N,N,N,N,N,N,N,N,N,N
4210,31038911115,P,27500,Siw Njål                           ,Brunborg                           ,N,N,N,J,N,Kunder med bare sparekonto         ,N,N,N,N,N,N,N,N,N,N,N
4210,09019511402,P,28500,Arnulf Violeta                     ,Eriksen                            ,J,N,N,N,N,Kunder med bare sparekonto         ,N,N,N,N,N,N,N,N,N,N,N
4210,12048503924,P,27600,Berge Wanda                        ,Trengereid                         ,N,N,N,N,N,Kunder med bare sparekonto         ,N,N,N,N,N,N,N,N,N,N,N
4210,20100218705,P,39981,Valter Ulrika                      ,Braathen                           ,N,N,N,J,N,Kunder med bare sparekonto         ,N,N,N,N,N,N,N,N,N,N,N
4210,14106003263,P,29500,Amer Vida                          ,Nyberg                             ,N,N,N,N,N,Kunder med bare sparekonto         ,N,N,N,N,N,N,N,N,N,N,N
4210,09014923923,P,27200,Anne-Kristine Trym                 ,Tønsberg                           ,N,J,N,J,N,Kunder med bare sparekonto         ,N,N,N,N,N,N,N,N,N,N,N
4210,02069300378,P,28500,Ranveig Henri                      ,Wold                               ,N,N,N,J,N,Kunder med bare sparekonto         ,N,N,N,N,N,N,N,N,N,N,N
4210,09097390158,P,27500,Jorge Gina                         ,Elstad                             ,N,N,N,N,N,Kunder med bare sparekonto         ,N,N,N,N,N,N,N,N,N,N,N
4210,03127908620,P,27400,Lillan Benny                       ,Nylund                             ,N,N,N,J,N,Kunder med bare sparekonto         ,N,N,N,N,N,N,N,N,N,N,N
4210,24029922027,P,28500,Zlatko Hoa                         ,Norman                             ,N,N,N,J,N,Kunder med bare sparekonto         ,N,N,N,N,N,N,N,N,N,N,N
4210,25117201727,P,29200,Juliane Sune                       ,Håkonsen                           ,N,J,N,J,N,Kunder med bare sparekonto         ,N,N,N,N,N,N,N,N,N,N,N
4210,29066413843,P,29200,Elliot Kjellrun                    ,Elvebakk                           ,N,N,N,J,N,Kunder med bare sparekonto         ,N,N,N,N,N,N,N,N,N,N,N
4210,11129812437,P,28500,Ilze Alex                          ,Fagerheim                          ,N,N,N,J,N,Kunder med bare sparekonto         ,N,N,N,N,N,N,N,N,N,N,N
4210,22094400450,P,39911,Mantas Bianca                      ,Forseth                            ,N,N,N,J,N,Kunder med bare sparekonto         ,N,N,N,N,N,N,N,N,N,N,N
4210,04090033293,P,28500,Valdemar Magdalena                 ,Storsve                            ,N,N,N,N,N,Kunder med bare sparekonto         ,N,N,N,N,N,N,N,N,N,N,N
4210,10038812845,P,27400,Sarah Leon                         ,Gustad                             ,N,N,N,J,N,Kunder med bare sparekonto         ,N,N,N,N,N,N,N,N,N,N,N
4210,26087315672,P,28500,Gard Faiza                         ,Graff                              ,N,N,N,J,N,Kunder med bare sparekonto         ,N,N,N,N,N,N,N,N,N,N,N
4210,13119300457,P,29200,Willy Sigita                       ,Lind                               ,N,N,N,J,N,Kunder med bare sparekonto         ,N,N,N,N,N,N,N,N,N,N,N
4210,19084006583,P,28105,Franz Ada                          ,Rafoss                             ,N,N,N,N,N,Kunder med bare sparekonto         ,N,N,N,N,N,N,N,N,N,N,N
4210,07098622122,P,27500,Oddveig Torbjørn                   ,Sekkingstad                        ,N,N,N,J,N,Kunder med bare sparekonto         ,N,N,N,N,N,N,N,N,N,N,N
4210,04056118174,P,27400,Juliane Sune                       ,Askeland                           ,N,J,N,J,N,Kunder med bare sparekonto         ,N,N,N,N,N,N,N,N,N,N,N
4210,03109816719,P,27600,Oddfrid Aleksandrs                 ,Doan                               ,J,N,N,J,N,Kunder med bare sparekonto         ,N,N,N,N,N,N,N,N,N,N,N
4210,24036508309,P,29200,Veslemøy Thom                      ,Derås                              ,N,N,N,J,N,Kunder med bare sparekonto         ,N,N,N,N,N,N,N,N,N,N,N
4210,12100121504,P,28100,Emilio Dagmar                      ,Stornes                            ,N,N,N,J,N,Kunder med bare sparekonto         ,N,N,N,N,N,N,N,N,N,N,N
4210,03097523001,P,28500,Sophia Kolbein                     ,Hausken                            ,N,J,N,N,N,Kunder med bare sparekonto         ,N,N,N,N,N,N,N,N,N,N,N
4210,02116805424,P,28400,Solbjørg Noel                      ,Steinnes                           ,N,J,J,J,N,Kunder med bare sparekonto         ,N,N,N,N,N,N,N,N,N,N,N
4210,22089711472,P,27040,Mogens Annica                      ,Vestre                             ,J,N,N,J,N,Kunder med bare sparekonto         ,N,N,N,N,N,N,N,N,N,N,N
4210,13018607098,P,29200,Gjertrud Rachid                    ,Afzal                              ,N,N,N,N,N,Kunder med bare sparekonto         ,N,N,N,N,N,N,N,N,N,N,N
4210,23109604089,P,28400,Andre Leila                        ,Qvale                              ,N,N,N,J,N,Kunder med bare sparekonto         ,N,N,N,N,N,N,N,N,N,N,N
4210,22125208308,P,27600,Pablo Juni                         ,Dalen                              ,N,N,N,J,N,Kunder med bare sparekonto         ,N,N,N,N,N,N,N,N,N,N,N
4210,20025002599,P,39911,Ewa Ari                            ,Kleiven                            ,N,J,N,J,N,Kunder med bare sparekonto         ,N,N,N,N,N,N,N,N,N,N,N
4210,24118610454,B,29500,Henrik Ngoc                        ,Marstein                           ,N,N,N,N,N,Kunder med bare sparekonto         ,N,N,N,N,N,N,N,N,N,N,N
4210,18118923401,P,28500,Harriet Roald                      ,Skei                               ,N,N,N,J,N,Kunder med bare sparekonto         ,N,N,N,N,N,N,N,N,N,N,N
4210,22079008986,P,29500,Vally Øyvind                       ,Nøkleby                            ,N,N,N,J,N,Kunder med bare sparekonto         ,N,N,N,N,N,N,N,N,N,N,N
4210,20129618389,P,28500,Kristofer Jekaterina               ,Granly                             ,N,N,N,J,N,Kunder med bare sparekonto         ,N,N,N,N,N,N,N,N,N,N,N
4210,10038801827,P,27600,Asle Ann-Elin                      ,Homme                              ,N,N,N,J,N,Kunder med bare sparekonto         ,N,N,N,N,N,N,N,N,N,N,N
4210,10038909881,P,28500,Bjarte Birgith                     ,Fredheim                           ,N,N,J,J,N,Kunder med bare sparekonto         ,N,N,N,N,N,N,N,N,N,N,N
4210,10055811623,P,39981,Shahid Ethel                       ,Horgen                             ,N,N,N,N,N,Kunder med bare sparekonto         ,N,N,N,N,N,N,N,N,N,N,N
4210,10029952502,P,27400,Juan Lana                          ,Natås                              ,N,N,N,J,N,Kunder med bare sparekonto         ,N,N,N,N,N,N,N,N,N,N,N
4210,21128721557,P,39911,Ole-Jacob Nasrin                   ,Vatne                              ,N,N,N,J,N,Kunder med bare sparekonto         ,N,N,N,N,N,N,N,N,N,N,N
4210,15128109363,P,31390,Tommy Siril                        ,Viken                              ,N,J,N,J,N,Kunder med bare sparekonto         ,N,N,N,N,N,N,N,N,N,N,N
4210,05076504697,P,27100,Irja Mehran                        ,Bentzen                            ,N,N,N,N,N,Kunder med bare sparekonto         ,N,N,N,N,N,N,N,N,N,N,N
4210,31120978546,P,28500,Eldbjørg Fabio                     ,Mørland                            ,N,N,N,J,N,Kunder med bare sparekonto         ,N,N,N,N,N,N,N,N,N,N,N
4210,28030616954,P,28500,Undis Babak                        ,Mustafa                            ,N,N,N,N,N,Kunder med bare sparekonto         ,N,N,N,N,N,N,N,N,N,N,N
4210,13128909685,P,27040,Natalja Søren                      ,Eeg                                ,N,N,N,J,N,Kunder med bare sparekonto         ,N,N,N,N,N,N,N,N,N,N,N
4210,24060005369,P,27500,Birgit Laimonas                    ,Endal                              ,N,N,N,N,N,Kunder med bare sparekonto         ,N,N,N,N,N,N,N,N,N,N,N
4210,12114904838,P,27600,Borger Tara                        ,Bekkevold                          ,N,N,N,J,N,Kunder med bare sparekonto         ,N,N,N,N,N,N,N,N,N,N,N
4210,19107104839,P,39981,Larisa Aslan                       ,Fidje                              ,N,J,N,J,N,Kunder med bare sparekonto         ,N,N,N,N,N,N,N,N,N,N,N
4210,21046611044,P,29200,Sarah Leon                         ,Brekke                             ,N,N,N,J,N,Kunder med bare sparekonto         ,N,N,N,N,N,N,N,N,N,N,N
4210,17067215710,P,39911,Gunnvor Aslan                      ,Holmefjord                         ,N,N,N,J,N,Kunder med bare sparekonto         ,N,N,N,N,N,N,N,N,N,N,N
4210,28127610039,P,39911,Arnulf Charlene                    ,Salvesen                           ,N,N,N,J,N,Kunder med bare sparekonto         ,N,N,N,N,N,N,N,N,N,N,N
4210,07075008079,P,28500,Shahid Ethel                       ,Leivestad                          ,N,J,N,J,N,Kunder med bare sparekonto         ,N,N,N,N,N,N,N,N,N,N,N
4210,27048708132,P,39971,Øydis Haakon                       ,Miller                             ,N,N,N,J,N,Kunder med bare sparekonto         ,N,N,N,N,N,N,N,N,N,N,N
4210,07025616167,P,39971,Mike Gordana                       ,Engelsen                           ,N,N,N,J,N,Kunder med bare sparekonto         ,N,N,N,N,N,N,N,N,N,N,N
4210,14055213756,P,39921,Radoslaw Anne-Kathrine             ,Støle                              ,N,N,N,J,N,Kunder med bare sparekonto         ,N,N,N,N,N,N,N,N,N,N,N
4210,15030155049,P,28500,Valeria Biniam                     ,Blix                               ,N,N,N,J,N,Kunder med bare sparekonto         ,N,N,N,N,N,N,N,N,N,N,N
4210,08070405750,P,28500,Ramune Herleif                     ,Walberg                            ,N,N,N,J,N,Kunder med bare sparekonto         ,N,N,N,N,N,N,N,N,N,N,N
4210,07057700461,P,28400,Bodhild Helmut                     ,Vika                               ,N,J,N,N,N,Kunder med bare sparekonto         ,N,N,N,N,N,N,N,N,N,N,N
4210,25048900839,P,28400,Ib Arnlaug                         ,Strømberg                          ,N,N,N,J,N,Kunder med bare sparekonto         ,N,N,N,N,N,N,N,N,N,N,N
4210,03086117907,P,28500,Hennie Aadne                       ,Wist                               ,N,N,N,J,N,Kunder med bare sparekonto         ,N,N,N,N,N,N,N,N,N,N,N
4210,16126109699,P,29200,Dick Jelena                        ,Skei                               ,N,J,N,N,N,Kunder med bare sparekonto         ,N,N,N,N,N,N,N,N,N,N,N
4210,30106908628,P,27040,Olle Siri                          ,Hynne                              ,N,N,N,J,N,Kunder med bare sparekonto         ,N,N,N,N,N,N,N,N,N,N,N
4210,04019217588,P,27400,Ingo Emina                         ,Rui                                ,N,N,N,N,N,Kunder med bare sparekonto         ,N,N,N,N,N,N,N,N,N,N,N
4210,06106701529,P,27200,Mai Nabil                          ,Homme                              ,N,N,N,J,N,Kunder med bare sparekonto         ,N,N,N,N,N,N,N,N,N,N,N
4210,11065910022,P,39981,Dumitru Kate                       ,Digernes                           ,N,N,N,J,N,Kunder med bare sparekonto         ,N,N,N,N,N,N,N,N,N,N,N
4210,04066107065,P,27600,Anita Torsten                      ,Storhaug                           ,N,N,N,J,N,Kunder med bare sparekonto         ,N,N,N,N,N,N,N,N,N,N,N
4210,03118762338,P,29500,Maya Tron                          ,Bjørkum                            ,N,N,N,J,N,Kunder med bare sparekonto         ,N,N,N,N,N,N,N,N,N,N,N
4210,15027002207,P,39911,Ramunas Ann-Helen                  ,Slåtten                            ,N,J,N,J,N,Kunder med bare sparekonto         ,N,N,N,N,N,N,N,N,N,N,N
4210,13109322231,P,27400,Norma Billy                        ,Engevik                            ,N,N,N,J,N,Kunder med bare sparekonto         ,N,N,N,N,N,N,N,N,N,N,N
4210,12117418217,P,39971,Gloria Nils-Petter                 ,Sakariassen                        ,N,N,N,J,N,Kunder med bare sparekonto         ,N,N,N,N,N,N,N,N,N,N,N
4210,12109010004,P,28500,Karen Duc                          ,Qvale                              ,N,N,N,J,N,Kunder med bare sparekonto         ,N,N,N,N,N,N,N,N,N,N,N
4210,03094402610,P,28300,Bjarte Ingelin                     ,Skretteberg                        ,N,N,N,J,N,Kunder med bare sparekonto         ,N,N,N,N,N,N,N,N,N,N,N
4210,28037701841,P,27040,Julija Babak                       ,Tonstad                            ,N,N,N,N,N,Kunder med bare sparekonto         ,N,N,N,N,N,N,N,N,N,N,N
4210,23026714877,P,29200,Aila Francisco                     ,Marøy                              ,N,J,N,N,N,Kunder med bare sparekonto         ,N,N,N,N,N,N,N,N,N,N,N
4210,29095116475,P,27400,Yulia Fernando                     ,Lyshaug                            ,N,J,N,N,N,Kunder med bare sparekonto         ,N,N,N,N,N,N,N,N,N,N,N
4210,03065200464,P,39911,Kristofer Eirin                    ,Hofstad                            ,N,N,N,J,N,Kunder med bare sparekonto         ,N,N,N,N,N,N,N,N,N,N,N
4210,13098919206,P,27600,Muna Gudbrand                      ,Holta                              ,N,N,N,J,N,Kunder med bare sparekonto         ,N,N,N,N,N,N,N,N,N,N,N
4210,02021816968,P,39921,Steven Dagrun                      ,Eskeland                           ,N,N,N,J,N,Kunder med bare sparekonto         ,N,N,N,N,N,N,N,N,N,N,N
4210,30086207547,B,22750,Asle Ellie                         ,Michelsen                          ,N,N,N,J,N,Kunder med bare sparekonto         ,N,N,N,N,N,N,N,N,N,N,N
4210,29086300883,P,27600,Tore Gabriella                     ,Østerhus                           ,N,J,N,J,N,Kunder med bare sparekonto         ,N,N,N,N,N,N,N,N,N,N,N
4210,05089111260,P,29400,Franz Ane                          ,Bakkan                             ,N,J,N,J,N,Kunder med bare sparekonto         ,N,N,N,N,N,N,N,N,N,N,N
4210,22045007433,P,39921,Monicha Dean                       ,Lauvrak                            ,N,J,J,J,N,Kunder med bare sparekonto         ,N,N,N,N,N,N,N,N,N,N,N
4210,11027616331,P,27500,Alicia Leiv                        ,Kvalø                              ,N,N,N,J,N,Kunder med bare sparekonto         ,N,N,N,N,N,N,N,N,N,N,N
4210,21060112530,P,27400,Pablo Malgorzata                   ,Berre                              ,N,N,N,J,N,Kunder med bare sparekonto         ,N,N,N,N,N,N,N,N,N,N,N
4210,11119921122,P,27600,Ilyas Kristin                      ,Handeland                          ,J,N,N,J,N,Kunder med bare sparekonto         ,N,N,N,N,N,N,N,N,N,N,N
4210,28038209223,P,28300,Leah Leszek                        ,Øye                                ,N,J,J,J,N,Kunder med bare sparekonto         ,N,N,N,N,N,N,N,N,N,N,N
4210,14128518658,P,28500,Thorbjørn Tia                      ,Lomeland                           ,N,J,N,J,N,Kunder med bare sparekonto         ,N,N,N,N,N,N,N,N,N,N,N
4210,11028109298,P,39921,Christa Abdulkadir                 ,Trengereid                         ,N,N,N,J,N,Kunder med bare sparekonto         ,N,N,N,N,N,N,N,N,N,N,N
4210,21085721655,P,29400,Sophia Kolbein                     ,Stavrum                            ,N,N,N,J,N,Kunder med bare sparekonto         ,N,N,N,N,N,N,N,N,N,N,N
4210,14016821277,P,28200,Gunni Birger                       ,Fagerheim                          ,N,N,N,J,N,Kunder med bare sparekonto         ,N,N,N,N,N,N,N,N,N,N,N
4210,29107124592,P,28500,Cesar Nancy                        ,Fossen                             ,N,N,N,J,N,Kunder med bare sparekonto         ,N,N,N,N,N,N,N,N,N,N,N
4210,30117811286,P,28500,Susanna Rudi                       ,Seim                               ,N,N,N,N,N,Kunder med bare sparekonto         ,N,N,N,N,N,N,N,N,N,N,N
4210,03049004396,P,27400,Jens Ylva                          ,Borge                              ,N,N,N,J,N,Kunder med bare sparekonto         ,N,N,N,N,N,N,N,N,N,N,N
4210,26129410751,P,28100,Ellie Biniam                       ,Hatland                            ,N,J,N,N,N,Kunder med bare sparekonto         ,N,N,N,N,N,N,N,N,N,N,N
4210,10029017137,P,29200,Winnie Odd-Arne                    ,Mork                               ,N,N,N,J,N,Kunder med bare sparekonto         ,N,N,N,N,N,N,N,N,N,N,N
4210,09079412144,P,39911,Jorge Stina                        ,Storsve                            ,N,N,N,J,N,Kunder med bare sparekonto         ,N,N,N,N,N,N,N,N,N,N,N
4210,28027010166,P,27400,Siw Njål                           ,Lausund                            ,N,N,N,J,N,Kunder med bare sparekonto         ,N,N,N,N,N,N,N,N,N,N,N
4210,28076209903,P,39911,Lajla Nicolae                      ,Abukar                             ,N,J,N,J,N,Kunder med bare sparekonto         ,N,N,N,N,N,N,N,N,N,N,N
4210,24125908736,P,27100,Annelie Melvin                     ,Vevang                             ,N,J,N,J,N,Kunder med bare sparekonto         ,N,N,N,N,N,N,N,N,N,N,N
4210,23119805732,P,28500,Yassin Judy                        ,Stangeland                         ,N,N,N,J,N,Kunder med bare sparekonto         ,N,N,N,N,N,N,N,N,N,N,N
4210,06038200486,P,27100,Gro Steingrim                      ,Nyheim                             ,N,N,N,J,N,Kunder med bare sparekonto         ,N,N,N,N,N,N,N,N,N,N,N
4210,03078801076,P,27400,Cristina Torgny                    ,Braaten                            ,N,N,N,J,N,Kunder med bare sparekonto         ,N,N,N,N,N,N,N,N,N,N,N
4210,26028914015,P,29600,Ådne Maja                          ,Bakketun                           ,N,N,N,J,N,Kunder med bare sparekonto         ,N,N,N,N,N,N,N,N,N,N,N
4210,22015904384,P,27600,Raja Nadezda                       ,Thorgersen                         ,N,N,N,N,N,Kunder med bare sparekonto         ,N,N,N,N,N,N,N,N,N,N,N
4210,06127003783,P,29400,Olle Helena                        ,Nielsen                            ,N,N,N,J,N,Kunder med bare sparekonto         ,N,N,N,N,N,N,N,N,N,N,N
4210,28037911684,P,28500,Hallstein Oliva                    ,Holmberg                           ,N,N,N,N,N,Kunder med bare sparekonto         ,N,N,N,N,N,N,N,N,N,N,N
4210,26095715337,P,29600,Gudny Øyvind                       ,Olsen                              ,N,N,N,J,N,Kunder med bare sparekonto         ,N,N,N,N,N,N,N,N,N,N,N
4210,29039708815,P,27040,Eleni Oddmund                      ,Flønes                             ,N,N,N,J,N,Kunder med bare sparekonto         ,N,N,N,N,N,N,N,N,N,N,N
4210,27108104940,P,27100,Kirsten Sturla                     ,Solvang                            ,J,J,N,N,N,Kunder med bare sparekonto         ,N,N,N,N,N,N,N,N,N,N,N
4210,04026127020,P,27400,Darius Inna                        ,Storsve                            ,N,J,N,J,N,Kunder med bare sparekonto         ,N,N,N,N,N,N,N,N,N,N,N
4210,09107707597,P,29200,Jill Edward                        ,Brandt                             ,N,J,N,N,N,Kunder med bare sparekonto         ,N,N,N,N,N,N,N,N,N,N,N
4210,07076665960,P,28500,Ann-Elin Duc                       ,Grøneng                            ,N,N,N,N,N,Kunder med bare sparekonto         ,N,N,N,N,N,N,N,N,N,N,N
4210,13077416832,P,28500,Cristian Hana                      ,Heier                              ,N,N,N,N,N,Kunder med bare sparekonto         ,N,N,N,N,N,N,N,N,N,N,N
4210,15124207956,P,27400,Normann Annfrid                    ,Tungland                           ,N,J,N,N,N,Kunder med bare sparekonto         ,N,N,N,N,N,N,N,N,N,N,N
4210,17059727583,P,29200,Norunn Thorolf                     ,Aarsand                            ,N,N,N,J,N,Kunder med bare sparekonto         ,N,N,N,N,N,N,N,N,N,N,N
4210,25045914081,P,28500,Kristofer Samira                   ,Aadland                            ,N,N,N,J,N,Kunder med bare sparekonto         ,N,N,N,N,N,N,N,N,N,N,N
4210,09114716186,P,27040,Amna Tord                          ,Kvamsdal                           ,N,N,N,J,N,Kunder med bare sparekonto         ,N,N,N,N,N,N,N,N,N,N,N
4210,16048815654,P,28300,Myrna Yosef                        ,Medhus                             ,N,J,N,J,N,Kunder med bare sparekonto         ,N,N,N,N,N,N,N,N,N,N,N
4210,17105923155,P,28500,Natasha Fridtjov                   ,Lillebø                            ,N,J,N,J,N,Kunder med bare sparekonto         ,N,N,N,N,N,N,N,N,N,N,N
4210,17045905667,P,28100,Radoslaw Virginia                  ,Rui                                ,N,N,N,J,N,Kunder med bare sparekonto         ,N,N,N,N,N,N,N,N,N,N,N
4210,23017915045,P,28500,Frode Pamela                       ,Handeland                          ,N,J,N,J,N,Kunder med bare sparekonto         ,N,N,N,N,N,N,N,N,N,N,N
4210,12099711300,P,27200,Juan Lorna                         ,Helgesen                           ,N,J,N,J,N,Kunder med bare sparekonto         ,N,N,N,N,N,N,N,N,N,N,N
4210,29079115795,P,27500,Ole-Morten Mirja                   ,Bergsvik                           ,N,N,N,J,N,Kunder med bare sparekonto         ,N,N,N,N,N,N,N,N,N,N,N
4210,23010010950,P,28500,Thorsten Salma                     ,Eggen                              ,N,N,N,J,N,Kunder med bare sparekonto         ,N,N,N,N,N,N,N,N,N,N,N
4210,31106515851,P,28500,Idunn Alv                          ,Sandve                             ,N,N,N,N,N,Kunder med bare sparekonto         ,N,N,N,N,N,N,N,N,N,N,N
4210,14029804444,P,29200,Petras Aasne                       ,Terjesen                           ,N,N,N,J,N,Kunder med bare sparekonto         ,N,N,N,N,N,N,N,N,N,N,N
4210,17080023995,P,27600,Szymon Christina                   ,Walderhaug                         ,N,J,N,J,N,Kunder med bare sparekonto         ,N,N,N,N,N,N,N,N,N,N,N
4210,03114819068,P,29200,Barbro Magnus                      ,Fagerli                            ,N,N,N,J,N,Kunder med bare sparekonto         ,N,N,N,N,N,N,N,N,N,N,N
4210,18079711930,P,29600,Emine Rune                         ,Fure                               ,N,N,N,J,N,Kunder med bare sparekonto         ,N,N,N,N,N,N,N,N,N,N,N
4210,23019503488,P,28500,Madelen Trond                      ,Engeset                            ,N,N,N,J,N,Kunder med bare sparekonto         ,N,N,N,N,N,N,N,N,N,N,N
4210,25040431791,P,39921,Amal Kenneth                       ,Monstad                            ,N,N,N,J,N,Kunder med bare sparekonto         ,N,N,N,N,N,N,N,N,N,N,N
4210,22039051609,P,28500,Eystein Alice                      ,Rosnes                             ,N,N,N,J,N,Kunder med bare sparekonto         ,N,N,N,N,N,N,N,N,N,N,N
4210,15038102750,P,39981,Anne-Marit Kris                    ,Braathen                           ,N,N,N,N,N,Kunder med bare sparekonto         ,N,N,N,N,N,N,N,N,N,N,N
4210,16026614892,P,27600,Siri Noel                          ,Flønes                             ,N,J,J,J,N,Kunder med bare sparekonto         ,N,N,N,N,N,N,N,N,N,N,N
4210,17128709932,P,29200,Marcel Othilie                     ,Jordal                             ,N,N,N,J,N,Kunder med bare sparekonto         ,N,N,N,N,N,N,N,N,N,N,N
4210,15017707563,P,28500,Frithjof Kristina                  ,Bryne                              ,N,N,N,J,N,Kunder med bare sparekonto         ,N,N,N,N,N,N,N,N,N,N,N
4210,26094522616,P,28500,Marlen Jan-Inge                    ,Endal                              ,N,N,N,J,N,Kunder med bare sparekonto         ,N,N,N,N,N,N,N,N,N,N,N
4210,12025120793,P,28500,Jorge Gina                         ,Garshol                            ,N,J,N,J,N,Kunder med bare sparekonto         ,N,N,N,N,N,N,N,N,N,N,N
4210,28129109027,P,28500,Feven Elvis                        ,Mauseth                            ,N,N,N,N,N,Kunder med bare sparekonto         ,N,N,N,N,N,N,N,N,N,N,N
4210,25086319112,P,28400,Lin Trond                          ,Askvik                             ,N,N,N,J,N,Kunder med bare sparekonto         ,N,N,N,N,N,N,N,N,N,N,N
4210,09066106176,P,27500,Mahad Tove                         ,Lindås                             ,N,N,N,J,N,Kunder med bare sparekonto         ,N,N,N,N,N,N,N,N,N,N,N
4210,24079615885,P,29600,Werner Jannike                     ,Hatteland                          ,N,N,N,N,N,Kunder med bare sparekonto         ,N,N,N,N,N,N,N,N,N,N,N
4210,01068105427,P,27200,Marilyn Attila                     ,Lillevik                           ,N,J,N,J,N,Kunder med bare sparekonto         ,N,N,N,N,N,N,N,N,N,N,N
4210,09085419533,P,27500,Eiril Leszek                       ,Underhaug                          ,N,N,N,N,N,Kunder med bare sparekonto         ,N,N,N,N,N,N,N,N,N,N,N
4210,13106417606,P,29200,Florence Saad                      ,Kvammen                            ,N,J,J,J,N,Kunder med bare sparekonto         ,N,N,N,N,N,N,N,N,N,N,N
4210,12109203392,P,28500,Emilio Anita                       ,Hannestad                          ,J,N,N,J,N,Kunder med bare sparekonto         ,N,N,N,N,N,N,N,N,N,N,N
4210,16015600547,P,28300,Ann-Charlott Dejan                 ,Edvardsen                          ,N,N,N,N,N,Kunder med bare sparekonto         ,N,N,N,N,N,N,N,N,N,N,N
4210,26026408619,P,28400,Britha Kris                        ,Røyland                            ,N,N,N,J,N,Kunder med bare sparekonto         ,N,N,N,N,N,N,N,N,N,N,N
4210,21067011632,P,27040,Håvard Kathrin                     ,Bjørkum                            ,N,J,N,J,N,Kunder med bare sparekonto         ,N,N,N,N,N,N,N,N,N,N,N
4210,17076210624,B,29200,Ehsan Beatriz                      ,Kvalnes                            ,N,J,N,J,N,Kunder med bare sparekonto         ,N,N,N,N,N,N,N,N,N,N,N
4210,03029715008,P,28500,Knut-Erik Anna-Karin               ,Sørbø                              ,N,N,N,J,N,Kunder med bare sparekonto         ,N,N,N,N,N,N,N,N,N,N,N
4210,25064516909,P,28500,Stener Adriana                     ,Vevang                             ,N,N,N,J,N,Kunder med bare sparekonto         ,N,N,N,N,N,N,N,N,N,N,N
4210,10089300199,P,28100,Szymon Laila                       ,Munthe                             ,N,N,N,N,N,Kunder med bare sparekonto         ,N,N,N,N,N,N,N,N,N,N,N
4210,09045709997,P,28500,Sana Aslan                         ,Kvalø                              ,N,N,N,J,N,Kunder med bare sparekonto         ,N,N,N,N,N,N,N,N,N,N,N
4210,28016111467,P,28500,Borgny Audun                       ,Balstad                            ,J,N,N,J,N,Kunder med bare sparekonto         ,N,N,N,N,N,N,N,N,N,N,N
4210,28129400767,P,28500,Jelena Mladen                      ,Solevåg                            ,N,N,N,N,N,Kunder med bare sparekonto         ,N,N,N,N,N,N,N,N,N,N,N
4210,03014100031,P,28200,Hallgeir Heidi                     ,Osmundsen                          ,N,J,N,J,N,Kunder med bare sparekonto         ,N,N,N,N,N,N,N,N,N,N,N
4210,09105114874,P,27600,Oluf Agathe                        ,Kristoffersen                      ,N,J,N,J,N,Kunder med bare sparekonto         ,N,N,N,N,N,N,N,N,N,N,N
4210,04075819108,P,27500,Nataliia Fernando                  ,Javed                              ,N,J,N,J,N,Kunder med bare sparekonto         ,N,N,N,N,N,N,N,N,N,N,N
4210,06125418145,P,28500,Elbjørg Sune                       ,Skålevik                           ,N,N,N,J,N,Kunder med bare sparekonto         ,N,N,N,N,N,N,N,N,N,N,N
4210,24027210828,P,29200,Jo Jessica                         ,Ims                                ,N,N,N,J,N,Kunder med bare sparekonto         ,N,N,N,N,N,N,N,N,N,N,N
4210,16018823717,P,28500,Margreta Danny                     ,Finnerud                           ,N,N,N,N,N,Kunder med bare sparekonto         ,N,N,N,N,N,N,N,N,N,N,N
4210,06036819497,P,27600,Valter Kristbjørg                  ,Bjerkli                            ,N,J,N,N,N,Kunder med bare sparekonto         ,N,N,N,N,N,N,N,N,N,N,N
4210,21100529715,P,28300,Dagrunn Julian                     ,Gulbrandsen                        ,N,N,N,J,N,Kunder med bare sparekonto         ,N,N,N,N,N,N,N,N,N,N,N
4210,15084616696,P,27400,Eduardo Neringa                    ,Lea                                ,N,N,N,J,N,Kunder med bare sparekonto         ,N,N,N,N,N,N,N,N,N,N,N
4210,17105604556,P,39981,Torodd Wenche                      ,Evje                               ,N,N,N,J,N,Kunder med bare sparekonto         ,N,N,N,N,N,N,N,N,N,N,N
4210,15118300235,P,28200,Anne-Kristine Dejan                ,Austnes                            ,N,N,N,N,N,Kunder med bare sparekonto         ,N,N,N,N,N,N,N,N,N,N,N
4210,02099418446,P,29200,Christen Jade                      ,Moldskred                          ,N,N,N,J,N,Kunder med bare sparekonto         ,N,N,N,N,N,N,N,N,N,N,N
4210,26117067148,P,28500,Anne-Merete Julian                 ,Nome                               ,N,N,N,J,N,Kunder med bare sparekonto         ,N,N,N,N,N,N,N,N,N,N,N
4210,16014709529,P,27200,Raja Nadezda                       ,Midttun                            ,N,N,N,J,N,Kunder med bare sparekonto         ,N,N,N,N,N,N,N,N,N,N,N
4210,05115106009,P,28500,Marcel Frøya                       ,Lindgren                           ,N,N,N,J,N,Kunder med bare sparekonto         ,N,N,N,N,N,N,N,N,N,N,N
4210,09087707226,P,39911,Madeleine Ted                      ,Trengereid                         ,N,J,N,J,N,Kunder med bare sparekonto         ,N,N,N,N,N,N,N,N,N,N,N
4210,17074708129,P,28200,Tron Elinor                        ,Hotvedt                            ,N,N,N,J,N,Kunder med bare sparekonto         ,N,N,N,N,N,N,N,N,N,N,N
4210,17019824063,P,28500,Layla Istvan                       ,Einarsen                           ,N,N,N,N,N,Kunder med bare sparekonto         ,N,N,N,N,N,N,N,N,N,N,N
4210,07035610396,P,28500,Ruth Jan-Olav                      ,Nordnes                            ,N,J,N,J,N,Kunder med bare sparekonto         ,N,N,N,N,N,N,N,N,N,N,N
4210,17110121660,P,28500,Sienna Sigve                       ,Lidal                              ,N,N,N,J,N,Kunder med bare sparekonto         ,N,N,N,N,N,N,N,N,N,N,N
4210,09078217151,P,28500,Robertas Line                      ,Pham                               ,N,N,N,J,N,Kunder med bare sparekonto         ,N,N,N,N,N,N,N,N,N,N,N
4210,11096709791,P,28400,Raja Nadezda                       ,Flønes                             ,N,N,N,J,N,Kunder med bare sparekonto         ,N,N,N,N,N,N,N,N,N,N,N
4210,12116118902,P,28500,Aslak Gro-Anita                    ,Gregersen                          ,N,N,N,J,N,Kunder med bare sparekonto         ,N,N,N,N,N,N,N,N,N,N,N
4210,29128107299,P,28500,Zeynep Mikko                       ,Palm                               ,N,N,N,J,N,Kunder med bare sparekonto         ,N,N,N,N,N,N,N,N,N,N,N
4210,03067155067,P,27200,Edgars Ann-Marie                   ,Green                              ,N,J,N,J,N,Kunder med bare sparekonto         ,N,N,N,N,N,N,N,N,N,N,N
4210,01054314473,P,28500,Mateusz Eirunn                     ,Venås                              ,N,J,N,J,N,Kunder med bare sparekonto         ,N,N,N,N,N,N,N,N,N,N,N
4210,16075417172,P,27200,Robertas Torill                    ,Hognestad                          ,N,J,J,J,N,Kunder med bare sparekonto         ,N,N,N,N,N,N,N,N,N,N,N
4210,06074209503,P,28400,Elliot Vera                        ,Takvam                             ,N,N,N,J,N,Kunder med bare sparekonto         ,N,N,N,N,N,N,N,N,N,N,N
4210,10069410516,P,28300,Benny Solgunn                      ,Bergan                             ,N,N,N,J,N,Kunder med bare sparekonto         ,N,N,N,N,N,N,N,N,N,N,N
4210,11108620953,P,28400,Mali Styrk                         ,Osman                              ,N,N,N,J,N,Kunder med bare sparekonto         ,N,N,N,N,N,N,N,N,N,N,N
4210,11094909696,P,28500,Torodd Ramune                      ,Lea                                ,N,N,N,J,N,Kunder med bare sparekonto         ,N,N,N,N,N,N,N,N,N,N,N
4210,28116005877,P,27400,Anne Arthur                        ,Shah                               ,N,J,N,J,N,Kunder med bare sparekonto         ,N,N,N,N,N,N,N,N,N,N,N
4210,21098500526,P,28500,Wieslaw Sabina                     ,Roland                             ,N,J,J,N,N,Kunder med bare sparekonto         ,N,N,N,N,N,N,N,N,N,N,N
4210,28106401324,P,27100,Asmund Kitty                       ,Reite                              ,N,N,N,J,N,Kunder med bare sparekonto         ,N,N,N,N,N,N,N,N,N,N,N
4210,01076306296,P,29200,Margrethe Sasa                     ,Gjessing                           ,N,N,N,J,N,Kunder med bare sparekonto         ,N,N,N,N,N,N,N,N,N,N,N
4210,27116854096,P,28500,Wencke Kamran                      ,Sandvær                            ,N,N,N,J,N,Kunder med bare sparekonto         ,N,N,N,N,N,N,N,N,N,N,N
4210,10097816617,P,27400,Helena Fabio                       ,Ruud                               ,N,J,J,N,N,Kunder med bare sparekonto         ,N,N,N,N,N,N,N,N,N,N,N
4210,26108810474,P,28500,Frøya Julian                       ,Landsverk                          ,N,N,N,J,N,Kunder med bare sparekonto         ,N,N,N,N,N,N,N,N,N,N,N
4210,14015720434,P,28500,Borger Aase                        ,Grimnes                            ,J,N,N,J,N,Kunder med bare sparekonto         ,N,N,N,N,N,N,N,N,N,N,N
4210,28059309848,P,27040,Curt Rana                          ,Schanche                           ,N,N,N,J,N,Kunder med bare sparekonto         ,N,N,N,N,N,N,N,N,N,N,N
4210,27128109655,P,27500,Tom-Arne Enya                      ,Hætta                              ,N,N,N,J,N,Kunder med bare sparekonto         ,N,N,N,N,N,N,N,N,N,N,N
4210,15034403160,P,28200,Caroline Odd-Arne                  ,Dale                               ,N,J,N,N,N,Kunder med bare sparekonto         ,N,N,N,N,N,N,N,N,N,N,N
4210,23036002271,P,27400,Ambjørg Yosef                      ,Hauglid                            ,N,J,N,J,N,Kunder med bare sparekonto         ,N,N,N,N,N,N,N,N,N,N,N
4210,14047610215,P,28500,Juozas Oddveig                     ,Botnen                             ,N,J,N,N,N,Kunder med bare sparekonto         ,N,N,N,N,N,N,N,N,N,N,N
4210,01105901638,P,29200,Franz Matilde                      ,Taranger                           ,N,N,N,N,N,Kunder med bare sparekonto         ,N,N,N,N,N,N,N,N,N,N,N
4210,26050052566,P,28100,Rimantas Agnieszka                 ,Skogmo                             ,N,N,N,N,N,Kunder med bare sparekonto         ,N,N,N,N,N,N,N,N,N,N,N
4210,07089704086,P,29500,Birgitta Helmer                    ,Nikolaisen                         ,N,N,N,J,N,Kunder med bare sparekonto         ,N,N,N,N,N,N,N,N,N,N,N
4210,21105510109,P,29400,Audrius Inger-Lise                 ,Juul                               ,N,N,N,J,N,Kunder med bare sparekonto         ,N,N,N,N,N,N,N,N,N,N,N
4210,01068712781,P,28500,Ester Ionut                        ,Bjørnerud                          ,N,N,N,J,N,Kunder med bare sparekonto         ,N,N,N,N,N,N,N,N,N,N,N
4210,11067111259,P,29200,Johan Kerstin                      ,Fjellstad                          ,N,N,N,J,N,Kunder med bare sparekonto         ,N,N,N,N,N,N,N,N,N,N,N
4210,11066401806,P,28500,Ildri Ask                          ,Vevang                             ,N,N,N,N,N,Kunder med bare sparekonto         ,N,N,N,N,N,N,N,N,N,N,N
4210,13095308036,P,28500,Ingmar Joan                        ,Tharaldsen                         ,N,N,N,J,N,Kunder med bare sparekonto         ,N,N,N,N,N,N,N,N,N,N,N
4210,03098012612,P,29200,Aigars Thone                       ,Storsve                            ,N,N,N,J,N,Kunder med bare sparekonto         ,N,N,N,N,N,N,N,N,N,N,N
4210,07050006047,P,28100,Yohannes Sylvia                    ,Lade                               ,N,N,N,N,N,Kunder med bare sparekonto         ,N,N,N,N,N,N,N,N,N,N,N
4210,24046303632,P,27500,Drude Torgny                       ,Sørbø                              ,N,N,N,N,N,Kunder med bare sparekonto         ,N,N,N,N,N,N,N,N,N,N,N
4210,03027110826,P,27400,Balder Anneli                      ,Malvik                             ,N,N,N,J,N,Kunder med bare sparekonto         ,N,N,N,N,N,N,N,N,N,N,N
4210,16095212658,P,28100,Ben Marilyn                        ,Furnes                             ,N,J,N,J,N,Kunder med bare sparekonto         ,N,N,N,N,N,N,N,N,N,N,N
4210,27089107836,P,27500,Raimondas Jamila                   ,Sekkingstad                        ,N,N,N,N,N,Kunder med bare sparekonto         ,N,N,N,N,N,N,N,N,N,N,N
4210,29046714014,P,28500,Zaneta Agnar                       ,Bjerk                              ,N,N,N,N,N,Kunder med bare sparekonto         ,N,N,N,N,N,N,N,N,N,N,N
4210,06017094260,P,29200,Thordis Arnvid                     ,Lam                                ,N,N,N,J,N,Kunder med bare sparekonto         ,N,N,N,N,N,N,N,N,N,N,N
4210,30050074478,P,28100,Fatima Babak                       ,Kvaale                             ,N,J,J,J,N,Kunder med bare sparekonto         ,N,N,N,N,N,N,N,N,N,N,N
4210,03037256063,P,27400,Kjellaug Kris                      ,Rosvold                            ,N,N,N,J,N,Kunder med bare sparekonto         ,N,N,N,N,N,N,N,N,N,N,N
4210,25123617773,P,27100,Biljana Mohsen                     ,Storøy                             ,N,N,N,J,N,Kunder med bare sparekonto         ,N,N,N,N,N,N,N,N,N,N,N
4210,13115718848,P,27600,Genet Umar                         ,Tetlie                             ,N,J,N,J,N,Kunder med bare sparekonto         ,N,N,N,N,N,N,N,N,N,N,N
4210,18079403764,P,28500,Rimantas Elizabeth                 ,Vatne                              ,N,N,N,J,N,Kunder med bare sparekonto         ,N,N,N,N,N,N,N,N,N,N,N
4210,30128908311,P,29600,Benny Ann-Charlotte                ,Engstad                            ,J,N,N,N,N,Kunder med bare sparekonto         ,N,N,N,N,N,N,N,N,N,N,N
4210,31088402920,P,29200,Josephine Arthur                   ,Fjellestad                         ,N,N,N,J,N,Kunder med bare sparekonto         ,N,N,N,N,N,N,N,N,N,N,N
4210,23093723678,P,28400,Aagot Janne                        ,Omdal                              ,N,N,N,J,N,Kunder med bare sparekonto         ,N,N,N,N,N,N,N,N,N,N,N
4210,29035901866,P,27040,Marcel Frøya                       ,Melheim                            ,N,N,N,J,N,Kunder med bare sparekonto         ,N,N,N,N,N,N,N,N,N,N,N
4210,06124111429,P,27400,Daiva Francisco                    ,Eliassen                           ,N,N,N,J,N,Kunder med bare sparekonto         ,N,N,N,N,N,N,N,N,N,N,N
4210,28069955330,P,27040,Hallgeir Giske                     ,Stray                              ,N,N,N,J,N,Kunder med bare sparekonto         ,N,N,N,N,N,N,N,N,N,N,N
4210,07129725650,P,28400,Harald Vivi-Ann                    ,Hofstad                            ,N,N,N,J,N,Kunder med bare sparekonto         ,N,N,N,N,N,N,N,N,N,N,N
4210,17017801872,P,28400,Noel Renate                        ,Hølland                            ,N,J,N,N,N,Kunder med bare sparekonto         ,N,N,N,N,N,N,N,N,N,N,N
4210,02090833343,P,27200,Cecilia Melvin                     ,Ludvigsen                          ,N,N,N,J,N,Kunder med bare sparekonto         ,N,N,N,N,N,N,N,N,N,N,N
4210,25038802677,P,28500,Elke Jahn                          ,Hjelseth                           ,N,J,N,J,N,Kunder med bare sparekonto         ,N,N,N,N,N,N,N,N,N,N,N
4210,12113407105,P,29200,Jafar Alida                        ,Bodin                              ,N,N,N,N,N,Kunder med bare sparekonto         ,N,N,N,N,N,N,N,N,N,N,N
4210,08088211775,P,27500,Eivin Iman                         ,Eikeland                           ,N,N,N,J,N,Kunder med bare sparekonto         ,N,N,N,N,N,N,N,N,N,N,N
4210,13078804275,P,28500,Erland Marry                       ,Frøystad                           ,N,N,N,J,N,Kunder med bare sparekonto         ,N,N,N,N,N,N,N,N,N,N,N
4210,29077412210,P,27200,Julio Stella                       ,Nevland                            ,N,J,J,J,N,Kunder med bare sparekonto         ,N,N,N,N,N,N,N,N,N,N,N
4210,01116969919,P,27200,Aslak Gro-Anita                    ,Vorland                            ,N,N,N,J,N,Kunder med bare sparekonto         ,N,N,N,N,N,N,N,N,N,N,N
4210,24069424356,P,29200,Youssef Layla                      ,Støen                              ,N,N,N,N,N,Kunder med bare sparekonto         ,N,N,N,N,N,N,N,N,N,N,N
4210,23086411121,P,39981,Pablo Elinor                       ,Handeland                          ,N,N,N,J,N,Kunder med bare sparekonto         ,N,N,N,N,N,N,N,N,N,N,N
4210,24118016471,P,28500,Mika Vally                         ,Almli                              ,N,J,N,N,N,Kunder med bare sparekonto         ,N,N,N,N,N,N,N,N,N,N,N
4210,29095008079,P,27040,Martine Mahdi                      ,Klepp                              ,N,N,N,J,N,Kunder med bare sparekonto         ,N,N,N,N,N,N,N,N,N,N,N
4210,21059315835,P,28500,Arlene Danny                       ,Grønberg                           ,N,N,N,J,N,Kunder med bare sparekonto         ,N,N,N,N,N,N,N,N,N,N,N
4210,19115706465,P,28500,Mantas Lindis                      ,Mæland                             ,N,N,N,N,N,Kunder med bare sparekonto         ,N,N,N,N,N,N,N,N,N,N,N
4210,17039418886,P,28500,Aslak Zeinab                       ,Hellum                             ,J,N,N,J,N,Kunder med bare sparekonto         ,N,N,N,N,N,N,N,N,N,N,N
4210,10015603750,P,29200,Nancy Stuart                       ,Toresen                            ,N,N,N,J,N,Kunder med bare sparekonto         ,N,N,N,N,N,N,N,N,N,N,N
4210,30086214381,P,28500,Ruth Jan-Olav                      ,Hallan                             ,N,N,N,J,N,Kunder med bare sparekonto         ,N,N,N,N,N,N,N,N,N,N,N
4210,12099723627,P,28500,Rolandas Madelene                  ,Naalsund                           ,J,N,N,J,N,Kunder med bare sparekonto         ,N,N,N,N,N,N,N,N,N,N,N
4210,10029016424,P,39921,Gørild Samuel                      ,Løseth                             ,N,N,N,J,N,Kunder med bare sparekonto         ,N,N,N,N,N,N,N,N,N,N,N
4210,05098718801,P,28500,Oddveig Abdifatah                  ,Holmgren                           ,N,J,N,J,N,Kunder med bare sparekonto         ,N,N,N,N,N,N,N,N,N,N,N
4210,05099216834,P,28500,Stener Lin                         ,Thon                               ,N,N,N,J,N,Kunder med bare sparekonto         ,N,N,N,N,N,N,N,N,N,N,N
4210,07055506587,P,27200,Annfrid Hallgeir                   ,Borge                              ,N,J,J,J,N,Kunder med bare sparekonto         ,N,N,N,N,N,N,N,N,N,N,N
4210,24017812854,P,28500,Asif Regina                        ,Benjaminsen                        ,N,J,N,J,N,Kunder med bare sparekonto         ,N,N,N,N,N,N,N,N,N,N,N
4210,09128920150,P,27400,Ernestas Lykke                     ,Hofstad                            ,N,N,N,J,N,Kunder med bare sparekonto         ,N,N,N,N,N,N,N,N,N,N,N
4210,08056804839,P,28400,Ragnfrid Rudi                      ,Erland                             ,N,N,N,J,N,Kunder med bare sparekonto         ,N,N,N,N,N,N,N,N,N,N,N
4210,22058364138,P,28520,Heather Paulo                      ,Lysne                              ,N,J,N,J,N,Kunder med bare sparekonto         ,N,N,N,N,N,N,N,N,N,N,N
4210,04049516121,P,28500,Tommy Siril                        ,Høiland                            ,N,N,N,J,N,Kunder med bare sparekonto         ,N,N,N,N,N,N,N,N,N,N,N
4210,27051822663,P,39911,Jorge Hulda                        ,Haveland                           ,N,N,N,J,N,Kunder med bare sparekonto         ,N,N,N,N,N,N,N,N,N,N,N
4210,01019315742,P,27040,Arnulf Izabela                     ,Hatløy                             ,N,N,N,N,N,Kunder med bare sparekonto         ,N,N,N,N,N,N,N,N,N,N,N
4210,25024712373,P,39911,Juan Hellen                        ,Lindhjem                           ,N,N,N,N,N,Kunder med bare sparekonto         ,N,N,N,N,N,N,N,N,N,N,N
4210,01028605885,P,28500,Jeremy Birgit                      ,Lindgren                           ,N,N,N,J,N,Kunder med bare sparekonto         ,N,N,N,N,N,N,N,N,N,N,N
4210,14045512097,B,22285,Vivi Kim-Andre                     ,Nereng                             ,N,N,N,N,N,Kunder med bare sparekonto         ,N,N,N,N,N,N,N,N,N,N,N
