4210,28070056293,P,39911,Mette Maciej                       ,Myrvoll                            ,N,N,N,J,N,KUNDER OVER 18 ÅR                  ,N,N,N,N,N,N,N,N,N,N,N
4210,20109452719,P,27200,Oskar Torbjørg                     ,Lilleland                          ,N,N,N,J,N,KUNDER OVER 18 ÅR                  ,N,N,N,N,N,N,N,N,N,N,N
4210,20028320036,P,27400,Yordanos Danny                     ,Ross                               ,N,J,N,J,N,KUNDER OVER 18 ÅR                  ,N,N,N,N,N,N,N,N,N,N,N
4210,03078814771,P,28500,Grethe Ireneusz                    ,Jansson                            ,N,N,N,J,N,KUNDER OVER 18 ÅR                  ,N,N,N,N,N,N,N,N,N,N,N
4210,25056513828,P,28200,Vårin Per-Kristian                 ,Vevang                             ,N,N,N,J,N,KUNDER OVER 18 ÅR                  ,N,N,N,N,N,N,N,N,N,N,N
4210,22048106645,P,28500,Donatas Adelina                    ,Tverå                              ,N,N,N,J,N,KUNDER OVER 18 ÅR                  ,N,N,N,N,N,N,N,N,N,N,N
4210,14069219277,P,28500,Annelise Leiv                      ,Hollund                            ,N,N,N,J,N,KUNDER OVER 18 ÅR                  ,N,N,N,N,N,N,N,N,N,N,N
4210,03087608599,P,27200,Ines Jahn                          ,Innvær                             ,N,J,N,J,N,KUNDER OVER 18 ÅR                  ,N,N,N,N,N,N,N,N,N,N,N
4210,30115025348,P,28500,Niklas Elly                        ,Rikardsen                          ,N,N,J,J,N,KUNDER OVER 18 ÅR                  ,N,N,N,N,N,N,N,N,N,N,N
4210,03050120871,P,28500,Helen Ramin                        ,Hjortland                          ,N,N,N,J,N,KUNDER OVER 18 ÅR                  ,N,N,N,N,N,N,N,N,N,N,N
4210,23019112411,P,28500,Wenke Tristan                      ,Voll                               ,N,N,N,J,N,KUNDER OVER 18 ÅR                  ,N,N,N,N,N,N,N,N,N,N,N
4210,09116002202,P,28500,Valter Ariel                       ,Mossige                            ,N,J,J,J,N,KUNDER OVER 18 ÅR                  ,N,N,N,N,N,N,N,N,N,N,N
4210,14119224927,P,28500,Juan Lorna                         ,Sæterdal                           ,N,J,N,J,N,KUNDER OVER 18 ÅR                  ,N,N,N,N,N,N,N,N,N,N,N
4210,16060050574,P,28500,Alva Eduard                        ,Rinden                             ,N,N,N,J,N,KUNDER OVER 18 ÅR                  ,N,N,N,N,N,N,N,N,N,N,N
4210,13066912110,P,28500,Asha Milian                        ,Arnesen                            ,N,N,N,J,N,KUNDER OVER 18 ÅR                  ,N,N,N,N,N,N,N,N,N,N,N
4210,01118017710,P,27600,Juliane Sune                       ,Tveitan                            ,N,J,N,J,N,KUNDER OVER 18 ÅR                  ,N,N,N,N,N,N,N,N,N,N,N
4210,01107607583,B,22600,Odd-Erik Lidia                     ,Tobiassen                          ,N,J,N,J,N,KUNDER OVER 18 ÅR                  ,N,N,N,N,N,N,N,N,N,N,N
4210,11099821355,P,39921,Jo Hilma                           ,Aspenes                            ,N,N,N,J,N,KUNDER OVER 18 ÅR                  ,N,N,N,N,N,N,N,N,N,N,N
4210,12116714572,P,28500,Franz Elisabet                     ,Jonsson                            ,N,J,N,J,N,KUNDER OVER 18 ÅR                  ,N,N,N,N,N,N,N,N,N,N,N
4210,21104912165,P,27600,Øydis Anstein                      ,Mikalsen                           ,N,J,N,J,N,KUNDER OVER 18 ÅR                  ,N,N,N,N,N,N,N,N,N,N,N
4210,01109718730,P,29200,Geir Leah                          ,Hanssen                            ,N,N,N,J,N,KUNDER OVER 18 ÅR                  ,N,N,N,N,N,N,N,N,N,N,N
4210,11126703858,P,27600,Edgar Irena                        ,Sønstebø                           ,N,N,N,J,N,KUNDER OVER 18 ÅR                  ,N,N,N,N,N,N,N,N,N,N,N
4210,22028014515,P,28300,Danijela Harald                    ,Herigstad                          ,N,N,N,J,N,KUNDER OVER 18 ÅR                  ,N,N,N,N,N,N,N,N,N,N,N
4210,24120475521,P,28500,Polina Sinisa                      ,Børsheim                           ,N,N,N,J,N,KUNDER OVER 18 ÅR                  ,N,N,N,N,N,N,N,N,N,N,N
4210,26039002344,P,28500,Torkell Solbjørg                   ,Kristoffersen                      ,N,N,N,J,N,KUNDER OVER 18 ÅR                  ,N,N,N,N,N,N,N,N,N,N,N
4210,09044513029,B,39921,Sajjad Annabel                     ,Sundli                             ,N,N,N,J,N,KUNDER OVER 18 ÅR                  ,N,N,N,N,N,N,N,N,N,N,N
4210,18105805825,P,27500,Cesar Eirill                       ,Nesvik                             ,N,J,N,J,N,KUNDER OVER 18 ÅR                  ,N,N,N,N,N,N,N,N,N,N,N
4210,31035709331,P,27200,Sigfred Weronica                   ,Ranum                              ,N,N,N,N,N,KUNDER OVER 18 ÅR                  ,N,N,N,N,N,N,N,N,N,N,N
4210,12119422637,P,27400,Ole-Kristian Olivia                ,Svensson                           ,N,N,N,J,N,KUNDER OVER 18 ÅR                  ,N,N,N,N,N,N,N,N,N,N,N
4210,01010409507,P,27400,Hatice Mateo                       ,Lomeland                           ,N,J,N,J,N,KUNDER OVER 18 ÅR                  ,N,N,N,N,N,N,N,N,N,N,N
4210,09077904554,P,39921,Eivor Roald                        ,Sture                              ,N,J,J,J,N,KUNDER OVER 18 ÅR                  ,N,N,N,N,N,N,N,N,N,N,N
4210,08116417449,P,27600,Heiko Viviann                      ,Rydland                            ,N,N,N,J,N,KUNDER OVER 18 ÅR                  ,N,N,N,N,N,N,N,N,N,N,N
4210,08078812908,P,28500,Turid Dmitri                       ,Bremnes                            ,N,N,N,N,N,KUNDER OVER 18 ÅR                  ,N,N,N,N,N,N,N,N,N,N,N
4210,07067109273,P,28400,Viola Mahad                        ,Fardal                             ,N,J,N,J,N,KUNDER OVER 18 ÅR                  ,N,N,N,N,N,N,N,N,N,N,N
4210,03076605342,B,22800,Ane Stein-Erik                     ,Trengereid                         ,N,J,N,J,N,KUNDER OVER 18 ÅR                  ,N,N,N,N,N,N,N,N,N,N,N
4210,14106617253,P,28500,Valdemar Amela                     ,Olesen                             ,N,N,J,J,N,KUNDER OVER 18 ÅR                  ,N,N,N,N,N,N,N,N,N,N,N
4210,03040205763,B,22450,Kirsten Biniam                     ,Moi                                ,N,J,N,J,N,KUNDER OVER 18 ÅR                  ,N,N,N,N,N,N,N,N,N,N,N
4210,09127910593,P,39921,Geir Leah                          ,Maudal                             ,N,J,N,J,N,KUNDER OVER 18 ÅR                  ,N,N,N,N,N,N,N,N,N,N,N
4210,19028201349,P,39981,Erle Duc                           ,Berre                              ,N,N,N,J,N,KUNDER OVER 18 ÅR                  ,N,N,N,N,N,N,N,N,N,N,N
4210,20065607108,P,29200,Madina Aslan                       ,Mahamud                            ,N,N,N,J,N,KUNDER OVER 18 ÅR                  ,N,N,N,N,N,N,N,N,N,N,N
4210,23098716793,P,28500,Ole-Jacob Bozena                   ,Ulriksen                           ,N,N,N,J,N,KUNDER OVER 18 ÅR                  ,N,N,N,N,N,N,N,N,N,N,N
4210,25069255569,P,28500,Siw Njål                           ,Krasniqi                           ,N,N,N,J,N,KUNDER OVER 18 ÅR                  ,N,N,N,N,N,N,N,N,N,N,N
4210,15085103943,P,27500,Siril Jahn                         ,Osmundsen                          ,N,N,N,J,N,KUNDER OVER 18 ÅR                  ,N,N,N,N,N,N,N,N,N,N,N
4210,28070364974,P,29200,Halima Dejan                       ,Holthe                             ,N,N,N,J,N,KUNDER OVER 18 ÅR                  ,N,N,N,N,N,N,N,N,N,N,N
4210,25099800200,P,28300,Yohannes Karolina                  ,Nordvik                            ,N,J,N,J,N,KUNDER OVER 18 ÅR                  ,N,N,N,N,N,N,N,N,N,N,N
4210,24066602881,P,28500,Geir Huda                          ,Skotnes                            ,N,N,N,J,N,KUNDER OVER 18 ÅR                  ,N,N,N,N,N,N,N,N,N,N,N
4210,30127716141,P,29400,Yassin Kajsa                       ,Bakken                             ,N,N,N,J,N,KUNDER OVER 18 ÅR                  ,N,N,N,N,N,N,N,N,N,N,N
4210,15109414430,P,28500,Oksana Florian                     ,Fykse                              ,N,N,N,J,N,KUNDER OVER 18 ÅR                  ,N,N,N,N,N,N,N,N,N,N,N
4210,03108511841,P,28300,Larisa Kenny                       ,Kleiven                            ,N,J,J,N,N,KUNDER OVER 18 ÅR                  ,N,N,N,N,N,N,N,N,N,N,N
4210,04100558713,P,27400,Petr Erica                         ,Ottesen                            ,N,N,N,J,N,KUNDER OVER 18 ÅR                  ,N,N,N,N,N,N,N,N,N,N,N
4210,31017913703,P,28500,Youssef Inge                       ,Hauglid                            ,N,J,J,J,N,KUNDER OVER 18 ÅR                  ,N,N,N,N,N,N,N,N,N,N,N
4210,26055906059,P,29400,Jeanne Ionut                       ,Torkelsen                          ,N,J,J,J,N,KUNDER OVER 18 ÅR                  ,N,N,N,N,N,N,N,N,N,N,N
4210,29094513020,P,27400,Radoslaw Karen                     ,Lindås                             ,N,N,N,J,N,KUNDER OVER 18 ÅR                  ,N,N,N,N,N,N,N,N,N,N,N
4210,03030510126,P,27200,Thorild Kenny                      ,Lillegård                          ,N,N,N,J,N,KUNDER OVER 18 ÅR                  ,N,N,N,N,N,N,N,N,N,N,N
4210,14075601221,P,39971,Ayla Ted                           ,Yttervik                           ,N,J,J,J,N,KUNDER OVER 18 ÅR                  ,N,N,N,N,N,N,N,N,N,N,N
4210,05116915849,P,27040,Kjellaug Kris                      ,Lossius                            ,N,N,N,J,N,KUNDER OVER 18 ÅR                  ,N,N,N,N,N,N,N,N,N,N,N
4210,06029806533,P,27100,Donatas Sigrund                    ,Kleiven                            ,N,N,N,J,N,KUNDER OVER 18 ÅR                  ,N,N,N,N,N,N,N,N,N,N,N
4210,20120316290,P,28300,Bjørg Torbjørn                     ,Seim                               ,N,N,N,J,N,KUNDER OVER 18 ÅR                  ,N,N,N,N,N,N,N,N,N,N,N
4210,21027201218,P,28400,Usman Anne-Karin                   ,Rikardsen                          ,N,N,N,J,N,KUNDER OVER 18 ÅR                  ,N,N,N,N,N,N,N,N,N,N,N
4210,08039102391,P,27600,Berge Wanda                        ,Osmundsen                          ,N,N,N,J,N,KUNDER OVER 18 ÅR                  ,N,N,N,N,N,N,N,N,N,N,N
4210,10116013199,P,29500,Anniken Cesar                      ,Tjelta                             ,N,J,N,J,N,KUNDER OVER 18 ÅR                  ,N,N,N,N,N,N,N,N,N,N,N
4210,21027304467,P,28500,Oddmar Mai                         ,Hovin                              ,N,N,N,J,N,KUNDER OVER 18 ÅR                  ,N,N,N,N,N,N,N,N,N,N,N
4210,19129112231,P,28500,Monique Abdifatah                  ,Kvame                              ,N,N,N,J,N,KUNDER OVER 18 ÅR                  ,N,N,N,N,N,N,N,N,N,N,N
4210,14085914708,P,28200,Roza Rytis                         ,Grønnestad                         ,N,J,N,J,N,KUNDER OVER 18 ÅR                  ,N,N,N,N,N,N,N,N,N,N,N
4210,16103924972,P,27400,Lucas Celia                        ,Berglund                           ,N,N,N,J,N,KUNDER OVER 18 ÅR                  ,N,N,N,N,N,N,N,N,N,N,N
4210,14029214663,P,28500,Muna Gudbrand                      ,Brekken                            ,N,N,N,J,N,KUNDER OVER 18 ÅR                  ,N,N,N,N,N,N,N,N,N,N,N
4210,15026109792,P,28500,Amer Antonie                       ,Torbjørnsen                        ,N,N,N,J,N,KUNDER OVER 18 ÅR                  ,N,N,N,N,N,N,N,N,N,N,N
4210,22047923038,P,39971,Olle Thorhild                      ,Aksnes                             ,N,J,J,J,N,KUNDER OVER 18 ÅR                  ,N,N,N,N,N,N,N,N,N,N,N
4210,02098609523,P,28500,Miranda Mantas                     ,Kongshaug                          ,J,N,N,J,N,KUNDER OVER 18 ÅR                  ,N,N,N,N,N,N,N,N,N,N,N
4210,11028617153,P,29200,Halvar Ann-Karin                   ,Holmvik                            ,N,N,N,J,N,KUNDER OVER 18 ÅR                  ,N,N,N,N,N,N,N,N,N,N,N
4210,02045610562,P,31330,Joacim Tatjana                     ,Schultz                            ,N,N,N,J,N,KUNDER OVER 18 ÅR                  ,N,N,N,N,N,N,N,N,N,N,N
4210,29047321237,B,22360,Shahid Ethel                       ,Myrvang                            ,N,N,N,J,N,KUNDER OVER 18 ÅR                  ,N,N,N,N,N,N,N,N,N,N,N
4210,23075219962,P,28505,Amer Suzanne                       ,Vadseth                            ,N,J,N,J,N,KUNDER OVER 18 ÅR                  ,N,N,N,N,N,N,N,N,N,N,N
4210,05015706661,P,39921,Benn Juliet                        ,Hynne                              ,N,J,N,J,N,KUNDER OVER 18 ÅR                  ,N,N,N,N,N,N,N,N,N,N,N
4210,02020051976,P,28500,Vasile Margrethe                   ,Storsve                            ,N,N,N,J,N,KUNDER OVER 18 ÅR                  ,N,N,N,N,N,N,N,N,N,N,N
4210,08116416574,P,28500,Solveig Ireneusz                   ,Lervåg                             ,N,N,N,J,N,KUNDER OVER 18 ÅR                  ,N,N,N,N,N,N,N,N,N,N,N
4210,04038805490,P,28500,Sharon Janne                       ,Selvik                             ,N,N,N,J,N,KUNDER OVER 18 ÅR                  ,N,N,N,N,N,N,N,N,N,N,N
4210,10100057102,P,39921,Mateusz Christine                  ,Konradsen                          ,N,N,N,J,N,KUNDER OVER 18 ÅR                  ,N,N,N,N,N,N,N,N,N,N,N
4210,06048009180,B,22850,Birte Sigve                        ,Lam                                ,N,N,N,J,N,KUNDER OVER 18 ÅR                  ,N,N,N,N,N,N,N,N,N,N,N
4210,12098900649,P,27500,Asmund Kaia                        ,Aalvik                             ,N,J,N,J,N,KUNDER OVER 18 ÅR                  ,N,N,N,N,N,N,N,N,N,N,N
4210,27088303151,P,28100,Merethe Mathis                     ,Myrvoll                            ,N,N,N,J,N,KUNDER OVER 18 ÅR                  ,N,N,N,N,N,N,N,N,N,N,N
4210,30128011338,P,31330,Bernhard Olava                     ,Truong                             ,N,N,N,J,N,KUNDER OVER 18 ÅR                  ,N,N,N,N,N,N,N,N,N,N,N
4210,10077215161,P,28100,Gregor Anne-Line                   ,Schanche                           ,N,J,N,J,N,KUNDER OVER 18 ÅR                  ,N,N,N,N,N,N,N,N,N,N,N
4210,14029512958,P,31440,Rizwan Sonia                       ,Moldskred                          ,N,N,N,J,N,KUNDER OVER 18 ÅR                  ,N,N,N,N,N,N,N,N,N,N,N
4210,11129014581,P,28500,Brynhild Torsten                   ,Steiro                             ,J,N,N,J,N,KUNDER OVER 18 ÅR                  ,N,N,N,N,N,N,N,N,N,N,N
4210,26125124347,P,28500,Anny Romualdas                     ,Weiseth                            ,N,N,N,J,N,KUNDER OVER 18 ÅR                  ,N,N,N,N,N,N,N,N,N,N,N
4210,03017555919,P,27500,Christin Halstein                  ,Rostad                             ,N,N,N,J,N,KUNDER OVER 18 ÅR                  ,N,N,N,N,N,N,N,N,N,N,N
4210,27018006478,P,27400,Wojciech Cristina                  ,Tornes                             ,N,N,N,J,N,KUNDER OVER 18 ÅR                  ,N,N,N,N,N,N,N,N,N,N,N
4210,13119413316,P,27040,Ernestas Lykke                     ,Birkeland                          ,N,J,N,J,N,KUNDER OVER 18 ÅR                  ,N,N,N,N,N,N,N,N,N,N,N
4210,23090280538,P,28500,Tony Faiza                         ,Melbø                              ,N,N,N,J,N,KUNDER OVER 18 ÅR                  ,N,N,N,N,N,N,N,N,N,N,N
4210,06047107839,P,28300,Dick Asma                          ,Gabrielsen                         ,N,J,N,J,N,KUNDER OVER 18 ÅR                  ,N,N,N,N,N,N,N,N,N,N,N
4210,28029920062,P,28200,Edward Bergitte                    ,Bartnes                            ,N,J,J,J,N,KUNDER OVER 18 ÅR                  ,N,N,N,N,N,N,N,N,N,N,N
4210,14087001696,P,27200,Ramona Ivo                         ,Holta                              ,N,J,N,J,N,KUNDER OVER 18 ÅR                  ,N,N,N,N,N,N,N,N,N,N,N
4210,28117919767,P,28500,Jeanett Kenny                      ,Andorsen                           ,N,J,N,J,N,KUNDER OVER 18 ÅR                  ,N,N,N,N,N,N,N,N,N,N,N
4210,15028009132,B,28500,Aadne Fariba                       ,Gjønnes                            ,N,J,N,J,N,KUNDER OVER 18 ÅR                  ,N,N,N,N,N,N,N,N,N,N,N
4210,05075417758,P,28500,Sigri Frank                        ,Furseth                            ,N,N,N,J,N,KUNDER OVER 18 ÅR                  ,N,N,N,N,N,N,N,N,N,N,N
4210,25104504771,P,28300,Andre Åsta                         ,Sander                             ,N,J,J,J,N,KUNDER OVER 18 ÅR                  ,N,N,N,N,N,N,N,N,N,N,N
4210,04069604582,P,28500,Youssef Anne-Sofie                 ,Bruheim                            ,N,N,N,J,N,KUNDER OVER 18 ÅR                  ,N,N,N,N,N,N,N,N,N,N,N
4210,10039605916,P,28500,Tom-Arne Sonja                     ,Austad                             ,N,N,N,J,N,KUNDER OVER 18 ÅR                  ,N,N,N,N,N,N,N,N,N,N,N
4210,24107822603,P,28500,Merete Ingvard                     ,Bergum                             ,N,N,N,J,N,KUNDER OVER 18 ÅR                  ,N,N,N,N,N,N,N,N,N,N,N
4210,04106013336,P,31390,Knut-Erik Annfrid                  ,Berthelsen                         ,N,N,N,J,N,KUNDER OVER 18 ÅR                  ,N,N,N,N,N,N,N,N,N,N,N
4210,28029606945,P,28500,Juan Emilia                        ,Mellemstrand                       ,N,N,N,J,N,KUNDER OVER 18 ÅR                  ,N,N,N,N,N,N,N,N,N,N,N
4210,26115658432,P,39971,Tommy Katrina                      ,Enoksen                            ,N,N,N,J,N,KUNDER OVER 18 ÅR                  ,N,N,N,N,N,N,N,N,N,N,N
4210,11056408632,P,27200,Shahid Ethel                       ,Heggset                            ,N,N,N,J,N,KUNDER OVER 18 ÅR                  ,N,N,N,N,N,N,N,N,N,N,N
4210,01085603759,P,28400,Asif Evy                           ,Hjelseth                           ,N,N,J,J,N,KUNDER OVER 18 ÅR                  ,N,N,N,N,N,N,N,N,N,N,N
4210,28113819652,P,39981,Marianna Magnus                    ,Voldsund                           ,N,N,N,J,N,KUNDER OVER 18 ÅR                  ,N,N,N,N,N,N,N,N,N,N,N
4210,08077915371,P,28400,Paal Anlaug                        ,Askvik                             ,N,N,N,J,N,KUNDER OVER 18 ÅR                  ,N,N,N,N,N,N,N,N,N,N,N
4210,27067203637,P,27100,Edgars Wibeche                     ,Eek                                ,N,J,J,J,N,KUNDER OVER 18 ÅR                  ,N,N,N,N,N,N,N,N,N,N,N
4210,24128912831,P,28100,Edit Tollef                        ,Nordmo                             ,N,N,N,N,N,KUNDER OVER 18 ÅR                  ,N,N,N,N,N,N,N,N,N,N,N
4210,25107408757,P,27040,Tony Faiza                         ,Storsve                            ,N,N,N,J,N,KUNDER OVER 18 ÅR                  ,N,N,N,N,N,N,N,N,N,N,N
4210,24060418280,P,27600,Sylva Trond                        ,Westby                             ,N,N,N,J,N,KUNDER OVER 18 ÅR                  ,N,N,N,N,N,N,N,N,N,N,N
4210,16056609362,P,27600,Inga Stig                          ,Rui                                ,N,N,N,J,N,KUNDER OVER 18 ÅR                  ,N,N,N,N,N,N,N,N,N,N,N
4210,06028320866,P,27500,Rukhsana Sverre                    ,Tonstad                            ,N,J,N,J,N,KUNDER OVER 18 ÅR                  ,N,N,N,N,N,N,N,N,N,N,N
4210,20120525906,P,28500,Ioana Ramin                        ,Sæthre                             ,N,N,N,J,N,KUNDER OVER 18 ÅR                  ,N,N,N,N,N,N,N,N,N,N,N
4210,06080576445,P,28100,Katrin Pieter                      ,Rong                               ,N,N,N,J,N,KUNDER OVER 18 ÅR                  ,N,N,N,N,N,N,N,N,N,N,N
4210,08048104798,P,29200,Stener Kathe                       ,Bergene                            ,N,J,N,J,N,KUNDER OVER 18 ÅR                  ,N,N,N,N,N,N,N,N,N,N,N
4210,09096908013,P,28400,Bereket Christel                   ,Lekven                             ,N,N,J,J,N,KUNDER OVER 18 ÅR                  ,N,N,N,N,N,N,N,N,N,N,N
4210,06058610826,P,28500,Mariell Tron                       ,Langlo                             ,N,N,N,J,N,KUNDER OVER 18 ÅR                  ,N,N,N,N,N,N,N,N,N,N,N
4210,20025810407,P,27500,Mehmed Amina                       ,Lindahl                            ,N,N,N,J,N,KUNDER OVER 18 ÅR                  ,N,N,N,N,N,N,N,N,N,N,N
4210,23078213671,P,29200,Ilona Ask                          ,Hjulstad                           ,N,N,N,J,N,KUNDER OVER 18 ÅR                  ,N,N,N,N,N,N,N,N,N,N,N
4210,27085015511,P,28500,Nadine Elvis                       ,Mellum                             ,N,J,N,J,N,KUNDER OVER 18 ÅR                  ,N,N,N,N,N,N,N,N,N,N,N
4210,27086501711,P,28500,Audrius Vibecke                    ,Hebnes                             ,N,N,N,J,N,KUNDER OVER 18 ÅR                  ,N,N,N,N,N,N,N,N,N,N,N
4210,12036804643,P,29400,Niklas Allis                       ,Fossen                             ,N,N,N,J,N,KUNDER OVER 18 ÅR                  ,N,N,N,N,N,N,N,N,N,N,N
4210,07094603069,P,28400,Hallgeir Jorid                     ,Fjeld                              ,N,J,N,J,N,KUNDER OVER 18 ÅR                  ,N,N,N,N,N,N,N,N,N,N,N
4210,24026115422,P,27400,Solbjørg Florian                   ,Olsson                             ,N,J,J,J,N,KUNDER OVER 18 ÅR                  ,N,N,N,N,N,N,N,N,N,N,N
4210,10124409166,P,27600,Reid Vida                          ,Nervik                             ,N,J,N,J,N,KUNDER OVER 18 ÅR                  ,N,N,N,N,N,N,N,N,N,N,N
4210,06120376754,P,28500,Ingo Ruta                          ,Sandmo                             ,N,N,N,J,N,KUNDER OVER 18 ÅR                  ,N,N,N,N,N,N,N,N,N,N,N
4210,21087818052,P,28500,Silke Nabil                        ,Vevang                             ,N,J,N,J,N,KUNDER OVER 18 ÅR                  ,N,N,N,N,N,N,N,N,N,N,N
4210,07119326642,P,28500,Rimantas Janicke                   ,Lauten                             ,N,N,N,J,N,KUNDER OVER 18 ÅR                  ,N,N,N,N,N,N,N,N,N,N,N
4210,17058904333,P,22800,Benn Tuyet                         ,Klaussen                           ,N,N,N,J,N,KUNDER OVER 18 ÅR                  ,N,N,N,N,N,N,N,N,N,N,N
4210,23129420545,P,27040,Simone Dmitri                      ,Kommedal                           ,N,N,N,J,N,KUNDER OVER 18 ÅR                  ,N,N,N,N,N,N,N,N,N,N,N
4210,21085416364,P,27500,Juan Ingalill                      ,Brænden                            ,N,N,N,J,N,KUNDER OVER 18 ÅR                  ,N,N,N,N,N,N,N,N,N,N,N
4210,25086207985,P,27500,Aslak Gro-Anita                    ,Haukås                             ,N,J,N,J,N,KUNDER OVER 18 ÅR                  ,N,N,N,N,N,N,N,N,N,N,N
4210,07097014560,P,28500,Sead Mabel                         ,Ekker                              ,N,J,N,J,N,KUNDER OVER 18 ÅR                  ,N,N,N,N,N,N,N,N,N,N,N
4210,13125623217,P,28500,Juozas Norah                       ,Mikalsen                           ,N,N,N,J,N,KUNDER OVER 18 ÅR                  ,N,N,N,N,N,N,N,N,N,N,N
4210,10094301012,P,28500,Evita Ari                          ,Sollien                            ,N,N,N,J,N,KUNDER OVER 18 ÅR                  ,N,N,N,N,N,N,N,N,N,N,N
4210,08057816245,P,27200,Julio Rita                         ,Rynning                            ,N,J,J,J,N,KUNDER OVER 18 ÅR                  ,N,N,N,N,N,N,N,N,N,N,N
4210,14086524482,P,28500,Azad Ma                            ,Skorstad                           ,N,N,N,J,N,KUNDER OVER 18 ÅR                  ,N,N,N,N,N,N,N,N,N,N,N
4210,14040025171,P,39971,Neil Emely                         ,Stjern                             ,N,N,N,J,N,KUNDER OVER 18 ÅR                  ,N,N,N,N,N,N,N,N,N,N,N
4210,14098266780,P,27600,Elliot Jannie                      ,Wessel                             ,N,N,N,J,N,KUNDER OVER 18 ÅR                  ,N,N,N,N,N,N,N,N,N,N,N
4210,12126213431,P,28500,Heine Annelin                      ,Østlie                             ,N,J,N,J,N,KUNDER OVER 18 ÅR                  ,N,N,N,N,N,N,N,N,N,N,N
4210,31075524237,P,29200,Kathrine Jorulf                    ,Vedå                               ,N,N,N,J,N,KUNDER OVER 18 ÅR                  ,N,N,N,N,N,N,N,N,N,N,N
4210,31087505637,P,39911,Henrikke Christen                  ,Aspenes                            ,N,J,N,J,N,KUNDER OVER 18 ÅR                  ,N,N,N,N,N,N,N,N,N,N,N
4210,12047206667,P,27500,Ellisiv Thom                       ,Hjortland                          ,N,J,J,J,N,KUNDER OVER 18 ÅR                  ,N,N,N,N,N,N,N,N,N,N,N
4210,12100203934,P,28300,Kathleen Willy                     ,Alnes                              ,N,N,N,J,N,KUNDER OVER 18 ÅR                  ,N,N,N,N,N,N,N,N,N,N,N
4210,21050266335,P,27040,Otilie Mirza                       ,Kyllingstad                        ,N,N,N,J,N,KUNDER OVER 18 ÅR                  ,N,N,N,N,N,N,N,N,N,N,N
4210,27119320661,P,29600,Anne-Margrethe Rudi                ,Tjøstheim                          ,N,N,N,J,N,KUNDER OVER 18 ÅR                  ,N,N,N,N,N,N,N,N,N,N,N
4210,13103822690,P,28500,Irene Helmer                       ,Skauen                             ,J,N,N,J,N,KUNDER OVER 18 ÅR                  ,N,N,N,N,N,N,N,N,N,N,N
4210,15037811170,P,27400,Magda Miguel                       ,Nordnes                            ,N,N,J,J,N,KUNDER OVER 18 ÅR                  ,N,N,N,N,N,N,N,N,N,N,N
4210,14058610314,P,27040,Matilda Sigve                      ,Staff                              ,N,N,N,J,N,KUNDER OVER 18 ÅR                  ,N,N,N,N,N,N,N,N,N,N,N
4210,03044803932,P,28400,Møyfrid Syed                       ,Valde                              ,N,N,N,J,N,KUNDER OVER 18 ÅR                  ,N,N,N,N,N,N,N,N,N,N,N
4210,23128706224,P,28500,Zuzanna Herleif                    ,Stavnes                            ,N,J,J,J,N,KUNDER OVER 18 ÅR                  ,N,N,N,N,N,N,N,N,N,N,N
4210,06129404416,P,28500,Wivi Nabil                         ,Klausen                            ,N,N,N,J,N,KUNDER OVER 18 ÅR                  ,N,N,N,N,N,N,N,N,N,N,N
4210,28080100924,P,27400,Sandra Viktors                     ,Osmundsen                          ,N,N,N,J,N,KUNDER OVER 18 ÅR                  ,N,N,N,N,N,N,N,N,N,N,N
4210,15024316340,P,27100,Stina Dean                         ,Vevang                             ,N,N,N,J,N,KUNDER OVER 18 ÅR                  ,N,N,N,N,N,N,N,N,N,N,N
4210,01038912077,P,27100,Jens Eirunn                        ,Backe                              ,N,N,N,J,N,KUNDER OVER 18 ÅR                  ,N,N,N,N,N,N,N,N,N,N,N
4210,10067715913,P,27600,Patric Margaret                    ,Linnerud                           ,N,J,N,J,N,KUNDER OVER 18 ÅR                  ,N,N,N,N,N,N,N,N,N,N,N
4210,28030416750,P,27400,Tony Elfrida                       ,Aglen                              ,N,N,N,J,N,KUNDER OVER 18 ÅR                  ,N,N,N,N,N,N,N,N,N,N,N
4210,07098100525,P,28500,Alexandra Ivar                     ,Torbergsen                         ,N,J,N,J,N,KUNDER OVER 18 ÅR                  ,N,N,N,N,N,N,N,N,N,N,N
4210,01098708630,P,27040,Karolina Milian                    ,Wong                               ,N,N,N,J,N,KUNDER OVER 18 ÅR                  ,N,N,N,N,N,N,N,N,N,N,N
4210,16095005105,P,28500,Sana Kim-Andre                     ,Berthelsen                         ,N,N,N,J,N,KUNDER OVER 18 ÅR                  ,N,N,N,N,N,N,N,N,N,N,N
4210,04018309519,P,28300,Frithjof Kristina                  ,Thorgersen                         ,N,N,N,J,N,KUNDER OVER 18 ÅR                  ,N,N,N,N,N,N,N,N,N,N,N
4210,23064522558,P,27400,Shahla Marcelo                     ,Gulli                              ,N,N,N,J,N,KUNDER OVER 18 ÅR                  ,N,N,N,N,N,N,N,N,N,N,N
4210,11116323305,P,39971,Ramune Dejan                       ,Kristoffersen                      ,N,J,N,J,N,KUNDER OVER 18 ÅR                  ,N,N,N,N,N,N,N,N,N,N,N
4210,05119008435,P,27500,Polina Fernando                    ,Gravem                             ,N,N,N,J,N,KUNDER OVER 18 ÅR                  ,N,N,N,N,N,N,N,N,N,N,N
4210,30085206482,P,27200,Torstein Torild                    ,Svensson                           ,N,J,N,J,N,KUNDER OVER 18 ÅR                  ,N,N,N,N,N,N,N,N,N,N,N
4210,20078406780,P,28100,Gregor Anne-Line                   ,Nymark                             ,N,J,N,J,N,KUNDER OVER 18 ÅR                  ,N,N,N,N,N,N,N,N,N,N,N
4210,31108401136,P,27500,Berge Wanda                        ,Winje                              ,N,J,N,J,N,KUNDER OVER 18 ÅR                  ,N,N,N,N,N,N,N,N,N,N,N
4210,11117104917,B,28200,Veslemøy Thom                      ,Nesland                            ,N,N,N,J,N,KUNDER OVER 18 ÅR                  ,N,N,N,N,N,N,N,N,N,N,N
4210,18126113001,P,39921,Ingebjørg Mahdi                    ,Noor                               ,N,J,N,J,N,KUNDER OVER 18 ÅR                  ,N,N,N,N,N,N,N,N,N,N,N
4210,13097703099,P,31390,Marina Frederik                    ,Brenden                            ,N,N,N,J,N,KUNDER OVER 18 ÅR                  ,N,N,N,N,N,N,N,N,N,N,N
4210,02056203691,P,28500,Valter Janny                       ,Sundal                             ,N,N,N,J,N,KUNDER OVER 18 ÅR                  ,N,N,N,N,N,N,N,N,N,N,N
4210,24086892282,P,29200,Ågot Bruno                         ,Leonhardsen                        ,N,J,N,J,N,KUNDER OVER 18 ÅR                  ,N,N,N,N,N,N,N,N,N,N,N
4210,01119400852,P,27600,Rimantas Vibeke                    ,Melsom                             ,N,N,N,J,N,KUNDER OVER 18 ÅR                  ,N,N,N,N,N,N,N,N,N,N,N
4210,13117308868,P,29200,Mahad Tanya                        ,Sæland                             ,N,N,N,J,N,KUNDER OVER 18 ÅR                  ,N,N,N,N,N,N,N,N,N,N,N
4210,05020206464,P,29200,Jo Selam                           ,Evje                               ,N,N,N,J,N,KUNDER OVER 18 ÅR                  ,N,N,N,N,N,N,N,N,N,N,N
4210,22050151232,P,28500,Ayla Mantas                        ,Mohamed                            ,N,N,N,J,N,KUNDER OVER 18 ÅR                  ,N,N,N,N,N,N,N,N,N,N,N
4210,04095119595,P,27600,Kolbjørn Sari                      ,Røste                              ,N,J,N,J,N,KUNDER OVER 18 ÅR                  ,N,N,N,N,N,N,N,N,N,N,N
4210,21068802439,P,29600,Van Henri                          ,Asp                                ,N,N,N,J,N,KUNDER OVER 18 ÅR                  ,N,N,N,N,N,N,N,N,N,N,N
4210,12116305753,P,27100,Ingelin Arthur                     ,Aaby                               ,N,J,N,J,N,KUNDER OVER 18 ÅR                  ,N,N,N,N,N,N,N,N,N,N,N
4210,23075608756,P,27400,Sana Aslan                         ,Bjune                              ,N,N,N,N,N,KUNDER OVER 18 ÅR                  ,N,N,N,N,N,N,N,N,N,N,N
4210,14089307709,P,27400,Ellisiv Krzysztof                  ,Engstad                            ,N,N,N,J,N,KUNDER OVER 18 ÅR                  ,N,N,N,N,N,N,N,N,N,N,N
4210,26127823889,P,27400,Knud Ljiljana                      ,Nergård                            ,N,N,N,J,N,KUNDER OVER 18 ÅR                  ,N,N,N,N,N,N,N,N,N,N,N
4210,15055305754,P,27400,Karwan Henrikke                    ,Skarstein                          ,N,N,J,J,N,KUNDER OVER 18 ÅR                  ,N,N,N,N,N,N,N,N,N,N,N
4210,17127712646,P,27200,Olena Milian                       ,Slyngstad                          ,N,N,N,J,N,KUNDER OVER 18 ÅR                  ,N,N,N,N,N,N,N,N,N,N,N
4210,08074306889,P,39971,Ingegjerd Sasa                     ,Bjørnestad                         ,N,N,N,J,N,KUNDER OVER 18 ÅR                  ,N,N,N,N,N,N,N,N,N,N,N
4210,26128900836,P,27040,Gregor Wibeke                      ,Iversen                            ,N,N,N,J,N,KUNDER OVER 18 ÅR                  ,N,N,N,N,N,N,N,N,N,N,N
4210,04095808927,P,28300,Tony Mai-Britt                     ,Nyseth                             ,N,N,N,J,N,KUNDER OVER 18 ÅR                  ,N,N,N,N,N,N,N,N,N,N,N
4210,13106818554,B,22275,Franz Ada                          ,Thon                               ,N,N,N,J,N,KUNDER OVER 18 ÅR                  ,N,N,N,N,N,N,N,N,N,N,N
4210,09056019941,P,29200,Jurate Krzysztof                   ,Gleditsch                          ,N,N,N,J,N,KUNDER OVER 18 ÅR                  ,N,N,N,N,N,N,N,N,N,N,N
4210,08019013732,P,28500,Justinas Mali                      ,Rye                                ,N,J,N,J,N,KUNDER OVER 18 ÅR                  ,N,N,N,N,N,N,N,N,N,N,N
4210,09036651137,P,27500,Ravn Katarzyna                     ,Prytz                              ,N,N,N,J,N,KUNDER OVER 18 ÅR                  ,N,N,N,N,N,N,N,N,N,N,N
4210,25126307066,P,39921,Angelica Jan-Fredrik               ,Kittilsen                          ,N,N,N,J,N,KUNDER OVER 18 ÅR                  ,N,N,N,N,N,N,N,N,N,N,N
4210,23025521137,B,27600,Håvard Berta                       ,Taranger                           ,N,N,N,J,N,KUNDER OVER 18 ÅR                  ,N,N,N,N,N,N,N,N,N,N,N
4210,24087716976,P,28520,Jens Ylva                          ,Teigland                           ,N,J,J,J,N,KUNDER OVER 18 ÅR                  ,N,N,N,N,N,N,N,N,N,N,N
4210,07075111821,P,28400,Yohannes Sally                     ,Remme                              ,N,J,N,J,N,KUNDER OVER 18 ÅR                  ,N,N,N,N,N,N,N,N,N,N,N
4210,27096101495,P,27400,Niklas Margaret                    ,Grønvold                           ,N,N,N,J,N,KUNDER OVER 18 ÅR                  ,N,N,N,N,N,N,N,N,N,N,N
4210,10109815999,P,28400,Ewa Rachid                         ,Otnes                              ,J,J,N,J,N,KUNDER OVER 18 ÅR                  ,N,N,N,N,N,N,N,N,N,N,N
4210,31088904330,P,39911,Linn Marius                        ,Rolfsen                            ,N,J,N,J,N,KUNDER OVER 18 ÅR                  ,N,N,N,N,N,N,N,N,N,N,N
4210,15030233619,P,28500,Mehmed Hannah                      ,Torsvik                            ,N,N,N,J,N,KUNDER OVER 18 ÅR                  ,N,N,N,N,N,N,N,N,N,N,N
4210,11026200344,P,27500,Christin Folke                     ,Kongsrud                           ,N,N,N,J,N,KUNDER OVER 18 ÅR                  ,N,N,N,N,N,N,N,N,N,N,N
4210,07086959962,P,28500,Britt Viktors                      ,Øvrelid                            ,N,N,N,J,N,KUNDER OVER 18 ÅR                  ,N,N,N,N,N,N,N,N,N,N,N
4210,23090420674,P,28400,Gladys Mahdi                       ,Moksnes                            ,N,N,N,J,N,KUNDER OVER 18 ÅR                  ,N,N,N,N,N,N,N,N,N,N,N
4210,01117113449,P,29200,Eldfrid Ulrik                      ,Bjørnerud                          ,N,N,N,J,N,KUNDER OVER 18 ÅR                  ,N,N,N,N,N,N,N,N,N,N,N
4210,08047211787,P,28500,Hroar Elizabeth                    ,Østebø                             ,N,N,N,J,N,KUNDER OVER 18 ÅR                  ,N,N,N,N,N,N,N,N,N,N,N
4210,26037215863,P,27400,Torkell Adine                      ,Flatland                           ,N,J,N,J,N,KUNDER OVER 18 ÅR                  ,N,N,N,N,N,N,N,N,N,N,N
4210,06036702506,P,28500,Anstein Huda                       ,Mehmood                            ,N,N,N,J,N,KUNDER OVER 18 ÅR                  ,N,N,N,N,N,N,N,N,N,N,N
4210,15084604531,P,27040,Tommy Siril                        ,Osmundsen                          ,N,N,N,J,N,KUNDER OVER 18 ÅR                  ,N,N,N,N,N,N,N,N,N,N,N
4210,28025201991,P,29200,Sylwia Edward                      ,Jordal                             ,N,N,N,J,N,KUNDER OVER 18 ÅR                  ,N,N,N,N,N,N,N,N,N,N,N
4210,11116907811,P,27040,Josefin Angel                      ,Drabløs                            ,N,J,J,J,N,KUNDER OVER 18 ÅR                  ,N,N,N,N,N,N,N,N,N,N,N
4210,22056706694,P,27400,Anne-Line Kris                     ,Botnen                             ,N,J,J,J,N,KUNDER OVER 18 ÅR                  ,N,N,N,N,N,N,N,N,N,N,N
4210,24087262983,P,27500,Anastasia Boye                     ,Aden                               ,N,N,N,J,N,KUNDER OVER 18 ÅR                  ,N,N,N,N,N,N,N,N,N,N,N
4210,08055105759,P,27400,Balder Else-Marie                  ,Smedsrud                           ,N,J,N,J,N,KUNDER OVER 18 ÅR                  ,N,N,N,N,N,N,N,N,N,N,N
4210,02087907042,P,28500,Robertas Bodhild                   ,Hagberg                            ,N,J,N,J,N,KUNDER OVER 18 ÅR                  ,N,N,N,N,N,N,N,N,N,N,N
4210,22088304717,P,27400,Shahzad Elfrida                    ,Karlsen                            ,N,N,N,J,N,KUNDER OVER 18 ÅR                  ,N,N,N,N,N,N,N,N,N,N,N
4210,03129924186,P,27200,Sølvi Geir-Arne                    ,Enoksen                            ,N,N,N,J,N,KUNDER OVER 18 ÅR                  ,N,N,N,N,N,N,N,N,N,N,N
4210,16102830974,P,28500,Asha Herleif                       ,Kjøde                              ,N,J,N,J,N,KUNDER OVER 18 ÅR                  ,N,N,N,N,N,N,N,N,N,N,N
4210,06099601564,P,27100,Birte Sigve                        ,Øyen                               ,N,N,N,J,N,KUNDER OVER 18 ÅR                  ,N,N,N,N,N,N,N,N,N,N,N
4210,20068011893,P,27600,Willy Lill-Tove                    ,Taranger                           ,N,J,N,J,N,KUNDER OVER 18 ÅR                  ,N,N,N,N,N,N,N,N,N,N,N
4210,02026010090,P,27040,Oluf Sonia                         ,Abbas                              ,N,N,N,J,N,KUNDER OVER 18 ÅR                  ,N,N,N,N,N,N,N,N,N,N,N
4210,21106807024,P,27040,Sophia Kolbein                     ,Vartdal                            ,N,N,N,J,N,KUNDER OVER 18 ÅR                  ,N,N,N,N,N,N,N,N,N,N,N
4210,22110118590,P,27400,Radoslaw Vera                      ,Solli                              ,N,N,N,J,N,KUNDER OVER 18 ÅR                  ,N,N,N,N,N,N,N,N,N,N,N
4210,07087101643,P,39922,Stein Birgit                       ,Storsve                            ,N,N,N,J,N,KUNDER OVER 18 ÅR                  ,N,N,N,N,N,N,N,N,N,N,N
4210,27095313634,P,28500,Herlaug Borger                     ,Sevaldsen                          ,N,J,N,J,N,KUNDER OVER 18 ÅR                  ,N,N,N,N,N,N,N,N,N,N,N
4210,16106412484,P,28500,Olina Saad                         ,Holgersen                          ,N,N,N,J,N,KUNDER OVER 18 ÅR                  ,N,N,N,N,N,N,N,N,N,N,N
4210,14127618136,P,27400,Aslak Gro-Anita                    ,Alnæs                              ,N,N,N,J,N,KUNDER OVER 18 ÅR                  ,N,N,N,N,N,N,N,N,N,N,N
4210,17108017635,P,28500,Margrete Manuel                    ,Lehn                               ,N,J,N,J,N,KUNDER OVER 18 ÅR                  ,N,N,N,N,N,N,N,N,N,N,N
4210,25127620175,P,27200,Tora Ulrik                         ,Sæle                               ,N,J,N,J,N,KUNDER OVER 18 ÅR                  ,N,N,N,N,N,N,N,N,N,N,N
4210,26017269223,P,28500,Lykke Thom                         ,Haugom                             ,N,N,N,J,N,KUNDER OVER 18 ÅR                  ,N,N,N,N,N,N,N,N,N,N,N
4210,05015804671,P,29400,Madeleine Ted                      ,Bru                                ,N,N,N,J,N,KUNDER OVER 18 ÅR                  ,N,N,N,N,N,N,N,N,N,N,N
4210,27028704998,P,28500,Sima Per-Kristian                  ,Hjelmeland                         ,N,J,J,J,N,KUNDER OVER 18 ÅR                  ,N,N,N,N,N,N,N,N,N,N,N
4210,30097205988,P,27400,Hellen Mehran                      ,Gjendem                            ,N,N,N,J,N,KUNDER OVER 18 ÅR                  ,N,N,N,N,N,N,N,N,N,N,N
4210,27116706658,P,27100,Petr Perly                         ,Bergli                             ,N,J,J,J,N,KUNDER OVER 18 ÅR                  ,N,N,N,N,N,N,N,N,N,N,N
4210,28020438888,P,28500,Regina Ricardo                     ,Svanes                             ,N,N,N,J,N,KUNDER OVER 18 ÅR                  ,N,N,N,N,N,N,N,N,N,N,N
4210,20048903577,P,39921,Zlatko Tove                        ,Nyheim                             ,N,N,N,J,N,KUNDER OVER 18 ÅR                  ,N,N,N,N,N,N,N,N,N,N,N
4210,18116917919,P,29200,Åshild Benn                        ,Homme                              ,N,J,N,J,N,KUNDER OVER 18 ÅR                  ,N,N,N,N,N,N,N,N,N,N,N
4210,23066213382,P,39921,Gard Aimee                         ,Westlie                            ,N,J,N,J,N,KUNDER OVER 18 ÅR                  ,N,N,N,N,N,N,N,N,N,N,N
4210,22119955495,P,28500,Szymon Emma                        ,Helvik                             ,N,J,N,J,N,KUNDER OVER 18 ÅR                  ,N,N,N,N,N,N,N,N,N,N,N
4210,24108616144,P,29200,Ib Annelise                        ,Kjesbu                             ,N,N,N,J,N,KUNDER OVER 18 ÅR                  ,N,N,N,N,N,N,N,N,N,N,N
4210,25100200522,P,28300,Andrius Kristina                   ,Osmundsen                          ,N,N,N,J,N,KUNDER OVER 18 ÅR                  ,N,N,N,N,N,N,N,N,N,N,N
4210,22046508169,P,28500,Rino Åse                           ,Kongsrud                           ,N,N,N,J,N,KUNDER OVER 18 ÅR                  ,N,N,N,N,N,N,N,N,N,N,N
4210,03125020517,P,28200,Saida Mateo                        ,Håland                             ,N,N,N,J,N,KUNDER OVER 18 ÅR                  ,N,N,N,N,N,N,N,N,N,N,N
4210,09115108732,P,27100,Andre Hanan                        ,Moldskred                          ,N,N,N,J,N,KUNDER OVER 18 ÅR                  ,N,N,N,N,N,N,N,N,N,N,N
4210,13067711747,P,28400,Sigfred Thora                      ,Skarshaug                          ,N,J,N,J,N,KUNDER OVER 18 ÅR                  ,N,N,N,N,N,N,N,N,N,N,N
4210,01010075641,P,28100,Karwan Mari-Anne                   ,Aslaksen                           ,N,N,N,J,N,KUNDER OVER 18 ÅR                  ,N,N,N,N,N,N,N,N,N,N,N
4210,02049051576,P,27500,Cesilie Kamran                     ,Lorvik                             ,N,J,N,J,N,KUNDER OVER 18 ÅR                  ,N,N,N,N,N,N,N,N,N,N,N
4210,08059108132,P,28300,Yosef Elina                        ,Westberg                           ,N,N,N,J,N,KUNDER OVER 18 ÅR                  ,N,N,N,N,N,N,N,N,N,N,N
4210,09038205037,P,28500,Emilio Ulrike                      ,Skålevik                           ,N,N,N,J,N,KUNDER OVER 18 ÅR                  ,N,N,N,N,N,N,N,N,N,N,N
4210,29106319268,P,28300,Karsten Ann-Elisabeth              ,Bjørsvik                           ,N,J,J,J,N,KUNDER OVER 18 ÅR                  ,N,N,N,N,N,N,N,N,N,N,N
4210,09026304056,P,27500,Edgar Irena                        ,Bjørndal                           ,N,J,J,J,N,KUNDER OVER 18 ÅR                  ,N,N,N,N,N,N,N,N,N,N,N
4210,26028513258,P,28500,Antoni Elise                       ,Ringdal                            ,N,N,N,N,N,KUNDER OVER 18 ÅR                  ,N,N,N,N,N,N,N,N,N,N,N
4210,18055910681,P,27500,Raja Eden                          ,Lomeland                           ,N,J,J,J,N,KUNDER OVER 18 ÅR                  ,N,N,N,N,N,N,N,N,N,N,N
4210,03090320873,P,28500,Rosa Idris                         ,Bratvold                           ,N,N,N,J,N,KUNDER OVER 18 ÅR                  ,N,N,N,N,N,N,N,N,N,N,N
4210,22037200887,P,28100,Linda Albin                        ,Børsheim                           ,N,N,N,J,N,KUNDER OVER 18 ÅR                  ,N,N,N,N,N,N,N,N,N,N,N
4210,29088008659,P,28500,Odd-Erik Madelen                   ,Skomedal                           ,N,N,N,J,N,KUNDER OVER 18 ÅR                  ,N,N,N,N,N,N,N,N,N,N,N
4210,18096204511,P,28500,Raja Nadezda                       ,Kvia                               ,N,N,N,J,N,KUNDER OVER 18 ÅR                  ,N,N,N,N,N,N,N,N,N,N,N
4210,19027815572,P,31390,Marton Dovile                      ,Monstad                            ,N,N,N,J,N,KUNDER OVER 18 ÅR                  ,N,N,N,N,N,N,N,N,N,N,N
4210,13117302835,P,27200,Eivor Gheorghe                     ,Carlsson                           ,N,J,J,J,N,KUNDER OVER 18 ÅR                  ,N,N,N,N,N,N,N,N,N,N,N
4210,14090058429,P,27100,Mahad Hallfrid                     ,Ueland                             ,N,J,J,J,N,KUNDER OVER 18 ÅR                  ,N,N,N,N,N,N,N,N,N,N,N
4210,01036111794,P,39911,Ib Annelise                        ,Brandt                             ,N,J,J,J,N,KUNDER OVER 18 ÅR                  ,N,N,N,N,N,N,N,N,N,N,N
4210,26109865736,P,28500,Gordon Rukhsana                    ,Linde                              ,N,N,N,J,N,KUNDER OVER 18 ÅR                  ,N,N,N,N,N,N,N,N,N,N,N
4210,21040122513,P,39971,Ruth Trond                         ,Tøsse                              ,N,N,N,J,N,KUNDER OVER 18 ÅR                  ,N,N,N,N,N,N,N,N,N,N,N
4210,27095713950,P,28100,Mehmed Verena                      ,Osmundsen                          ,N,J,N,J,N,KUNDER OVER 18 ÅR                  ,N,N,N,N,N,N,N,N,N,N,N
4210,13099010953,P,27600,Sigfred Doris                      ,Seglem                             ,N,J,N,J,N,KUNDER OVER 18 ÅR                  ,N,N,N,N,N,N,N,N,N,N,N
4210,08069300635,P,29200,Eduardo Taran                      ,Anti                               ,N,N,N,J,N,KUNDER OVER 18 ÅR                  ,N,N,N,N,N,N,N,N,N,N,N
4210,18105519776,P,28400,Marcel Wibecke                     ,Helset                             ,J,N,N,J,N,KUNDER OVER 18 ÅR                  ,N,N,N,N,N,N,N,N,N,N,N
4210,23109607126,P,39971,Ernestas Lykke                     ,Aakvik                             ,J,N,N,J,N,KUNDER OVER 18 ÅR                  ,N,N,N,N,N,N,N,N,N,N,N
4210,30115221449,P,39911,Milda Tron                         ,Gjessing                           ,N,N,N,J,N,KUNDER OVER 18 ÅR                  ,N,N,N,N,N,N,N,N,N,N,N
4210,09077811610,P,28500,Halvar Alvhild                     ,Butt                               ,N,N,N,J,N,KUNDER OVER 18 ÅR                  ,N,N,N,N,N,N,N,N,N,N,N
4210,16047904114,P,28500,Szymon Thordis                     ,Rognan                             ,N,N,N,J,N,KUNDER OVER 18 ÅR                  ,N,N,N,N,N,N,N,N,N,N,N
4210,05117002537,P,27600,Sajjad Roxana                      ,Schanche                           ,N,J,J,J,N,KUNDER OVER 18 ÅR                  ,N,N,N,N,N,N,N,N,N,N,N
4210,28018360928,P,27600,Nathalia Jan-Roger                 ,Løland                             ,N,N,N,J,N,KUNDER OVER 18 ÅR                  ,N,N,N,N,N,N,N,N,N,N,N
4210,16089600409,P,28500,Benn Marcela                       ,Bakkehaug                          ,N,N,N,J,N,KUNDER OVER 18 ÅR                  ,N,N,N,N,N,N,N,N,N,N,N
4210,04026212869,P,27615,Bodhild Helmut                     ,Bergene                            ,N,J,N,J,N,KUNDER OVER 18 ÅR                  ,N,N,N,N,N,N,N,N,N,N,N
4210,11075614758,P,32990,Anne-Marie Elvis                   ,Tessem                             ,N,N,N,J,N,KUNDER OVER 18 ÅR                  ,N,N,N,N,N,N,N,N,N,N,N
4210,06116402279,P,28500,Wanda Idris                        ,Sperre                             ,N,J,N,J,N,KUNDER OVER 18 ÅR                  ,N,N,N,N,N,N,N,N,N,N,N
4210,02094722902,P,28100,Cristina Francisco                 ,Slåtten                            ,N,N,N,J,N,KUNDER OVER 18 ÅR                  ,N,N,N,N,N,N,N,N,N,N,N
4210,22098404809,P,28500,Marcelo Mildrid                    ,Vadseth                            ,N,N,N,J,N,KUNDER OVER 18 ÅR                  ,N,N,N,N,N,N,N,N,N,N,N
4210,09088504841,P,28300,Hulda Laimonas                     ,Molund                             ,N,N,N,J,N,KUNDER OVER 18 ÅR                  ,N,N,N,N,N,N,N,N,N,N,N
4210,10049819337,P,27600,Iselin Emilio                      ,Hjelseth                           ,N,N,N,J,N,KUNDER OVER 18 ÅR                  ,N,N,N,N,N,N,N,N,N,N,N
4210,28118903023,P,27400,Iryna Mieczyslaw                   ,Bolstad                            ,N,N,N,J,N,KUNDER OVER 18 ÅR                  ,N,N,N,N,N,N,N,N,N,N,N
4210,01128413843,P,27500,Maryam Rachid                      ,Kaur                               ,N,N,N,N,N,KUNDER OVER 18 ÅR                  ,N,N,N,N,N,N,N,N,N,N,N
4210,06039323417,P,27200,Peggy Dmitri                       ,Salbu                              ,N,N,N,J,N,KUNDER OVER 18 ÅR                  ,N,N,N,N,N,N,N,N,N,N,N
4210,05084520553,P,29500,Maksim Aslaug                      ,Gjernes                            ,N,N,N,J,N,KUNDER OVER 18 ÅR                  ,N,N,N,N,N,N,N,N,N,N,N
4210,02077501722,P,39921,Kristine Kemal                     ,Adolfsen                           ,N,J,N,J,N,KUNDER OVER 18 ÅR                  ,N,N,N,N,N,N,N,N,N,N,N
4210,12049317571,P,31330,Jeremy Berith                      ,Hartmann                           ,J,N,N,J,N,KUNDER OVER 18 ÅR                  ,N,N,N,N,N,N,N,N,N,N,N
4210,04120406405,P,27400,Oskar Solveig                      ,Alnæs                              ,N,N,N,J,N,KUNDER OVER 18 ÅR                  ,N,N,N,N,N,N,N,N,N,N,N
4210,12037101689,P,27040,Bodhild Helmut                     ,Paulsen                            ,N,N,N,J,N,KUNDER OVER 18 ÅR                  ,N,N,N,N,N,N,N,N,N,N,N
4210,23067411765,B,22550,Une Ingvard                        ,Gustafsson                         ,N,J,N,J,N,KUNDER OVER 18 ÅR                  ,N,N,N,N,N,N,N,N,N,N,N
4210,17035609202,P,39921,Aadne May-Kristin                  ,Hannestad                          ,N,N,N,J,N,KUNDER OVER 18 ÅR                  ,N,N,N,N,N,N,N,N,N,N,N
4210,13089314423,P,27500,Ingo Khadra                        ,Dreyer                             ,N,N,N,J,N,KUNDER OVER 18 ÅR                  ,N,N,N,N,N,N,N,N,N,N,N
4210,27039008225,P,27500,Yohannes Lily                      ,Eskedal                            ,N,N,N,J,N,KUNDER OVER 18 ÅR                  ,N,N,N,N,N,N,N,N,N,N,N
4210,18076712669,P,28500,Torkell Adine                      ,Lopez                              ,N,J,J,J,N,KUNDER OVER 18 ÅR                  ,N,N,N,N,N,N,N,N,N,N,N
4210,02035500912,P,27200,Olle Helena                        ,Tønnesen                           ,N,N,N,J,N,KUNDER OVER 18 ÅR                  ,N,N,N,N,N,N,N,N,N,N,N
4210,31070328529,P,28500,Sigrund Marius                     ,Rikardsen                          ,N,N,N,J,N,KUNDER OVER 18 ÅR                  ,N,N,N,N,N,N,N,N,N,N,N
4210,25098208049,P,29600,Franz Marcela                      ,Eriksen                            ,N,N,N,J,N,KUNDER OVER 18 ÅR                  ,N,N,N,N,N,N,N,N,N,N,N
4210,19106401635,P,39981,Anne-Gunn Thormod                  ,Folkestad                          ,N,N,N,J,N,KUNDER OVER 18 ÅR                  ,N,N,N,N,N,N,N,N,N,N,N
4210,11098614550,P,29500,Fredrik Charlotte                  ,Holden                             ,N,N,N,J,N,KUNDER OVER 18 ÅR                  ,N,N,N,N,N,N,N,N,N,N,N
4210,19089802116,P,28500,Gerd Thorgeir                      ,Nakken                             ,N,N,N,J,N,KUNDER OVER 18 ÅR                  ,N,N,N,N,N,N,N,N,N,N,N
