2289,18014318883,P,02286,Sigfred Ine                        ,Lona                               ,N,N,N,J,N,Kunder over 67år m/bruks & sparekto,N,N,N,N,N,N,N,N,N,N,N
2289,05074415204,P,02286,Asbjørg Herleif                    ,Hellerud                           ,N,N,N,J,N,Kunder over 67år m/bruks & sparekto,N,N,N,N,N,N,N,N,N,N,N
2289,30074604265,P,02286,Safia Arnvid                       ,Hetland                            ,N,N,N,J,N,Kunder over 67år m/bruks & sparekto,N,N,N,N,N,N,N,N,N,N,N
2289,22014800747,P,02282,Edgar Egle                         ,Borge                              ,N,N,N,J,N,Kunder over 67år m/bruks & sparekto,N,N,N,N,N,N,N,N,N,N,N
2289,09094710135,P,02284,Bibbi Kenny                        ,Hynne                              ,N,N,N,J,N,Kunder over 67år m/bruks & sparekto,N,N,N,N,N,N,N,N,N,N,N
2289,22065213315,P,02286,Rimantas Selma                     ,Rikardsen                          ,N,N,N,J,N,Kunder over 67år m/bruks & sparekto,N,N,N,N,N,N,N,N,N,N,N
2289,13115110203,P,02284,Zlatko Ingunn                      ,Smedsrud                           ,N,N,N,J,N,Kunder over 67år m/bruks & sparekto,N,N,N,N,N,N,N,N,N,N,N
2289,09084505118,P,02286,Emilio Galina                      ,Finnesand                          ,N,J,N,J,N,Kunder over 67år m/bruks & sparekto,N,N,N,N,N,N,N,N,N,N,N
2289,15073525826,P,02282,Kristofer Samira                   ,Kjelstad                           ,N,N,N,J,N,Kunder over 67år m/bruks & sparekto,N,N,N,N,N,N,N,N,N,N,N
2289,21064813797,P,02286,Ulrikke Ivo                        ,Reigstad                           ,N,N,N,J,N,Kunder over 67år m/bruks & sparekto,N,N,N,N,N,N,N,N,N,N,N
2289,25105600294,P,02286,Sigfrid Stein-Erik                 ,Aarsand                            ,N,J,N,J,N,Kunder over 67år m/bruks & sparekto,N,N,N,N,N,N,N,N,N,N,N
2289,26085105379,P,02282,Monja Ole-Morten                   ,Langmo                             ,N,J,N,J,N,Kunder over 67år m/bruks & sparekto,N,N,N,N,N,N,N,N,N,N,N
2289,03064709339,P,02282,Magomed Bjørnhild                  ,Pedersen                           ,N,N,N,J,N,Kunder over 67år m/bruks & sparekto,N,N,N,N,N,N,N,N,N,N,N
2289,12065515308,P,02282,Jorge Gina                         ,Kvalø                              ,N,J,J,J,N,Kunder over 67år m/bruks & sparekto,N,N,N,N,N,N,N,N,N,N,N
2289,24014510806,P,02284,Håvard Beate                       ,Jordet                             ,N,J,N,J,N,Kunder over 67år m/bruks & sparekto,N,N,N,N,N,N,N,N,N,N,N
2289,05084022308,P,02286,Dyveke Herbert                     ,Baustad                            ,N,N,N,J,N,Kunder over 67år m/bruks & sparekto,N,N,N,N,N,N,N,N,N,N,N
2289,18035408092,P,02286,Gertrud Adem                       ,Løvås                              ,N,J,N,J,N,Kunder over 67år m/bruks & sparekto,N,N,N,N,N,N,N,N,N,N,N
2289,05065308225,P,02286,Virginia Babak                     ,Bjørheim                           ,N,J,J,J,N,Kunder over 67år m/bruks & sparekto,N,N,N,N,N,N,N,N,N,N,N
2289,15114904764,P,02285,Herdis Bruno                       ,Backe                              ,N,J,N,J,N,Kunder over 67år m/bruks & sparekto,N,N,N,N,N,N,N,N,N,N,N
2289,27054920143,P,02286,Lotte Abdulkadir                   ,Østvold                            ,N,N,N,J,N,Kunder over 67år m/bruks & sparekto,N,N,N,N,N,N,N,N,N,N,N
2289,22015519189,P,02282,Bjørg Roald                        ,Reiersen                           ,N,J,N,J,N,Kunder over 67år m/bruks & sparekto,N,N,N,N,N,N,N,N,N,N,N
2289,01045301725,P,02286,Dawid Betsy                        ,Flatland                           ,N,N,N,J,N,Kunder over 67år m/bruks & sparekto,N,N,N,N,N,N,N,N,N,N,N
2289,17075002017,P,02282,Ulla Hans                          ,Tandstad                           ,N,J,N,J,N,Kunder over 67år m/bruks & sparekto,N,N,N,N,N,N,N,N,N,N,N
2289,15034893885,P,02284,Shahzad Loan                       ,Tellefsen                          ,N,N,N,J,N,Kunder over 67år m/bruks & sparekto,N,N,N,N,N,N,N,N,N,N,N
2289,20065614880,P,02286,Jasmine Herleif                    ,Wojcik                             ,N,N,N,J,N,Kunder over 67år m/bruks & sparekto,N,N,N,N,N,N,N,N,N,N,N
2289,20075118717,P,02286,Tale Marcos                        ,Steindal                           ,N,J,N,J,N,Kunder over 67år m/bruks & sparekto,N,N,N,N,N,N,N,N,N,N,N
2289,17013612846,P,02286,Ingjerd Cesar                      ,Holmefjord                         ,N,N,N,J,N,Kunder over 67år m/bruks & sparekto,N,N,N,N,N,N,N,N,N,N,N
2289,20044208696,P,02282,Verena Erik                        ,Sørbø                              ,N,J,N,J,N,Kunder over 67år m/bruks & sparekto,N,N,N,N,N,N,N,N,N,N,N
2289,14024902413,P,02286,Abdirashid Kristin                 ,Langseth                           ,N,N,N,J,N,Kunder over 67år m/bruks & sparekto,N,N,N,N,N,N,N,N,N,N,N
2289,31105412099,P,02282,Iselinn Hans                       ,Nordmo                             ,N,J,N,J,N,Kunder over 67år m/bruks & sparekto,N,N,N,N,N,N,N,N,N,N,N
2289,28025101547,P,02286,Gregor Anne-Line                   ,Sørnes                             ,N,N,N,J,N,Kunder over 67år m/bruks & sparekto,N,N,N,N,N,N,N,N,N,N,N
2289,27044610057,P,02284,Amela Fernando                     ,Homme                              ,N,J,N,J,N,Kunder over 67år m/bruks & sparekto,N,N,N,N,N,N,N,N,N,N,N
2289,28044908362,B,12291,Elliot Ylva                        ,Wiklund                            ,J,J,N,J,N,Kunder over 67år m/bruks & sparekto,N,N,N,N,N,N,N,N,N,N,N
2289,01034911513,P,02285,Oskar Kelly                        ,Østvold                            ,N,J,N,J,N,Kunder over 67år m/bruks & sparekto,N,N,N,N,N,N,N,N,N,N,N
2289,28064507666,P,02286,Janne Abdifatah                    ,Englund                            ,N,N,N,J,N,Kunder over 67år m/bruks & sparekto,N,N,N,N,N,N,N,N,N,N,N
2289,19065207438,P,02282,Møyfrid Asbjørn                    ,Gjersøe                            ,N,N,N,J,N,Kunder over 67år m/bruks & sparekto,N,N,N,N,N,N,N,N,N,N,N
2289,18035018324,P,02282,Edmund Elfrida                     ,Nordeide                           ,N,J,N,J,N,Kunder over 67år m/bruks & sparekto,N,N,N,N,N,N,N,N,N,N,N
2289,28015100925,P,02286,Øydis Bjørge                       ,Kallevik                           ,N,J,N,J,N,Kunder over 67år m/bruks & sparekto,N,N,N,N,N,N,N,N,N,N,N
2289,26065411120,P,02282,Christine Istvan                   ,Storsve                            ,N,N,N,J,N,Kunder over 67år m/bruks & sparekto,N,N,N,N,N,N,N,N,N,N,N
2289,16074819471,P,02286,Henrik Oksana                      ,Knutsen                            ,N,N,N,J,N,Kunder over 67år m/bruks & sparekto,N,N,N,N,N,N,N,N,N,N,N
2289,05115118244,P,02282,Lovise Folke                       ,Salamonsen                         ,N,J,N,J,N,Kunder over 67år m/bruks & sparekto,N,N,N,N,N,N,N,N,N,N,N
2289,01055011059,P,02282,Kristofer Eirin                    ,Jensrud                            ,N,N,N,J,N,Kunder over 67år m/bruks & sparekto,N,N,N,N,N,N,N,N,N,N,N
2289,22053922221,P,02286,Justyna Tron                       ,Blystad                            ,N,J,N,J,N,Kunder over 67år m/bruks & sparekto,N,N,N,N,N,N,N,N,N,N,N
2289,30114425393,P,02284,Hallstein Elke                     ,Hjelmeland                         ,N,N,N,J,N,Kunder over 67år m/bruks & sparekto,N,N,N,N,N,N,N,N,N,N,N
2289,24034716508,P,02284,Gregor Milla                       ,Sommer                             ,N,N,N,J,N,Kunder over 67år m/bruks & sparekto,N,N,N,N,N,N,N,N,N,N,N
2289,11054908247,P,02282,Barbro Magnus                      ,Øvereng                            ,N,J,N,J,N,Kunder over 67år m/bruks & sparekto,N,N,N,N,N,N,N,N,N,N,N
2289,26095108597,P,02282,Marika Hans-Christian              ,Flem                               ,N,J,N,J,N,Kunder over 67år m/bruks & sparekto,N,N,N,N,N,N,N,N,N,N,N
2289,11084501850,P,02285,Ingmar Anne-Grethe                 ,Stornes                            ,N,N,N,J,N,Kunder over 67år m/bruks & sparekto,N,N,N,N,N,N,N,N,N,N,N
2289,21035503991,B,02282,Joacim Selam                       ,Rikardsen                          ,J,N,N,J,N,Kunder over 67år m/bruks & sparekto,N,N,N,N,N,N,N,N,N,N,N
2289,07015400492,P,02286,Mariann Odd-Arne                   ,Vadseth                            ,N,J,J,J,N,Kunder over 67år m/bruks & sparekto,N,N,N,N,N,N,N,N,N,N,N
2289,22064620448,P,02284,Timothy Janicke                    ,Rosenberg                          ,N,N,J,J,N,Kunder over 67år m/bruks & sparekto,N,N,N,N,N,N,N,N,N,N,N
2289,29015408608,P,02286,Ingelin Umar                       ,Johansen                           ,N,N,N,J,N,Kunder over 67år m/bruks & sparekto,N,N,N,N,N,N,N,N,N,N,N
2289,02084813330,P,02286,Herman Kathleen                    ,Hegland                            ,N,N,N,J,N,Kunder over 67år m/bruks & sparekto,N,N,N,N,N,N,N,N,N,N,N
2289,14063726622,P,02282,Jardar Rasa                        ,Akhtar                             ,N,N,N,J,N,Kunder over 67år m/bruks & sparekto,N,N,N,N,N,N,N,N,N,N,N
2289,07064619246,P,02282,Thelma Sune                        ,Huus                               ,N,J,J,J,N,Kunder over 67år m/bruks & sparekto,N,N,N,N,N,N,N,N,N,N,N
2289,03054600762,P,02286,Tina Biniam                        ,Øvretveit                          ,N,N,N,J,N,Kunder over 67år m/bruks & sparekto,N,N,N,N,N,N,N,N,N,N,N
2289,28093704098,P,02284,Samantha Alex                      ,Nedregård                          ,N,N,N,J,N,Kunder over 67år m/bruks & sparekto,N,N,N,N,N,N,N,N,N,N,N
2289,08055409723,P,02285,Odd-Erik Trine                     ,Frivold                            ,N,N,N,J,N,Kunder over 67år m/bruks & sparekto,N,N,N,N,N,N,N,N,N,N,N
2289,26094101319,P,02286,Isabel Wiktor                      ,Kildal                             ,N,N,N,J,N,Kunder over 67år m/bruks & sparekto,N,N,N,N,N,N,N,N,N,N,N
2289,07035012634,P,02282,Liubov Mantas                      ,Lillebø                            ,N,N,J,J,N,Kunder over 67år m/bruks & sparekto,N,N,N,N,N,N,N,N,N,N,N
2289,23015511508,P,02282,Gregor Anne-Line                   ,Herland                            ,N,N,N,J,N,Kunder over 67år m/bruks & sparekto,N,N,N,N,N,N,N,N,N,N,N
2289,27055501632,P,02282,Rakel Valentin                     ,Moi                                ,N,J,J,J,N,Kunder over 67år m/bruks & sparekto,N,N,N,N,N,N,N,N,N,N,N
2289,28075618532,P,02285,Andrius Kristina                   ,Hjelle                             ,N,J,J,J,N,Kunder over 67år m/bruks & sparekto,N,N,N,N,N,N,N,N,N,N,N
2289,17064419013,P,02285,Zaneta Kian                        ,Malm                               ,N,J,N,J,N,Kunder over 67år m/bruks & sparekto,N,N,N,N,N,N,N,N,N,N,N
2289,02065407607,P,02282,Bjarte Alida                       ,Ekeli                              ,N,N,N,J,N,Kunder over 67år m/bruks & sparekto,N,N,N,N,N,N,N,N,N,N,N
2289,21094505914,P,02286,Edita Fridtjov                     ,Storsve                            ,N,N,N,J,N,Kunder over 67år m/bruks & sparekto,N,N,N,N,N,N,N,N,N,N,N
2289,03045112518,P,02285,Dumitru Antonia                    ,Wikstrøm                           ,N,N,N,J,N,Kunder over 67år m/bruks & sparekto,N,N,N,N,N,N,N,N,N,N,N
2289,26115321675,P,02284,Fredrik Lina                       ,Thon                               ,N,N,N,J,N,Kunder over 67år m/bruks & sparekto,N,N,N,N,N,N,N,N,N,N,N
2289,22114816438,P,02286,Gabrielle Babak                    ,Mikalsen                           ,N,N,N,J,N,Kunder over 67år m/bruks & sparekto,N,N,N,N,N,N,N,N,N,N,N
2289,31125212703,P,02286,Kolbjørn Sari                      ,Osmundsen                          ,N,N,N,J,N,Kunder over 67år m/bruks & sparekto,N,N,N,N,N,N,N,N,N,N,N
2289,15064005259,P,02284,Dagrunn Harald                     ,Kallevik                           ,N,N,N,J,N,Kunder over 67år m/bruks & sparekto,N,N,N,N,N,N,N,N,N,N,N
2289,10094607502,P,02282,Rodrigo Saba                       ,Sandnes                            ,N,J,N,J,N,Kunder over 67år m/bruks & sparekto,N,N,N,N,N,N,N,N,N,N,N
2289,10124822772,P,02286,Audrius Molly                      ,Nesbø                              ,N,J,N,J,N,Kunder over 67år m/bruks & sparekto,N,N,N,N,N,N,N,N,N,N,N
2289,14084619966,P,02286,Dyveke Herbert                     ,Eikrem                             ,N,N,N,J,N,Kunder over 67år m/bruks & sparekto,N,N,N,N,N,N,N,N,N,N,N
2289,30094616995,P,02286,Asif Lilli                         ,Li                                 ,N,J,N,J,N,Kunder over 67år m/bruks & sparekto,N,N,N,N,N,N,N,N,N,N,N
2289,29034520672,P,02286,Jannecke Julio                     ,Bru                                ,N,N,N,J,N,Kunder over 67år m/bruks & sparekto,N,N,N,N,N,N,N,N,N,N,N
2289,15025511848,P,02286,Mussie Alfhild                     ,Salomonsen                         ,N,N,N,J,N,Kunder over 67år m/bruks & sparekto,N,N,N,N,N,N,N,N,N,N,N
2289,15125409927,P,02285,Ruth Jan-Olav                      ,Habberstad                         ,N,J,J,J,N,Kunder over 67år m/bruks & sparekto,N,N,N,N,N,N,N,N,N,N,N
2289,24103628772,P,02286,Maritha Pieter                     ,Sæter                              ,N,J,N,J,N,Kunder over 67år m/bruks & sparekto,N,N,N,N,N,N,N,N,N,N,N
2289,02095202163,B,02284,Kathrine Anstein                   ,Sirnes                             ,N,J,J,J,N,Kunder over 67år m/bruks & sparekto,N,N,N,N,N,N,N,N,N,N,N
2289,01115021776,P,02285,Minh Thorgeir                      ,Lilleby                            ,N,J,N,J,N,Kunder over 67år m/bruks & sparekto,N,N,N,N,N,N,N,N,N,N,N
2289,05085211511,P,02286,Lucas Shazia                       ,Straume                            ,N,J,N,J,N,Kunder over 67år m/bruks & sparekto,N,N,N,N,N,N,N,N,N,N,N
2289,08085514386,P,02285,Dyveke Herbert                     ,Broen                              ,N,N,N,J,N,Kunder over 67år m/bruks & sparekto,N,N,N,N,N,N,N,N,N,N,N
2289,10115322635,P,02286,Endre Sofia                        ,Westgaard                          ,N,J,N,J,N,Kunder over 67år m/bruks & sparekto,N,N,N,N,N,N,N,N,N,N,N
2289,03094602733,P,02282,Tron Mai-Lis                       ,Khalil                             ,N,N,N,J,N,Kunder over 67år m/bruks & sparekto,N,N,N,N,N,N,N,N,N,N,N
2289,18103529278,P,02282,Asmund Solrunn                     ,Walde                              ,N,N,N,J,N,Kunder over 67år m/bruks & sparekto,N,N,N,N,N,N,N,N,N,N,N
2289,15064319024,P,02282,Curt Maja                          ,Opsal                              ,N,J,N,J,N,Kunder over 67år m/bruks & sparekto,N,N,N,N,N,N,N,N,N,N,N
2289,16094810705,P,02286,Hussain Yulia                      ,Tonstad                            ,N,N,N,J,N,Kunder over 67år m/bruks & sparekto,N,N,N,N,N,N,N,N,N,N,N
2289,19104823265,P,02285,Carine Duy                         ,Hjelseth                           ,N,J,J,J,N,Kunder over 67år m/bruks & sparekto,N,N,N,N,N,N,N,N,N,N,N
2289,25025022257,P,02286,Ingve Nanny                        ,Storsve                            ,N,N,N,J,N,Kunder over 67år m/bruks & sparekto,N,N,N,N,N,N,N,N,N,N,N
2289,19055211569,P,02282,Ruth Jan-Olav                      ,Fure                               ,N,N,N,J,N,Kunder over 67år m/bruks & sparekto,N,N,N,N,N,N,N,N,N,N,N
2289,17124514479,P,02286,Amela Fernando                     ,Sandtorv                           ,N,N,N,J,N,Kunder over 67år m/bruks & sparekto,N,N,N,N,N,N,N,N,N,N,N
2289,14094012881,P,02282,Nasreen Helmut                     ,Linge                              ,N,N,N,J,N,Kunder over 67år m/bruks & sparekto,N,N,N,N,N,N,N,N,N,N,N
2289,22114918893,P,02282,Abdirashid Kristin                 ,Klungtveit                         ,N,N,N,J,N,Kunder over 67år m/bruks & sparekto,N,N,N,N,N,N,N,N,N,N,N
2289,26083332467,P,02282,Fredrik Lina                       ,Lekven                             ,N,N,N,J,N,Kunder over 67år m/bruks & sparekto,N,N,N,N,N,N,N,N,N,N,N
2289,23063525081,P,02282,Runa Mehran                        ,Semb                               ,N,N,N,J,N,Kunder over 67år m/bruks & sparekto,N,N,N,N,N,N,N,N,N,N,N
2289,07064006201,P,02286,Faiza Mattis                       ,Nielsen                            ,J,N,N,J,N,Kunder over 67år m/bruks & sparekto,N,N,N,N,N,N,N,N,N,N,N
2289,11054406594,P,02286,Kolbjørn Sari                      ,Lona                               ,N,N,N,J,N,Kunder over 67år m/bruks & sparekto,N,N,N,N,N,N,N,N,N,N,N
2289,31075121035,P,02285,Abdirashid Maia                    ,Nesset                             ,N,N,N,J,N,Kunder over 67år m/bruks & sparekto,N,N,N,N,N,N,N,N,N,N,N
2289,23104309577,P,02284,Beate Abdifatah                    ,Dyrdal                             ,N,N,N,J,N,Kunder over 67år m/bruks & sparekto,N,N,N,N,N,N,N,N,N,N,N
2289,12055558920,P,02286,Gina Thorleif                      ,Brænden                            ,N,N,N,J,N,Kunder over 67år m/bruks & sparekto,N,N,N,N,N,N,N,N,N,N,N
2289,10114701438,P,02285,Janette Dovydas                    ,Vetrhus                            ,N,J,N,N,N,Kunder over 67år m/bruks & sparekto,N,N,N,N,N,N,N,N,N,N,N
2289,15105607625,P,02282,Juozas Unn                         ,Lium                               ,N,N,N,J,N,Kunder over 67år m/bruks & sparekto,N,N,N,N,N,N,N,N,N,N,N
2289,04055206355,P,02286,Mindor Magda                       ,Mikalsen                           ,N,N,N,J,N,Kunder over 67år m/bruks & sparekto,N,N,N,N,N,N,N,N,N,N,N
2289,08025120818,P,02286,Genet Umar                         ,By                                 ,N,N,N,J,N,Kunder over 67år m/bruks & sparekto,N,N,N,N,N,N,N,N,N,N,N
2289,01035303908,P,02285,Galina Jan-Fredrik                 ,Hassel                             ,N,N,N,N,N,Kunder over 67år m/bruks & sparekto,N,N,N,N,N,N,N,N,N,N,N
2289,16073930662,P,02286,Jens Bergit                        ,Jordet                             ,N,N,N,J,N,Kunder over 67år m/bruks & sparekto,N,N,N,N,N,N,N,N,N,N,N
2289,07024323344,P,02286,Gurli Lars-Erik                    ,Brænden                            ,N,N,N,J,N,Kunder over 67år m/bruks & sparekto,N,N,N,N,N,N,N,N,N,N,N
2289,26125420469,P,02286,Augusta Jack                       ,Bru                                ,N,N,N,J,N,Kunder over 67år m/bruks & sparekto,N,N,N,N,N,N,N,N,N,N,N
2289,24084711086,P,02286,Rakel Boye                         ,Stene                              ,N,N,N,J,N,Kunder over 67år m/bruks & sparekto,N,N,N,N,N,N,N,N,N,N,N
2289,21045207940,P,02282,Gregor Øygunn                      ,Røhne                              ,N,N,N,J,N,Kunder over 67år m/bruks & sparekto,N,N,N,N,N,N,N,N,N,N,N
2289,21063521334,P,02282,Pablo Yulia                        ,Lundgård                           ,N,N,N,J,N,Kunder over 67år m/bruks & sparekto,N,N,N,N,N,N,N,N,N,N,N
2289,03113615752,P,02286,Dyveke Herbert                     ,Paasche                            ,N,N,J,J,N,Kunder over 67år m/bruks & sparekto,N,N,N,N,N,N,N,N,N,N,N
2289,28035208102,P,02286,Jorge Gina                         ,Vatle                              ,N,J,N,J,N,Kunder over 67år m/bruks & sparekto,N,N,N,N,N,N,N,N,N,N,N
2289,16093622719,P,02285,Justas Vilja                       ,Lillestøl                          ,N,N,N,J,N,Kunder over 67år m/bruks & sparekto,N,N,N,N,N,N,N,N,N,N,N
2289,27095518562,P,02286,Nadja Jan-Fredrik                  ,Brænden                            ,N,N,N,J,N,Kunder over 67år m/bruks & sparekto,N,N,N,N,N,N,N,N,N,N,N
2289,12074013455,P,02286,Sine Ramin                         ,Nissen                             ,J,N,N,J,N,Kunder over 67år m/bruks & sparekto,N,N,N,N,N,N,N,N,N,N,N
2289,29123915338,P,02286,Fillip Ragni                       ,Bjørgen                            ,N,N,N,J,N,Kunder over 67år m/bruks & sparekto,N,N,N,N,N,N,N,N,N,N,N
2289,08044500303,P,02282,Amela Matias                       ,Økland                             ,N,N,N,J,N,Kunder over 67år m/bruks & sparekto,N,N,N,N,N,N,N,N,N,N,N
2289,14124423105,P,02286,Anna Noel                          ,Saleem                             ,N,N,N,J,N,Kunder over 67år m/bruks & sparekto,N,N,N,N,N,N,N,N,N,N,N
2289,18065507109,P,02282,Kolbjørn Sienna                    ,Spilde                             ,N,J,N,J,N,Kunder over 67år m/bruks & sparekto,N,N,N,N,N,N,N,N,N,N,N
2289,06124204362,P,02282,Victor Veronica                    ,Rikardsen                          ,N,N,N,J,N,Kunder over 67år m/bruks & sparekto,N,N,N,N,N,N,N,N,N,N,N
2289,18115314757,P,02286,Marita Jan-Olav                    ,Almli                              ,N,N,N,J,N,Kunder over 67år m/bruks & sparekto,N,N,N,N,N,N,N,N,N,N,N
2289,31085520477,P,02282,Mirela Søren                       ,Vårdal                             ,N,J,N,J,N,Kunder over 67år m/bruks & sparekto,N,N,N,N,N,N,N,N,N,N,N
2289,02084409408,P,02284,Embla Asbjørn                      ,Aaseth                             ,N,N,N,J,N,Kunder over 67år m/bruks & sparekto,N,N,N,N,N,N,N,N,N,N,N
2289,08105129018,P,02286,Andrius Annelise                   ,Sele                               ,N,J,N,J,N,Kunder over 67år m/bruks & sparekto,N,N,N,N,N,N,N,N,N,N,N
2289,11034110834,P,02282,Hallstein Oliva                    ,Hynne                              ,N,J,N,J,N,Kunder over 67år m/bruks & sparekto,N,N,N,N,N,N,N,N,N,N,N
2289,27105404676,P,02282,Conny Hallgeir                     ,Formo                              ,N,N,N,J,N,Kunder over 67år m/bruks & sparekto,N,N,N,N,N,N,N,N,N,N,N
2289,02023610526,P,02282,Danijela Dovydas                   ,Mellum                             ,N,J,N,J,N,Kunder over 67år m/bruks & sparekto,N,N,N,N,N,N,N,N,N,N,N
2289,29125401749,P,02286,Magomed Carola                     ,Fauskanger                         ,N,J,N,J,N,Kunder over 67år m/bruks & sparekto,N,N,N,N,N,N,N,N,N,N,N
2289,17124111943,P,02282,Fredrik Celin                      ,Hausken                            ,N,N,N,J,N,Kunder over 67år m/bruks & sparekto,N,N,N,N,N,N,N,N,N,N,N
2289,27015526160,P,02284,Ranveig Ole-Marius                 ,Brænden                            ,N,N,N,J,N,Kunder over 67år m/bruks & sparekto,N,N,N,N,N,N,N,N,N,N,N
2289,29094205369,P,02284,Uzma Abdulahi                      ,Hofstad                            ,N,J,N,J,N,Kunder over 67år m/bruks & sparekto,N,N,N,N,N,N,N,N,N,N,N
2289,27075602427,P,02284,Isaac Shahnaz                      ,Finstad                            ,N,N,N,J,N,Kunder over 67år m/bruks & sparekto,N,N,N,N,N,N,N,N,N,N,N
2289,25075300495,P,02282,Ingvill Herbert                    ,Egge                               ,N,J,N,J,N,Kunder over 67år m/bruks & sparekto,N,N,N,N,N,N,N,N,N,N,N
2289,28084116841,P,02284,Undis Cesar                        ,Lindseth                           ,N,N,N,J,N,Kunder over 67år m/bruks & sparekto,N,N,N,N,N,N,N,N,N,N,N
2289,06074509566,P,02286,Wojciech Kine                      ,Olaussen                           ,N,J,N,J,N,Kunder over 67år m/bruks & sparekto,N,N,N,N,N,N,N,N,N,N,N
2289,02084620133,P,02284,Serina Saad                        ,Holstad                            ,N,N,N,J,N,Kunder over 67år m/bruks & sparekto,N,N,N,N,N,N,N,N,N,N,N
2289,29084806410,P,02286,Torstein Inger-Johanne             ,Andreassen                         ,N,N,N,J,N,Kunder over 67år m/bruks & sparekto,N,N,N,N,N,N,N,N,N,N,N
2289,28035007700,P,02284,Lisa-Marie Marc                    ,Henden                             ,N,N,N,J,N,Kunder over 67år m/bruks & sparekto,N,N,N,N,N,N,N,N,N,N,N
2289,23075306792,P,02282,Kristofer Vibeke                   ,Engstrøm                           ,N,J,N,J,N,Kunder over 67år m/bruks & sparekto,N,N,N,N,N,N,N,N,N,N,N
2289,22105118965,B,02282,Cristina Francisco                 ,Leite                              ,N,J,N,J,N,Kunder over 67år m/bruks & sparekto,N,N,N,N,N,N,N,N,N,N,N
2289,04105025381,P,02282,Eirin Ion                          ,Walberg                            ,N,N,N,J,N,Kunder over 67år m/bruks & sparekto,N,N,N,N,N,N,N,N,N,N,N
2289,26124516683,P,02285,Ramona Ivo                         ,Finnesand                          ,N,N,N,J,N,Kunder over 67år m/bruks & sparekto,N,N,N,N,N,N,N,N,N,N,N
2289,01065607790,B,12291,Serina Saad                        ,Hovden                             ,N,J,N,J,N,Kunder over 67år m/bruks & sparekto,N,N,N,N,N,N,N,N,N,N,N
2289,16014811579,P,02286,Hilda Mathis                       ,Rui                                ,N,N,N,J,N,Kunder over 67år m/bruks & sparekto,N,N,N,N,N,N,N,N,N,N,N
2289,11093926112,P,02286,Edgar Egle                         ,Nylund                             ,N,N,N,J,N,Kunder over 67år m/bruks & sparekto,N,N,N,N,N,N,N,N,N,N,N
2289,21073702043,P,02282,Bartosz Zuzana                     ,Dyrnes                             ,N,J,N,J,N,Kunder over 67år m/bruks & sparekto,N,N,N,N,N,N,N,N,N,N,N
2289,22125612079,P,02286,Justyna Tron                       ,Haugsvær                           ,N,N,N,J,N,Kunder over 67år m/bruks & sparekto,N,N,N,N,N,N,N,N,N,N,N
2289,24045611023,P,02282,Normann Birgith                    ,Isdahl                             ,N,N,N,J,N,Kunder over 67år m/bruks & sparekto,N,N,N,N,N,N,N,N,N,N,N
2289,18115612375,P,02282,Ingmar Cathinka                    ,Kallevik                           ,N,N,N,J,N,Kunder over 67år m/bruks & sparekto,N,N,N,N,N,N,N,N,N,N,N
2289,30075111890,P,02286,Kristofer Eirin                    ,Stenerud                           ,N,J,N,J,N,Kunder over 67år m/bruks & sparekto,N,N,N,N,N,N,N,N,N,N,N
2289,15035312770,P,02286,Heike Sverre                       ,Dalby                              ,J,N,N,J,N,Kunder over 67år m/bruks & sparekto,N,N,N,N,N,N,N,N,N,N,N
2289,20035302450,P,02282,Jens Johanna                       ,Paulsrud                           ,N,N,N,J,N,Kunder over 67år m/bruks & sparekto,N,N,N,N,N,N,N,N,N,N,N
2289,08044200512,P,02286,Karstein Viktorija                 ,Kavli                              ,N,J,J,J,N,Kunder over 67år m/bruks & sparekto,N,N,N,N,N,N,N,N,N,N,N
2289,16075320640,P,02286,Dick Betina                        ,Endresen                           ,N,J,N,J,N,Kunder over 67år m/bruks & sparekto,N,N,N,N,N,N,N,N,N,N,N
2289,11015308380,P,02282,Ruth Jan-Olav                      ,Førland                            ,N,N,N,J,N,Kunder over 67år m/bruks & sparekto,N,N,N,N,N,N,N,N,N,N,N
2289,24074609208,P,02282,Amanda Joakim                      ,Aalvik                             ,N,N,N,J,N,Kunder over 67år m/bruks & sparekto,N,N,N,N,N,N,N,N,N,N,N
2289,30105411770,P,02286,Karwan Henrikke                    ,Stenerud                           ,N,N,N,J,N,Kunder over 67år m/bruks & sparekto,N,N,N,N,N,N,N,N,N,N,N
2289,19025411954,P,02286,Tony Feven                         ,Nielsen                            ,N,N,N,J,N,Kunder over 67år m/bruks & sparekto,N,N,N,N,N,N,N,N,N,N,N
2289,24024121174,P,02284,Dyveke Herbert                     ,Sakariassen                        ,N,N,N,J,N,Kunder over 67år m/bruks & sparekto,N,N,N,N,N,N,N,N,N,N,N
2289,10105219216,P,02286,Mateusz Eirunn                     ,Homme                              ,N,J,N,J,N,Kunder over 67år m/bruks & sparekto,N,N,N,N,N,N,N,N,N,N,N
2289,07053813318,P,12286,Thorsten Elke                      ,Christiansen                       ,N,N,N,J,N,Kunder over 67år m/bruks & sparekto,N,N,N,N,N,N,N,N,N,N,N
2289,21044501861,P,02286,Vasile Diane                       ,Høgås                              ,J,N,N,J,N,Kunder over 67år m/bruks & sparekto,N,N,N,N,N,N,N,N,N,N,N
2289,15105400958,P,02285,Gudrun Thorleif                    ,With                               ,N,J,N,J,N,Kunder over 67år m/bruks & sparekto,N,N,N,N,N,N,N,N,N,N,N
2289,13094900241,P,02286,Edgar Irena                        ,Arctander                          ,N,N,N,J,N,Kunder over 67år m/bruks & sparekto,N,N,N,N,N,N,N,N,N,N,N
2289,28094311472,P,02286,Tirill Aleksandrs                  ,Aanestad                           ,N,N,N,J,N,Kunder over 67år m/bruks & sparekto,N,N,N,N,N,N,N,N,N,N,N
2289,07095114010,P,02295,Jytte Babak                        ,Andresen                           ,N,N,N,J,N,Kunder over 67år m/bruks & sparekto,N,N,N,N,N,N,N,N,N,N,N
2289,26074803961,B,02286,Kolbjørn Nadezda                   ,Petterson                          ,N,N,N,J,N,Kunder over 67år m/bruks & sparekto,N,N,N,N,N,N,N,N,N,N,N
2289,26095119696,P,02284,Bartosz Zuzana                     ,Gjengstø                           ,N,N,N,N,N,Kunder over 67år m/bruks & sparekto,N,N,N,N,N,N,N,N,N,N,N
2289,23083928697,P,02286,Dovile Skule                       ,Svihus                             ,N,J,N,J,N,Kunder over 67år m/bruks & sparekto,N,N,N,N,N,N,N,N,N,N,N
2289,13055518828,P,02285,Solbjørg Henri                     ,Midttun                            ,N,N,N,J,N,Kunder over 67år m/bruks & sparekto,N,N,N,N,N,N,N,N,N,N,N
2289,07044519245,P,02282,Lill Ioan                          ,Steinnes                           ,N,N,N,J,N,Kunder over 67år m/bruks & sparekto,N,N,N,N,N,N,N,N,N,N,N
2289,05105511088,P,02286,Halvar Arnfrid                     ,Hausken                            ,N,J,N,J,N,Kunder over 67år m/bruks & sparekto,N,N,N,N,N,N,N,N,N,N,N
2289,22045319389,P,02286,Nataliia Fernando                  ,Nylund                             ,N,J,N,J,N,Kunder over 67år m/bruks & sparekto,N,N,N,N,N,N,N,N,N,N,N
2289,10074924110,P,02285,Ruth Jan-Olav                      ,Monstad                            ,N,J,N,J,N,Kunder over 67år m/bruks & sparekto,N,N,N,N,N,N,N,N,N,N,N
2289,18064814563,P,02282,Maksim Aslaug                      ,Lange                              ,N,N,N,J,N,Kunder over 67år m/bruks & sparekto,N,N,N,N,N,N,N,N,N,N,N
2289,04025601039,P,02286,Rodrigo Rønnaug                    ,Rudolfsen                          ,N,N,N,J,N,Kunder over 67år m/bruks & sparekto,N,N,N,N,N,N,N,N,N,N,N
2289,17115503812,P,02284,Ann Thom                           ,Amdam                              ,N,N,J,J,N,Kunder over 67år m/bruks & sparekto,N,N,N,N,N,N,N,N,N,N,N
2289,22055116370,P,02282,Astrid Roald                       ,Granly                             ,J,N,N,J,N,Kunder over 67år m/bruks & sparekto,N,N,N,N,N,N,N,N,N,N,N
2289,02065205826,P,02286,Malin Torgny                       ,Lilleeng                           ,N,J,N,J,N,Kunder over 67år m/bruks & sparekto,N,N,N,N,N,N,N,N,N,N,N
2289,14103113343,P,02282,Nadja Jan-Fredrik                  ,Sæland                             ,N,N,N,J,N,Kunder over 67år m/bruks & sparekto,N,N,N,N,N,N,N,N,N,N,N
2289,12125501735,P,02285,Kolbjørn Sari                      ,Holth                              ,N,N,N,J,N,Kunder over 67år m/bruks & sparekto,N,N,N,N,N,N,N,N,N,N,N
2289,09075400834,P,02286,Vasile Augusta                     ,Elvebakk                           ,N,N,N,J,N,Kunder over 67år m/bruks & sparekto,N,N,N,N,N,N,N,N,N,N,N
2289,26104925250,P,02286,Vasile Augusta                     ,Oppegård                           ,N,N,J,J,N,Kunder over 67år m/bruks & sparekto,N,N,N,N,N,N,N,N,N,N,N
2289,31054315441,P,02286,Liubov Mantas                      ,Hovda                              ,N,N,N,J,N,Kunder over 67år m/bruks & sparekto,N,N,N,N,N,N,N,N,N,N,N
2289,14025017332,B,12291,Embla Styrk                        ,Vestre                             ,N,J,N,J,N,Kunder over 67år m/bruks & sparekto,N,N,N,N,N,N,N,N,N,N,N
2289,02125526686,P,02285,Signhild Akram                     ,Sandve                             ,N,J,N,J,N,Kunder over 67år m/bruks & sparekto,N,N,N,N,N,N,N,N,N,N,N
2289,21124624247,P,12286,Søren Eirin                        ,Hauan                              ,N,N,N,J,N,Kunder over 67år m/bruks & sparekto,N,N,N,N,N,N,N,N,N,N,N
2289,06014713407,P,02286,Viviann Vincent                    ,Wroldsen                           ,N,N,N,J,N,Kunder over 67år m/bruks & sparekto,N,N,N,N,N,N,N,N,N,N,N
2289,09095009910,P,02282,Isa Albin                          ,Teien                              ,N,J,N,J,N,Kunder over 67år m/bruks & sparekto,N,N,N,N,N,N,N,N,N,N,N
2289,07054816655,P,02286,Torleiv Guro                       ,Thorstensen                        ,N,N,N,J,N,Kunder over 67år m/bruks & sparekto,N,N,N,N,N,N,N,N,N,N,N
2289,11083727065,P,02285,Abdirashid Kristin                 ,Hovind                             ,N,N,N,J,N,Kunder over 67år m/bruks & sparekto,N,N,N,N,N,N,N,N,N,N,N
2289,29105204521,P,02282,Søren Nina                         ,Steinnes                           ,N,N,N,J,N,Kunder over 67år m/bruks & sparekto,N,N,N,N,N,N,N,N,N,N,N
2289,05074605526,P,02282,Farhad Alicia                      ,Pilskog                            ,N,N,N,J,N,Kunder over 67år m/bruks & sparekto,N,N,N,N,N,N,N,N,N,N,N
2289,13035213818,P,02286,Sead Maret                         ,Flønes                             ,N,J,N,J,N,Kunder over 67år m/bruks & sparekto,N,N,N,N,N,N,N,N,N,N,N
2289,06065509413,P,02282,Inna Irfan                         ,Heggdal                            ,N,N,N,J,N,Kunder over 67år m/bruks & sparekto,N,N,N,N,N,N,N,N,N,N,N
2289,14014413104,P,02286,Biniam Trine                       ,Gimse                              ,N,J,N,J,N,Kunder over 67år m/bruks & sparekto,N,N,N,N,N,N,N,N,N,N,N
2289,09124130325,P,02285,Willy Gintare                      ,Garvik                             ,N,J,N,J,N,Kunder over 67år m/bruks & sparekto,N,N,N,N,N,N,N,N,N,N,N
2289,25033123933,P,02285,Hannah Aadne                       ,Rikardsen                          ,N,N,N,J,N,Kunder over 67år m/bruks & sparekto,N,N,N,N,N,N,N,N,N,N,N
2289,05045300554,P,02285,Beatrice Vilius                    ,Stensland                          ,N,N,N,J,N,Kunder over 67år m/bruks & sparekto,N,N,N,N,N,N,N,N,N,N,N
2289,13014923475,P,02284,Milda Tron                         ,Vikene                             ,N,N,N,J,N,Kunder over 67år m/bruks & sparekto,N,N,N,N,N,N,N,N,N,N,N
2289,28064124066,P,02282,Thanh Aslak                        ,Opdal                              ,N,N,N,J,N,Kunder over 67år m/bruks & sparekto,N,N,N,N,N,N,N,N,N,N,N
2289,17105608144,P,02282,Afrim Milda                        ,Lindås                             ,N,J,N,J,N,Kunder over 67år m/bruks & sparekto,N,N,N,N,N,N,N,N,N,N,N
2289,31055206956,P,02285,Victor Veronica                    ,Sæverud                            ,N,J,N,J,N,Kunder over 67år m/bruks & sparekto,N,N,N,N,N,N,N,N,N,N,N
2289,21025100104,B,02282,Ava Berge                          ,Farestveit                         ,J,N,N,J,N,Kunder over 67år m/bruks & sparekto,N,N,N,N,N,N,N,N,N,N,N
2289,10024900628,P,02286,Bjarte Amalia                      ,Reite                              ,N,J,N,J,N,Kunder over 67år m/bruks & sparekto,N,N,N,N,N,N,N,N,N,N,N
2289,10085603286,P,02284,Kristofer Samira                   ,Halseth                            ,N,N,N,J,N,Kunder over 67år m/bruks & sparekto,N,N,N,N,N,N,N,N,N,N,N
2289,10035102448,P,02282,Ådne Sigrund                       ,Fossen                             ,N,J,N,J,N,Kunder over 67år m/bruks & sparekto,N,N,N,N,N,N,N,N,N,N,N
2289,05064503342,P,02286,Søren Nina                         ,Johansen                           ,N,N,N,J,N,Kunder over 67år m/bruks & sparekto,N,N,N,N,N,N,N,N,N,N,N
2289,26063916993,P,02282,Radoslaw Joy                       ,Aanonsen                           ,N,N,N,J,N,Kunder over 67år m/bruks & sparekto,N,N,N,N,N,N,N,N,N,N,N
2289,21084708841,P,02295,Marlena Bjørge                     ,Storsve                            ,N,N,N,J,N,Kunder over 67år m/bruks & sparekto,N,N,N,N,N,N,N,N,N,N,N
2289,27025201014,P,02282,Borgny Romualdas                   ,Handeland                          ,N,N,N,J,N,Kunder over 67år m/bruks & sparekto,N,N,N,N,N,N,N,N,N,N,N
2289,06064606873,P,02286,Mateusz Eirunn                     ,Nordnes                            ,N,J,N,J,N,Kunder over 67år m/bruks & sparekto,N,N,N,N,N,N,N,N,N,N,N
2289,24064613177,P,02282,Lajla Nicolae                      ,Bru                                ,N,J,N,J,N,Kunder over 67år m/bruks & sparekto,N,N,N,N,N,N,N,N,N,N,N
2289,10094721445,P,02285,Perly Gard                         ,Homme                              ,N,J,N,J,N,Kunder over 67år m/bruks & sparekto,N,N,N,N,N,N,N,N,N,N,N
2289,13104715006,P,02286,Dumitru Kateryna                   ,Buvarp                             ,N,J,N,J,N,Kunder over 67år m/bruks & sparekto,N,N,N,N,N,N,N,N,N,N,N
2289,11025305495,P,02295,Ellen-Marie Kato                   ,Østerås                            ,N,N,N,J,N,Kunder over 67år m/bruks & sparekto,N,N,N,N,N,N,N,N,N,N,N
2289,02054521602,P,02286,Edgar Irena                        ,Lyshaug                            ,J,N,N,J,N,Kunder over 67år m/bruks & sparekto,N,N,N,N,N,N,N,N,N,N,N
2289,14034705942,P,02285,Patric Sanela                      ,Nævdal                             ,N,J,N,J,N,Kunder over 67år m/bruks & sparekto,N,N,N,N,N,N,N,N,N,N,N
2289,27114505280,P,02286,Torleiv Edith                      ,Bjørsvik                           ,N,J,N,J,N,Kunder over 67år m/bruks & sparekto,N,N,N,N,N,N,N,N,N,N,N
2289,13015220168,P,02286,Aino Mateo                         ,Øverås                             ,N,N,N,J,N,Kunder over 67år m/bruks & sparekto,N,N,N,N,N,N,N,N,N,N,N
2289,03094518031,P,02282,Jorun Muhamed                      ,Stavnes                            ,N,N,N,J,N,Kunder over 67år m/bruks & sparekto,N,N,N,N,N,N,N,N,N,N,N
2289,02075518636,P,02286,Iris Wiktor                        ,Skålevik                           ,N,J,J,J,N,Kunder over 67år m/bruks & sparekto,N,N,N,N,N,N,N,N,N,N,N
2289,22074716419,P,02282,Thorhild Julian                    ,Christensen                        ,N,J,J,J,N,Kunder over 67år m/bruks & sparekto,N,N,N,N,N,N,N,N,N,N,N
2289,04025108618,P,02286,Kristofer Samira                   ,Arnestad                           ,N,N,N,J,N,Kunder over 67år m/bruks & sparekto,N,N,N,N,N,N,N,N,N,N,N
2289,20055012521,P,02286,Norunn Duc                         ,Lynum                              ,N,N,N,J,N,Kunder over 67år m/bruks & sparekto,N,N,N,N,N,N,N,N,N,N,N
2289,06014622746,P,02286,Ramunas Anna                       ,Alsvik                             ,N,N,N,J,N,Kunder over 67år m/bruks & sparekto,N,N,N,N,N,N,N,N,N,N,N
2289,25063901248,P,02282,Rasa Ionut                         ,Bjørkmo                            ,N,N,N,J,N,Kunder over 67år m/bruks & sparekto,N,N,N,N,N,N,N,N,N,N,N
2289,18094822161,P,02285,Naima Eduard                       ,Rikardsen                          ,N,J,N,J,N,Kunder over 67år m/bruks & sparekto,N,N,N,N,N,N,N,N,N,N,N
2289,09094306555,P,02286,Margaret Arnvid                    ,Evje                               ,N,J,N,J,N,Kunder over 67år m/bruks & sparekto,N,N,N,N,N,N,N,N,N,N,N
2289,17034911185,P,02286,Ingrun Danny                       ,Mohammad                           ,N,J,J,J,N,Kunder over 67år m/bruks & sparekto,N,N,N,N,N,N,N,N,N,N,N
2289,12025508422,B,02282,Anne-Gunn Thormod                  ,Sjursen                            ,N,N,N,J,N,Kunder over 67år m/bruks & sparekto,N,N,N,N,N,N,N,N,N,N,N
2289,31084910611,P,02286,Emad Runi                          ,Stang                              ,N,N,N,J,N,Kunder over 67år m/bruks & sparekto,N,N,N,N,N,N,N,N,N,N,N
2289,09065508041,P,02286,Tadeusz Franziska                  ,Nordnes                            ,J,N,N,J,N,Kunder over 67år m/bruks & sparekto,N,N,N,N,N,N,N,N,N,N,N
2289,06034612178,P,02286,Vanja Haakon                       ,Sirnes                             ,N,J,N,N,N,Kunder over 67år m/bruks & sparekto,N,N,N,N,N,N,N,N,N,N,N
2289,21125003289,P,02284,Alexandre Hilma                    ,Heggheim                           ,N,N,N,J,N,Kunder over 67år m/bruks & sparekto,N,N,N,N,N,N,N,N,N,N,N
2289,16014403462,P,02282,Margarita Emilio                   ,Jørstad                            ,N,J,N,J,N,Kunder over 67år m/bruks & sparekto,N,N,N,N,N,N,N,N,N,N,N
2289,20045415571,B,12291,Jorge Gina                         ,Smeby                              ,J,N,N,J,N,Kunder over 67år m/bruks & sparekto,N,N,N,N,N,N,N,N,N,N,N
2289,20085005686,P,02295,Christen Sølvi                     ,Flønes                             ,N,N,N,J,N,Kunder over 67år m/bruks & sparekto,N,N,N,N,N,N,N,N,N,N,N
2289,27013827112,P,02285,Anisa Marius                       ,Pollestad                          ,N,J,N,J,N,Kunder over 67år m/bruks & sparekto,N,N,N,N,N,N,N,N,N,N,N
2289,29035615898,P,02286,Ursula Albin                       ,Kallevik                           ,N,J,J,J,N,Kunder over 67år m/bruks & sparekto,N,N,N,N,N,N,N,N,N,N,N
2289,14124902623,B,02286,Mantas Bianca                      ,Brown                              ,N,J,N,J,N,Kunder over 67år m/bruks & sparekto,N,N,N,N,N,N,N,N,N,N,N
2289,07064314054,P,02286,Eystein Kjellfrid                  ,Ryan                               ,N,J,N,N,N,Kunder over 67år m/bruks & sparekto,N,N,N,N,N,N,N,N,N,N,N
2289,13114808959,P,02286,Søren Nina                         ,Log                                ,N,N,N,J,N,Kunder over 67år m/bruks & sparekto,N,N,N,N,N,N,N,N,N,N,N
2289,20024132812,P,02284,Dick Kathleen                      ,Fjeld                              ,N,J,J,J,N,Kunder over 67år m/bruks & sparekto,N,N,N,N,N,N,N,N,N,N,N
2289,23105319649,P,02286,Kai Maylen                         ,Vestre                             ,N,N,N,J,N,Kunder over 67år m/bruks & sparekto,N,N,N,N,N,N,N,N,N,N,N
2289,13033307084,P,02286,Shabana Mohsen                     ,Koren                              ,N,N,N,J,N,Kunder over 67år m/bruks & sparekto,N,N,N,N,N,N,N,N,N,N,N
2289,24094700058,P,02282,Marcel Frøya                       ,Olaussen                           ,N,N,N,N,N,Kunder over 67år m/bruks & sparekto,N,N,N,N,N,N,N,N,N,N,N
2289,03063914842,P,02284,Katarina Mohsen                    ,Borge                              ,N,N,N,J,N,Kunder over 67år m/bruks & sparekto,N,N,N,N,N,N,N,N,N,N,N
2289,24105224229,P,02286,Brigt Sara                         ,Due                                ,N,N,N,J,N,Kunder over 67år m/bruks & sparekto,N,N,N,N,N,N,N,N,N,N,N
2289,26123627503,P,02285,Edward Connie                      ,Sjøgren                            ,N,N,N,J,N,Kunder over 67år m/bruks & sparekto,N,N,N,N,N,N,N,N,N,N,N
2289,03104100332,P,02286,Cecilie Edward                     ,Lomeland                           ,N,J,N,J,N,Kunder over 67år m/bruks & sparekto,N,N,N,N,N,N,N,N,N,N,N
2289,27125212161,P,02285,Danijela Dovydas                   ,Ryan                               ,N,J,J,J,N,Kunder over 67år m/bruks & sparekto,N,N,N,N,N,N,N,N,N,N,N
2289,30114218940,P,02286,Victor Veronica                    ,Berthelsen                         ,N,N,N,J,N,Kunder over 67år m/bruks & sparekto,N,N,N,N,N,N,N,N,N,N,N
2289,01034808003,P,02286,Joar Olea                          ,Sara                               ,N,N,N,J,N,Kunder over 67år m/bruks & sparekto,N,N,N,N,N,N,N,N,N,N,N
2289,30093813185,P,02286,Øydis Anstein                      ,Kvinge                             ,N,J,J,J,N,Kunder over 67år m/bruks & sparekto,N,N,N,N,N,N,N,N,N,N,N
2289,10124708325,B,02286,Biniam Jelena                      ,Haaland                            ,N,J,N,J,N,Kunder over 67år m/bruks & sparekto,N,N,N,N,N,N,N,N,N,N,N
2289,17094817994,P,02282,Kolbjørn Sari                      ,Teigland                           ,N,N,N,J,N,Kunder over 67år m/bruks & sparekto,N,N,N,N,N,N,N,N,N,N,N
2289,07073515437,P,02285,Arnulf Inna                        ,Sjøgren                            ,N,N,N,J,N,Kunder over 67år m/bruks & sparekto,N,N,N,N,N,N,N,N,N,N,N
2289,15055616644,P,02285,Liubov Mantas                      ,Hjelde                             ,J,N,N,J,N,Kunder over 67år m/bruks & sparekto,N,N,N,N,N,N,N,N,N,N,N
2289,03075315162,P,02286,Catrin Stuart                      ,Rikardsen                          ,N,N,N,J,N,Kunder over 67år m/bruks & sparekto,N,N,N,N,N,N,N,N,N,N,N
2289,21024707099,P,02286,Vasile Vilje                       ,Laland                             ,N,N,N,J,N,Kunder over 67år m/bruks & sparekto,N,N,N,N,N,N,N,N,N,N,N
2289,17114915831,P,02286,Audrius Mali                       ,Jansson                            ,N,N,N,J,N,Kunder over 67år m/bruks & sparekto,N,N,N,N,N,N,N,N,N,N,N
2289,11085016662,P,02282,Håvard Kathrin                     ,Sundby                             ,N,J,N,J,N,Kunder over 67år m/bruks & sparekto,N,N,N,N,N,N,N,N,N,N,N
2289,20115622820,P,02284,Bjørghild Helmut                   ,Fure                               ,N,J,N,J,N,Kunder over 67år m/bruks & sparekto,N,N,N,N,N,N,N,N,N,N,N
2289,31035110642,P,02285,Edmund Lea                         ,Engum                              ,N,N,N,J,N,Kunder over 67år m/bruks & sparekto,N,N,N,N,N,N,N,N,N,N,N
2289,07095601329,P,02286,Gregor Anne-Line                   ,Nørstebø                           ,J,N,N,J,N,Kunder over 67år m/bruks & sparekto,N,N,N,N,N,N,N,N,N,N,N
2289,30114526602,P,02286,Martina Billy                      ,Stuen                              ,N,N,N,J,N,Kunder over 67år m/bruks & sparekto,N,N,N,N,N,N,N,N,N,N,N
2289,06025206000,P,02285,Karolina Sune                      ,Corneliussen                       ,N,J,J,J,N,Kunder over 67år m/bruks & sparekto,N,N,N,N,N,N,N,N,N,N,N
2289,22104720548,P,02284,Benny Margot                       ,Ulvin                              ,N,N,N,J,N,Kunder over 67år m/bruks & sparekto,N,N,N,N,N,N,N,N,N,N,N
2289,02064410310,P,02284,Oddmar Barbro                      ,Bjerkelund                         ,N,J,N,J,N,Kunder over 67år m/bruks & sparekto,N,N,N,N,N,N,N,N,N,N,N
2289,28113600901,P,02284,Edita Fridtjov                     ,Brænden                            ,N,N,N,J,N,Kunder over 67år m/bruks & sparekto,N,N,N,N,N,N,N,N,N,N,N
2289,26125410587,B,12291,Irina Audun                        ,Norberg                            ,J,J,J,J,N,Kunder over 67år m/bruks & sparekto,N,N,N,N,N,N,N,N,N,N,N
2289,09075101837,P,02282,Asle Emely                         ,Khalil                             ,N,N,N,J,N,Kunder over 67år m/bruks & sparekto,N,N,N,N,N,N,N,N,N,N,N
2289,30084916605,P,02282,Yohannes Sally                     ,Risberg                            ,N,N,N,J,N,Kunder over 67år m/bruks & sparekto,N,N,N,N,N,N,N,N,N,N,N
2289,30065216031,P,02284,Borger Emily                       ,Bertelsen                          ,N,N,N,J,N,Kunder over 67år m/bruks & sparekto,N,N,N,N,N,N,N,N,N,N,N
2289,22044718883,P,02282,Larisa Ben                         ,Richter                            ,N,J,N,J,N,Kunder over 67år m/bruks & sparekto,N,N,N,N,N,N,N,N,N,N,N
2289,29084621194,P,02286,Reid Vida                          ,Mentzoni                           ,N,N,N,J,N,Kunder over 67år m/bruks & sparekto,N,N,N,N,N,N,N,N,N,N,N
2289,24025010678,P,02286,Caroline Tollef                    ,Seppola                            ,N,J,N,N,N,Kunder over 67år m/bruks & sparekto,N,N,N,N,N,N,N,N,N,N,N
2289,18014905193,P,02286,Torgny Cathinka                    ,Kildal                             ,N,N,N,J,N,Kunder over 67år m/bruks & sparekto,N,N,N,N,N,N,N,N,N,N,N
2289,08034321281,P,02282,Hroar Agathe                       ,Wibe                               ,N,N,J,J,N,Kunder over 67år m/bruks & sparekto,N,N,N,N,N,N,N,N,N,N,N
2289,04114414137,P,02286,Naima Eduard                       ,Lundgård                           ,N,J,N,J,N,Kunder over 67år m/bruks & sparekto,N,N,N,N,N,N,N,N,N,N,N
2289,04034607619,P,02285,Jardar Rasa                        ,Teien                              ,N,N,N,J,N,Kunder over 67år m/bruks & sparekto,N,N,N,N,N,N,N,N,N,N,N
2289,02035005652,P,02286,Jardar Rasa                        ,Dyrøy                              ,N,N,N,J,N,Kunder over 67år m/bruks & sparekto,N,N,N,N,N,N,N,N,N,N,N
2289,15064515044,P,02286,Josefine Dejan                     ,Vevle                              ,N,N,N,J,N,Kunder over 67år m/bruks & sparekto,N,N,N,N,N,N,N,N,N,N,N
2289,06044017391,P,02282,Jafar Kristi                       ,Hellesø                            ,N,N,N,J,N,Kunder over 67år m/bruks & sparekto,N,N,N,N,N,N,N,N,N,N,N
2289,29075404121,P,02286,Victor Veronica                    ,Skorstad                           ,N,J,N,J,N,Kunder over 67år m/bruks & sparekto,N,N,N,N,N,N,N,N,N,N,N
2289,14015105470,P,02286,Tony Vilje                         ,Sara                               ,N,J,J,J,N,Kunder over 67år m/bruks & sparekto,N,N,N,N,N,N,N,N,N,N,N
2289,16015523518,B,12291,Marzena Melvin                     ,Nesland                            ,J,J,N,J,N,Kunder over 67år m/bruks & sparekto,N,N,N,N,N,N,N,N,N,N,N
2289,19084516026,P,02282,Ramona Ivo                         ,Skram                              ,N,J,N,J,N,Kunder over 67år m/bruks & sparekto,N,N,N,N,N,N,N,N,N,N,N
2289,26123812858,P,02282,Hallgeir Bianca                    ,Vårdal                             ,N,N,N,J,N,Kunder over 67år m/bruks & sparekto,N,N,N,N,N,N,N,N,N,N,N
2289,24024803690,P,02285,Mantas Bianca                      ,Tveito                             ,N,N,N,N,N,Kunder over 67år m/bruks & sparekto,N,N,N,N,N,N,N,N,N,N,N
2289,30062712100,P,02285,Frederick May-Britt                ,Bibi                               ,N,J,N,J,N,Kunder over 67år m/bruks & sparekto,N,N,N,N,N,N,N,N,N,N,N
2289,16075415676,P,02286,Birthe Torbjørn                    ,Kvilhaug                           ,N,J,N,J,N,Kunder over 67år m/bruks & sparekto,N,N,N,N,N,N,N,N,N,N,N
2289,03094607468,P,02286,Erica Jack                         ,Glesnes                            ,N,N,N,J,N,Kunder over 67år m/bruks & sparekto,N,N,N,N,N,N,N,N,N,N,N
2289,21055118180,P,02286,Gertrud Nicolae                    ,Jensrud                            ,N,N,N,J,N,Kunder over 67år m/bruks & sparekto,N,N,N,N,N,N,N,N,N,N,N
2289,26045413313,P,02282,Bibbi Kenny                        ,Ommundsen                          ,N,N,N,J,N,Kunder over 67år m/bruks & sparekto,N,N,N,N,N,N,N,N,N,N,N
2289,22014817445,P,02286,Cesar Yasmin                       ,Forsberg                           ,N,J,N,J,N,Kunder over 67år m/bruks & sparekto,N,N,N,N,N,N,N,N,N,N,N
2289,11065400237,P,02286,Kristofer Asta                     ,Romsdal                            ,N,J,J,J,N,Kunder over 67år m/bruks & sparekto,N,N,N,N,N,N,N,N,N,N,N
2289,31105620597,P,02286,Werner Catharina                   ,Sørensen                           ,N,J,N,J,N,Kunder over 67år m/bruks & sparekto,N,N,N,N,N,N,N,N,N,N,N
2289,24054316190,P,02286,Aurelija Thorgeir                  ,Sæle                               ,N,J,N,J,N,Kunder over 67år m/bruks & sparekto,N,N,N,N,N,N,N,N,N,N,N
2289,10034711785,P,02285,Jorge Gina                         ,Bakkehaug                          ,N,N,N,J,N,Kunder over 67år m/bruks & sparekto,N,N,N,N,N,N,N,N,N,N,N
2289,20123922817,P,02282,Tanya Fernando                     ,Smeby                              ,N,N,N,J,N,Kunder over 67år m/bruks & sparekto,N,N,N,N,N,N,N,N,N,N,N
2289,25015419337,P,02284,Ruth Jan-Olav                      ,Glesnes                            ,N,N,J,J,N,Kunder over 67år m/bruks & sparekto,N,N,N,N,N,N,N,N,N,N,N
2289,27035603684,P,02282,Gunvor Willy                       ,Hagerup                            ,N,N,N,J,N,Kunder over 67år m/bruks & sparekto,N,N,N,N,N,N,N,N,N,N,N
2289,14065512743,P,02282,Olga Mathis                        ,Joakimsen                          ,N,J,N,J,N,Kunder over 67år m/bruks & sparekto,N,N,N,N,N,N,N,N,N,N,N
2289,23044704404,P,02286,Vasile Augusta                     ,Flage                              ,N,N,N,J,N,Kunder over 67år m/bruks & sparekto,N,N,N,N,N,N,N,N,N,N,N
2289,02053923669,P,02282,Britha Kris                        ,Svela                              ,N,N,N,J,N,Kunder over 67år m/bruks & sparekto,N,N,N,N,N,N,N,N,N,N,N
2289,02075406722,P,02286,Teodor Ariane                      ,Dyrnes                             ,N,N,N,J,N,Kunder over 67år m/bruks & sparekto,N,N,N,N,N,N,N,N,N,N,N
2289,06045409927,P,02282,Rita Rune                          ,Moldskred                          ,N,J,N,J,N,Kunder over 67år m/bruks & sparekto,N,N,N,N,N,N,N,N,N,N,N
2289,29104318841,P,02286,Edgar Irena                        ,Ege                                ,N,J,N,N,N,Kunder over 67år m/bruks & sparekto,N,N,N,N,N,N,N,N,N,N,N
2289,24025516342,P,02285,Jasmina Muhamed                    ,Kvaløy                             ,N,J,N,J,N,Kunder over 67år m/bruks & sparekto,N,N,N,N,N,N,N,N,N,N,N
2289,17055613141,B,12286,Ranveig Danny                      ,Farestveit                         ,N,N,N,J,N,Kunder over 67år m/bruks & sparekto,N,N,N,N,N,N,N,N,N,N,N
2289,26115663428,P,02286,Kristofer Asta                     ,Granly                             ,N,N,N,J,N,Kunder over 67år m/bruks & sparekto,N,N,N,N,N,N,N,N,N,N,N
2289,05103813257,P,02282,Jan-Fredrik Amanda                 ,Brekke                             ,N,N,N,J,N,Kunder over 67år m/bruks & sparekto,N,N,N,N,N,N,N,N,N,N,N
2289,29065301901,P,02282,Magomed Bjørnhild                  ,Orre                               ,J,J,N,J,N,Kunder over 67år m/bruks & sparekto,N,N,N,N,N,N,N,N,N,N,N
2289,31125519078,P,02286,Mehmed Amina                       ,Silden                             ,N,J,N,J,N,Kunder over 67år m/bruks & sparekto,N,N,N,N,N,N,N,N,N,N,N
2289,28014132149,P,02286,Nadia Dean                         ,Nybakken                           ,N,J,N,J,N,Kunder over 67år m/bruks & sparekto,N,N,N,N,N,N,N,N,N,N,N
2289,08065019540,P,02282,Borger Esther                      ,Børve                              ,N,J,N,J,N,Kunder over 67år m/bruks & sparekto,N,N,N,N,N,N,N,N,N,N,N
2289,09024304504,P,02285,Agne Harald                        ,Tekle                              ,N,J,N,J,N,Kunder over 67år m/bruks & sparekto,N,N,N,N,N,N,N,N,N,N,N
2289,16063908960,P,02286,Catherine Romualdas                ,Skålevik                           ,J,N,N,J,N,Kunder over 67år m/bruks & sparekto,N,N,N,N,N,N,N,N,N,N,N
2289,29104615838,P,02286,Kristofer Eirin                    ,Rognes                             ,J,N,N,J,N,Kunder over 67år m/bruks & sparekto,N,N,N,N,N,N,N,N,N,N,N
2289,25125109864,P,02295,Thelma Sune                        ,Bergli                             ,J,N,N,J,N,Kunder over 67år m/bruks & sparekto,N,N,N,N,N,N,N,N,N,N,N
2289,24105220983,P,02286,Boye Sabrina                       ,Lynum                              ,N,N,N,J,N,Kunder over 67år m/bruks & sparekto,N,N,N,N,N,N,N,N,N,N,N
2289,15085524574,P,02295,Alette Sivert                      ,Bru                                ,N,N,N,J,N,Kunder over 67år m/bruks & sparekto,N,N,N,N,N,N,N,N,N,N,N
2289,02094705358,P,02284,Sajjad Lin                         ,Fardal                             ,N,N,N,J,N,Kunder over 67år m/bruks & sparekto,N,N,N,N,N,N,N,N,N,N,N
2289,19015013659,P,02282,Audrius Mali                       ,Schanche                           ,N,N,N,J,N,Kunder over 67år m/bruks & sparekto,N,N,N,N,N,N,N,N,N,N,N
2289,04034507002,P,02282,Møyfrid Asbjørn                    ,Jøssang                            ,N,J,N,J,N,Kunder over 67år m/bruks & sparekto,N,N,N,N,N,N,N,N,N,N,N
2289,21104915636,P,02286,Magomed Zivile                     ,Myhren                             ,N,J,N,J,N,Kunder over 67år m/bruks & sparekto,N,N,N,N,N,N,N,N,N,N,N
2289,09105609369,P,02286,Hroar Elizabeth                    ,Alvestad                           ,N,J,N,J,N,Kunder over 67år m/bruks & sparekto,N,N,N,N,N,N,N,N,N,N,N
2289,13114819543,P,02286,Halldis Emilio                     ,Winge                              ,J,N,N,J,N,Kunder over 67år m/bruks & sparekto,N,N,N,N,N,N,N,N,N,N,N
2289,07085613574,P,02286,Tom-Arne Suzan                     ,Gunnarsen                          ,N,N,N,J,N,Kunder over 67år m/bruks & sparekto,N,N,N,N,N,N,N,N,N,N,N
2289,01124509498,P,02282,Salih Gunnhild                     ,Hovda                              ,N,N,N,J,N,Kunder over 67år m/bruks & sparekto,N,N,N,N,N,N,N,N,N,N,N
2289,14124321507,P,02286,Lajla Nicolae                      ,Våga                               ,N,N,N,J,N,Kunder over 67år m/bruks & sparekto,N,N,N,N,N,N,N,N,N,N,N
2289,05125120778,P,02286,Benn Lana                          ,Risberg                            ,N,N,N,J,N,Kunder over 67år m/bruks & sparekto,N,N,N,N,N,N,N,N,N,N,N
2289,27104516551,B,12291,Elaine Thorolf                     ,Sølvberg                           ,J,N,N,J,N,Kunder over 67år m/bruks & sparekto,N,N,N,N,N,N,N,N,N,N,N
2289,26105420802,P,02282,Thanh Aslak                        ,Skårland                           ,N,N,N,J,N,Kunder over 67år m/bruks & sparekto,N,N,N,N,N,N,N,N,N,N,N
2289,05045309977,P,02286,Raisa Asbjørn                      ,Brænden                            ,N,N,N,J,N,Kunder over 67år m/bruks & sparekto,N,N,N,N,N,N,N,N,N,N,N
2289,11034117812,P,02282,Jocelyn Milian                     ,Petterson                          ,N,N,N,J,N,Kunder over 67år m/bruks & sparekto,N,N,N,N,N,N,N,N,N,N,N
2289,26044818840,P,02286,Jocelyn Milian                     ,Olavesen                           ,N,J,N,J,N,Kunder over 67år m/bruks & sparekto,N,N,N,N,N,N,N,N,N,N,N
2289,08014920847,P,02286,Margun Joakim                      ,Bjørgen                            ,N,N,N,J,N,Kunder over 67år m/bruks & sparekto,N,N,N,N,N,N,N,N,N,N,N
2289,26095616371,P,02286,Ravn Eden                          ,Bogen                              ,N,N,N,J,N,Kunder over 67år m/bruks & sparekto,N,N,N,N,N,N,N,N,N,N,N
2289,11074510010,P,02285,Knud Natalie                       ,Bakkeli                            ,N,J,J,J,N,Kunder over 67år m/bruks & sparekto,N,N,N,N,N,N,N,N,N,N,N
2289,15054319891,P,02282,Janet Valentin                     ,Egeli                              ,N,N,N,J,N,Kunder over 67år m/bruks & sparekto,N,N,N,N,N,N,N,N,N,N,N
2289,30075313914,P,02286,Vivi Ionut                         ,Tobiassen                          ,N,N,N,J,N,Kunder over 67år m/bruks & sparekto,N,N,N,N,N,N,N,N,N,N,N
2289,12064704212,P,02286,Justyna Tron                       ,Teien                              ,J,N,N,J,N,Kunder over 67år m/bruks & sparekto,N,N,N,N,N,N,N,N,N,N,N
2289,16103835112,P,02286,Siw Njål                           ,Overå                              ,N,J,N,J,N,Kunder over 67år m/bruks & sparekto,N,N,N,N,N,N,N,N,N,N,N
2289,23105518978,P,02286,Oscar Sine                         ,Herland                            ,J,N,N,J,N,Kunder over 67år m/bruks & sparekto,N,N,N,N,N,N,N,N,N,N,N
2289,14094813299,P,02284,Petr Halldis                       ,Almli                              ,N,N,N,J,N,Kunder over 67år m/bruks & sparekto,N,N,N,N,N,N,N,N,N,N,N
2289,17053907016,P,02286,Lydia Marius                       ,Møgster                            ,N,N,N,J,N,Kunder over 67år m/bruks & sparekto,N,N,N,N,N,N,N,N,N,N,N
2289,07054422622,P,02286,Karwan Yordanos                    ,Sværen                             ,N,J,J,J,N,Kunder over 67år m/bruks & sparekto,N,N,N,N,N,N,N,N,N,N,N
2289,02035415699,P,02282,Ole-Morten Elham                   ,Føreland                           ,N,N,N,J,N,Kunder over 67år m/bruks & sparekto,N,N,N,N,N,N,N,N,N,N,N
2289,04103410873,P,02286,Snezana Sivert                     ,Innvær                             ,N,N,N,J,N,Kunder over 67år m/bruks & sparekto,N,N,N,N,N,N,N,N,N,N,N
2289,09015004751,P,02286,Sana Aslan                         ,Halse                              ,N,J,J,J,N,Kunder over 67år m/bruks & sparekto,N,N,N,N,N,N,N,N,N,N,N
2289,04104117827,P,02286,Solrunn Leiv                       ,Rikardsen                          ,N,N,N,J,N,Kunder over 67år m/bruks & sparekto,N,N,N,N,N,N,N,N,N,N,N
2289,18113614834,P,02286,Asmund Kaia                        ,Fossen                             ,N,N,N,J,N,Kunder over 67år m/bruks & sparekto,N,N,N,N,N,N,N,N,N,N,N
2289,30054712177,P,02284,Ståle Cynthia                      ,Lu                                 ,N,N,N,J,N,Kunder over 67år m/bruks & sparekto,N,N,N,N,N,N,N,N,N,N,N
2289,21104417067,P,02282,Dawid Thi                          ,Borge                              ,N,N,N,J,N,Kunder over 67år m/bruks & sparekto,N,N,N,N,N,N,N,N,N,N,N
2289,24114214732,P,02286,Jutta Almar                        ,Bru                                ,N,N,N,J,N,Kunder over 67år m/bruks & sparekto,N,N,N,N,N,N,N,N,N,N,N
2289,08045601227,P,02282,Mantas Bianca                      ,Ottem                              ,N,N,N,J,N,Kunder over 67år m/bruks & sparekto,N,N,N,N,N,N,N,N,N,N,N
2289,31014322135,P,02286,Minh Thorgeir                      ,Styve                              ,N,N,N,J,N,Kunder over 67år m/bruks & sparekto,N,N,N,N,N,N,N,N,N,N,N
2289,26125022234,P,02282,Mehmed Amina                       ,Sylta                              ,N,J,N,J,N,Kunder over 67år m/bruks & sparekto,N,N,N,N,N,N,N,N,N,N,N
2289,13014925990,P,02285,Fanny Birger                       ,Thomsen                            ,N,N,J,J,N,Kunder over 67år m/bruks & sparekto,N,N,N,N,N,N,N,N,N,N,N
2289,07113402061,P,02282,Bernhard Agathe                    ,Heggset                            ,N,N,N,J,N,Kunder over 67år m/bruks & sparekto,N,N,N,N,N,N,N,N,N,N,N
2289,16105503540,P,12284,Sana Aslan                         ,Nielsen                            ,N,N,J,J,N,Kunder over 67år m/bruks & sparekto,N,N,N,N,N,N,N,N,N,N,N
2289,04084801335,P,02282,Wieslaw Vaida                      ,Stene                              ,N,N,N,J,N,Kunder over 67år m/bruks & sparekto,N,N,N,N,N,N,N,N,N,N,N
2289,01124627180,P,02286,Minh Thorgeir                      ,Lier                               ,N,N,N,J,N,Kunder over 67år m/bruks & sparekto,N,N,N,N,N,N,N,N,N,N,N
2289,18085213268,P,02286,Biniam Snezana                     ,Pham                               ,N,J,J,J,N,Kunder over 67år m/bruks & sparekto,N,N,N,N,N,N,N,N,N,N,N
2289,06043125921,P,02282,Bettina Babak                      ,Osman                              ,N,N,N,J,N,Kunder over 67år m/bruks & sparekto,N,N,N,N,N,N,N,N,N,N,N
2289,06043319246,P,02282,Edgar Irena                        ,Neverdal                           ,N,N,N,J,N,Kunder over 67år m/bruks & sparekto,N,N,N,N,N,N,N,N,N,N,N
2289,15094320663,P,02286,Annelie Gaute                      ,Osmundsen                          ,J,J,N,J,N,Kunder over 67år m/bruks & sparekto,N,N,N,N,N,N,N,N,N,N,N
2289,05104500465,P,02285,Mary-Ann Varg                      ,Ugland                             ,N,N,J,J,N,Kunder over 67år m/bruks & sparekto,N,N,N,N,N,N,N,N,N,N,N
2289,28024500537,P,02286,Valdemar Faiza                     ,Myrdal                             ,N,N,N,J,N,Kunder over 67år m/bruks & sparekto,N,N,N,N,N,N,N,N,N,N,N
2289,25064706554,P,02286,Wieslaw Vaida                      ,Fjærli                             ,N,J,J,J,N,Kunder over 67år m/bruks & sparekto,N,N,N,N,N,N,N,N,N,N,N
2289,23024424235,P,02282,Mehmed Amina                       ,Solstrand                          ,N,N,N,J,N,Kunder over 67år m/bruks & sparekto,N,N,N,N,N,N,N,N,N,N,N
2289,07064209048,P,02285,Hani Thorolf                       ,Sjøgren                            ,N,N,N,J,N,Kunder over 67år m/bruks & sparekto,N,N,N,N,N,N,N,N,N,N,N
2289,27074217546,P,02285,Magomed Bjørnhild                  ,Magnussen                          ,N,N,N,J,N,Kunder over 67år m/bruks & sparekto,N,N,N,N,N,N,N,N,N,N,N
2289,21114600048,B,02286,Kristin Bruno                      ,Ernstsen                           ,N,J,N,N,N,Kunder over 67år m/bruks & sparekto,N,N,N,N,N,N,N,N,N,N,N
2289,22124222110,P,02284,Mari Ingvard                       ,Vedå                               ,N,N,N,J,N,Kunder over 67år m/bruks & sparekto,N,N,N,N,N,N,N,N,N,N,N
2289,29105306553,P,02282,Torkell Venche                     ,Ullestad                           ,N,J,N,J,N,Kunder over 67år m/bruks & sparekto,N,N,N,N,N,N,N,N,N,N,N
2289,18013616201,P,02286,Francesco Ingalill                 ,Rikardsen                          ,N,N,N,J,N,Kunder over 67år m/bruks & sparekto,N,N,N,N,N,N,N,N,N,N,N
2289,14124015694,P,02285,Asle Desiree                       ,Skjærvik                           ,N,J,N,J,N,Kunder over 67år m/bruks & sparekto,N,N,N,N,N,N,N,N,N,N,N
2289,20055009113,P,02282,Nadja Jan-Fredrik                  ,Asphaug                            ,N,N,N,J,N,Kunder over 67år m/bruks & sparekto,N,N,N,N,N,N,N,N,N,N,N
2289,19064816775,P,02285,Hroar Elizabeth                    ,Nesland                            ,N,N,N,J,N,Kunder over 67år m/bruks & sparekto,N,N,N,N,N,N,N,N,N,N,N
2289,25114108890,P,02285,Vasile Augusta                     ,Lynum                              ,N,N,N,J,N,Kunder over 67år m/bruks & sparekto,N,N,N,N,N,N,N,N,N,N,N
2289,01034910053,P,02286,Bjarte Amalia                      ,Lillestøl                          ,N,N,N,J,N,Kunder over 67år m/bruks & sparekto,N,N,N,N,N,N,N,N,N,N,N
2289,19084922474,P,02282,Andrej Runhild                     ,Lorentzen                          ,N,N,N,J,N,Kunder over 67år m/bruks & sparekto,N,N,N,N,N,N,N,N,N,N,N
2289,03035306519,P,02285,Edgar Egle                         ,Kvam                               ,N,J,N,N,N,Kunder over 67år m/bruks & sparekto,N,N,N,N,N,N,N,N,N,N,N
2289,27095410346,P,02286,Ruth Jan-Olav                      ,Sirnes                             ,N,J,N,J,N,Kunder over 67år m/bruks & sparekto,N,N,N,N,N,N,N,N,N,N,N
2289,26115650237,P,02282,Bartosz Zuzana                     ,Lyshaug                            ,N,N,N,J,N,Kunder over 67år m/bruks & sparekto,N,N,N,N,N,N,N,N,N,N,N
2289,14023320828,P,02282,Amanda Joakim                      ,Skauen                             ,N,N,N,J,N,Kunder over 67år m/bruks & sparekto,N,N,N,N,N,N,N,N,N,N,N
2289,23034612102,P,02286,Monika Ingvard                     ,Midttun                            ,N,N,N,J,N,Kunder over 67år m/bruks & sparekto,N,N,N,N,N,N,N,N,N,N,N
2289,05065613354,B,02282,Fillip Ragni                       ,Myrland                            ,N,N,N,J,N,Kunder over 67år m/bruks & sparekto,N,N,N,N,N,N,N,N,N,N,N
2289,16105606366,P,02286,Naima Eduard                       ,Granly                             ,N,N,N,J,N,Kunder over 67år m/bruks & sparekto,N,N,N,N,N,N,N,N,N,N,N
2289,02094508463,P,02282,Heiko Rut                          ,Kim                                ,N,N,N,J,N,Kunder over 67år m/bruks & sparekto,N,N,N,N,N,N,N,N,N,N,N
2289,27114514530,P,02286,Ada Mathis                         ,Homme                              ,N,N,N,J,N,Kunder over 67år m/bruks & sparekto,N,N,N,N,N,N,N,N,N,N,N
2289,03125611353,B,12282,Hallstein Ann-Cecilie              ,Trondsen                           ,N,N,N,J,N,Kunder over 67år m/bruks & sparekto,N,N,N,N,N,N,N,N,N,N,N
2289,05114321666,P,02282,Elsie Ulrik                        ,Stavland                           ,N,N,N,J,N,Kunder over 67år m/bruks & sparekto,N,N,N,N,N,N,N,N,N,N,N
2289,10054220516,P,02282,Une Ingvard                        ,Brøndbo                            ,N,N,N,J,N,Kunder over 67år m/bruks & sparekto,N,N,N,N,N,N,N,N,N,N,N
2289,18025203093,P,02286,Jens Ingunn                        ,Byberg                             ,J,J,N,J,N,Kunder over 67år m/bruks & sparekto,N,N,N,N,N,N,N,N,N,N,N
2289,20014605119,P,02286,Tilde Roald                        ,Rye                                ,N,N,N,J,N,Kunder over 67år m/bruks & sparekto,N,N,N,N,N,N,N,N,N,N,N
2289,14095613609,P,02282,Mika Lilian                        ,Soleng                             ,N,J,N,J,N,Kunder over 67år m/bruks & sparekto,N,N,N,N,N,N,N,N,N,N,N
2289,25103906728,P,02284,Minh Thorgeir                      ,Flønes                             ,N,N,N,J,N,Kunder over 67år m/bruks & sparekto,N,N,N,N,N,N,N,N,N,N,N
2289,03033719131,P,02284,Ståle Gurli                        ,Lassen                             ,N,J,N,J,N,Kunder over 67år m/bruks & sparekto,N,N,N,N,N,N,N,N,N,N,N
2289,19105424860,P,02286,Helena Ingvard                     ,Hynne                              ,N,J,J,J,N,Kunder over 67år m/bruks & sparekto,N,N,N,N,N,N,N,N,N,N,N
2289,25044605840,P,02282,Vibeke Benny                       ,Myking                             ,N,J,N,J,N,Kunder over 67år m/bruks & sparekto,N,N,N,N,N,N,N,N,N,N,N
2289,18084723459,P,02284,Ib Anne-Marie                      ,Kallevik                           ,N,N,N,J,N,Kunder over 67år m/bruks & sparekto,N,N,N,N,N,N,N,N,N,N,N
2289,22105405565,P,02282,Victor Veronica                    ,Worren                             ,N,N,N,J,N,Kunder over 67år m/bruks & sparekto,N,N,N,N,N,N,N,N,N,N,N
2289,16114513575,P,02286,Dumitru Antonia                    ,Vika                               ,N,J,N,J,N,Kunder over 67år m/bruks & sparekto,N,N,N,N,N,N,N,N,N,N,N
2289,13024824823,P,02284,Robertas Senait                    ,Pollestad                          ,N,N,N,J,N,Kunder over 67år m/bruks & sparekto,N,N,N,N,N,N,N,N,N,N,N
2289,04045615265,P,02282,Zlatko Selamawit                   ,Torheim                            ,N,N,N,J,N,Kunder over 67år m/bruks & sparekto,N,N,N,N,N,N,N,N,N,N,N
2289,18065020676,P,02282,Annelie Mikko                      ,Silden                             ,N,N,N,J,N,Kunder over 67år m/bruks & sparekto,N,N,N,N,N,N,N,N,N,N,N
2289,19073817601,P,02286,Justina Asbjørn                    ,Fardal                             ,N,J,N,J,N,Kunder over 67år m/bruks & sparekto,N,N,N,N,N,N,N,N,N,N,N
2289,08114824039,P,02286,Mantas Bianca                      ,Kallevik                           ,N,N,N,J,N,Kunder over 67år m/bruks & sparekto,N,N,N,N,N,N,N,N,N,N,N
2289,25075012678,P,02286,Ayse Francisco                     ,Storesund                          ,N,N,N,J,N,Kunder over 67år m/bruks & sparekto,N,N,N,N,N,N,N,N,N,N,N
2289,02085522909,P,02285,Sana Aslan                         ,Lindberg                           ,N,J,N,J,N,Kunder over 67år m/bruks & sparekto,N,N,N,N,N,N,N,N,N,N,N
2289,22104607075,P,02286,Tanja Kenneth                      ,Elvik                              ,N,N,N,J,N,Kunder over 67år m/bruks & sparekto,N,N,N,N,N,N,N,N,N,N,N
2289,09114214857,P,02286,Torgunn Nils-Petter                ,Hognestad                          ,N,J,N,J,N,Kunder over 67år m/bruks & sparekto,N,N,N,N,N,N,N,N,N,N,N
2289,06103925361,P,02285,Nadja Jan-Fredrik                  ,Torkelsen                          ,N,N,N,J,N,Kunder over 67år m/bruks & sparekto,N,N,N,N,N,N,N,N,N,N,N
2289,04104617579,P,02286,Patric Lejla                       ,Ringdal                            ,N,N,N,J,N,Kunder over 67år m/bruks & sparekto,N,N,N,N,N,N,N,N,N,N,N
2289,15095207038,P,02286,Jo Aase                            ,Osmundsen                          ,N,N,N,J,N,Kunder over 67år m/bruks & sparekto,N,N,N,N,N,N,N,N,N,N,N
2289,09104417784,P,02286,Hroar Olga                         ,Osmundsen                          ,J,N,N,J,N,Kunder over 67år m/bruks & sparekto,N,N,N,N,N,N,N,N,N,N,N
2289,24074501849,P,02286,Bartosz Arnfrid                    ,Norberg                            ,N,N,N,J,N,Kunder over 67år m/bruks & sparekto,N,N,N,N,N,N,N,N,N,N,N
2289,29014422259,P,02286,Håvard Kathrin                     ,Dirdal                             ,N,N,J,J,N,Kunder over 67år m/bruks & sparekto,N,N,N,N,N,N,N,N,N,N,N
2289,24015607951,P,02285,Olava Marcelo                      ,Eidsheim                           ,N,J,J,J,N,Kunder over 67år m/bruks & sparekto,N,N,N,N,N,N,N,N,N,N,N
2289,05085406568,P,02286,Ståle Gurli                        ,Schanche                           ,N,J,N,J,N,Kunder over 67år m/bruks & sparekto,N,N,N,N,N,N,N,N,N,N,N
2289,04024521600,P,02285,Rodney Jytte                       ,Askildsen                          ,N,N,N,J,N,Kunder over 67år m/bruks & sparekto,N,N,N,N,N,N,N,N,N,N,N
2289,03015503504,P,02286,Renee Thormod                      ,Østbø                              ,N,J,N,J,N,Kunder over 67år m/bruks & sparekto,N,N,N,N,N,N,N,N,N,N,N
2289,31075318920,P,02286,Magomed Bjørnhild                  ,Sperre                             ,N,J,N,J,N,Kunder over 67år m/bruks & sparekto,N,N,N,N,N,N,N,N,N,N,N
2289,03063314160,P,02286,Embla Styrk                        ,Fure                               ,N,N,N,J,N,Kunder over 67år m/bruks & sparekto,N,N,N,N,N,N,N,N,N,N,N
2289,21125505608,P,02282,Noel Vårin                         ,Voll                               ,N,J,N,J,N,Kunder over 67år m/bruks & sparekto,N,N,N,N,N,N,N,N,N,N,N
2289,30095602777,P,02285,Patric Margaret                    ,Kvia                               ,N,J,N,J,N,Kunder over 67år m/bruks & sparekto,N,N,N,N,N,N,N,N,N,N,N
2289,17105012845,P,02282,Berly Julio                        ,Elnes                              ,N,N,N,J,N,Kunder over 67år m/bruks & sparekto,N,N,N,N,N,N,N,N,N,N,N
2289,13015513033,P,02282,Betsy Søren                        ,Førre                              ,N,N,N,J,N,Kunder over 67år m/bruks & sparekto,N,N,N,N,N,N,N,N,N,N,N
2289,14074718346,P,02284,Benny Margot                       ,Risdal                             ,N,N,N,J,N,Kunder over 67år m/bruks & sparekto,N,N,N,N,N,N,N,N,N,N,N
2289,02104612019,P,02282,Marcel Frøya                       ,Rikardsen                          ,N,J,J,J,N,Kunder over 67år m/bruks & sparekto,N,N,N,N,N,N,N,N,N,N,N
2289,19104907787,P,02282,Nadja Jan-Fredrik                  ,Wroldsen                           ,N,J,N,J,N,Kunder over 67år m/bruks & sparekto,N,N,N,N,N,N,N,N,N,N,N
2289,17114405612,P,02286,Mantas Bianca                      ,Storsve                            ,N,N,N,J,N,Kunder over 67år m/bruks & sparekto,N,N,N,N,N,N,N,N,N,N,N
2289,14024511295,P,02282,Juozas Sophia                      ,Zielinski                          ,N,N,N,J,N,Kunder over 67år m/bruks & sparekto,N,N,N,N,N,N,N,N,N,N,N
2289,09024033403,P,02286,Møyfrid Asbjørn                    ,Falch                              ,N,N,N,J,N,Kunder over 67år m/bruks & sparekto,N,N,N,N,N,N,N,N,N,N,N
2289,14074704019,P,02282,Ingmar Anne-Grethe                 ,Røren                              ,N,J,J,J,N,Kunder over 67år m/bruks & sparekto,N,N,N,N,N,N,N,N,N,N,N
2289,24044815997,P,12286,Kristofer Lidia                    ,Høgli                              ,N,J,N,J,N,Kunder over 67år m/bruks & sparekto,N,N,N,N,N,N,N,N,N,N,N
2289,19015321310,P,02282,Saida Ion                          ,Vikøren                            ,N,N,J,J,N,Kunder over 67år m/bruks & sparekto,N,N,N,N,N,N,N,N,N,N,N
2289,15045504740,P,02286,Ulrike Fernando                    ,Vevang                             ,N,N,N,J,N,Kunder over 67år m/bruks & sparekto,N,N,N,N,N,N,N,N,N,N,N
2289,12055612453,P,02282,Amanda Joakim                      ,Skadberg                           ,N,J,N,J,N,Kunder over 67år m/bruks & sparekto,N,N,N,N,N,N,N,N,N,N,N
2289,01104719089,P,02285,Mohamad Nataliya                   ,Haugsvær                           ,N,N,N,J,N,Kunder over 67år m/bruks & sparekto,N,N,N,N,N,N,N,N,N,N,N
2289,12074329312,P,02285,Wibeke Idris                       ,Husabø                             ,N,N,N,N,N,Kunder over 67år m/bruks & sparekto,N,N,N,N,N,N,N,N,N,N,N
2289,02065210730,P,02285,Ruth Jan-Olav                      ,Fagereng                           ,N,J,N,J,N,Kunder over 67år m/bruks & sparekto,N,N,N,N,N,N,N,N,N,N,N
2289,28124724211,P,02282,Kai Maylen                         ,Mikkelborg                         ,N,J,N,J,N,Kunder over 67år m/bruks & sparekto,N,N,N,N,N,N,N,N,N,N,N
2289,27035510821,P,02282,Hege Per-Kristian                  ,Engstrøm                           ,N,J,J,J,N,Kunder over 67år m/bruks & sparekto,N,N,N,N,N,N,N,N,N,N,N
2289,20045408303,P,02284,Kolbjørn Sari                      ,Homme                              ,N,J,J,J,N,Kunder over 67år m/bruks & sparekto,N,N,N,N,N,N,N,N,N,N,N
2289,12115021433,P,02284,Jutta Almar                        ,Skauge                             ,N,N,N,J,N,Kunder over 67år m/bruks & sparekto,N,N,N,N,N,N,N,N,N,N,N
2289,03103526417,P,02282,Jens Jonna                         ,Gill                               ,N,N,N,J,N,Kunder over 67år m/bruks & sparekto,N,N,N,N,N,N,N,N,N,N,N
2289,10075405265,P,02284,Beth Sivert                        ,Sørbø                              ,N,N,N,J,N,Kunder over 67år m/bruks & sparekto,N,N,N,N,N,N,N,N,N,N,N
2289,28054401975,P,02286,Eldrid Thorgeir                    ,Brænden                            ,N,N,N,J,N,Kunder over 67år m/bruks & sparekto,N,N,N,N,N,N,N,N,N,N,N
2289,06045503400,P,02282,Yohannes Sally                     ,Afzal                              ,N,N,N,J,N,Kunder over 67år m/bruks & sparekto,N,N,N,N,N,N,N,N,N,N,N
2289,23103423996,P,02286,Monika Ingvard                     ,Steinnes                           ,N,N,N,J,N,Kunder over 67år m/bruks & sparekto,N,N,N,N,N,N,N,N,N,N,N
2289,06025312234,P,02286,Bodhild Helmut                     ,Thomsen                            ,N,J,J,N,N,Kunder over 67år m/bruks & sparekto,N,N,N,N,N,N,N,N,N,N,N
2289,13095216581,P,02286,Hroar Olga                         ,Friberg                            ,N,N,N,J,N,Kunder over 67år m/bruks & sparekto,N,N,N,N,N,N,N,N,N,N,N
2289,30044315099,P,02282,Thyra Milian                       ,Lein                               ,N,N,N,J,N,Kunder over 67år m/bruks & sparekto,N,N,N,N,N,N,N,N,N,N,N
2289,07055015923,P,02286,Willy Gintare                      ,Bauer                              ,N,J,N,J,N,Kunder over 67år m/bruks & sparekto,N,N,N,N,N,N,N,N,N,N,N
2289,18105614396,P,02282,Jorge Gina                         ,Greve                              ,N,N,N,J,N,Kunder over 67år m/bruks & sparekto,N,N,N,N,N,N,N,N,N,N,N
2289,20093333498,P,02285,Fatemeh Ioan                       ,Tonstad                            ,N,N,N,J,N,Kunder over 67år m/bruks & sparekto,N,N,N,N,N,N,N,N,N,N,N
2289,03075205855,P,02284,Oluf Christiane                    ,Bjerkås                            ,N,N,N,J,N,Kunder over 67år m/bruks & sparekto,N,N,N,N,N,N,N,N,N,N,N
2289,14115319001,P,02285,Tony Kim                           ,Thoen                              ,N,J,N,J,N,Kunder over 67år m/bruks & sparekto,N,N,N,N,N,N,N,N,N,N,N
2289,17125016413,P,02282,Audrius Mali                       ,Lorentzen                          ,N,J,N,J,N,Kunder over 67år m/bruks & sparekto,N,N,N,N,N,N,N,N,N,N,N
2289,28015304989,P,02285,Silke Øyvind                       ,Baustad                            ,N,N,N,J,N,Kunder over 67år m/bruks & sparekto,N,N,N,N,N,N,N,N,N,N,N
2289,12095202215,P,02282,Gro Janne                          ,Smeby                              ,N,J,N,J,N,Kunder over 67år m/bruks & sparekto,N,N,N,N,N,N,N,N,N,N,N
2289,24114206438,P,02282,Håvard Kathrin                     ,Finnesand                          ,N,N,N,J,N,Kunder over 67år m/bruks & sparekto,N,N,N,N,N,N,N,N,N,N,N
2289,27024508108,P,02285,Cristina Francisco                 ,Forsberg                           ,N,N,N,J,N,Kunder over 67år m/bruks & sparekto,N,N,N,N,N,N,N,N,N,N,N
2289,03102830058,P,02282,Aneta Wiktor                       ,Jordet                             ,N,N,N,J,N,Kunder over 67år m/bruks & sparekto,N,N,N,N,N,N,N,N,N,N,N
2289,08104716076,P,02286,Vebjørn Solgunn                    ,Heen                               ,J,N,N,J,N,Kunder over 67år m/bruks & sparekto,N,N,N,N,N,N,N,N,N,N,N
2289,28084616089,P,02286,Linda Trym                         ,Vanvik                             ,J,J,J,J,N,Kunder over 67år m/bruks & sparekto,N,N,N,N,N,N,N,N,N,N,N
2289,07035423707,P,02286,Tor-Inge Catrin                    ,Hartvigsen                         ,N,N,N,N,N,Kunder over 67år m/bruks & sparekto,N,N,N,N,N,N,N,N,N,N,N
2289,23094718368,P,02285,Heiko Vera                         ,Almli                              ,N,J,N,J,N,Kunder over 67år m/bruks & sparekto,N,N,N,N,N,N,N,N,N,N,N
2289,14035404024,P,02282,Robertas Polina                    ,Busch                              ,N,J,N,J,N,Kunder over 67år m/bruks & sparekto,N,N,N,N,N,N,N,N,N,N,N
2289,25114207260,P,02285,Kamil Dødsbo                       ,Finnesand                          ,N,N,J,J,N,Kunder over 67år m/bruks & sparekto,N,N,N,N,N,N,N,N,N,N,N
2289,28044611637,P,02286,Tanita Manuel                      ,Dramstad                           ,N,N,N,J,N,Kunder over 67år m/bruks & sparekto,N,N,N,N,N,N,N,N,N,N,N
2289,17015123079,P,02282,Noel Vårin                         ,Kowalski                           ,N,N,N,J,N,Kunder over 67år m/bruks & sparekto,N,N,N,N,N,N,N,N,N,N,N
2289,04015615376,B,02282,Petr Cornelia                      ,Langøy                             ,N,J,N,J,N,Kunder over 67år m/bruks & sparekto,N,N,N,N,N,N,N,N,N,N,N
2289,24055115717,P,02284,Afrim Maylen                       ,Skullerud                          ,N,N,N,J,N,Kunder over 67år m/bruks & sparekto,N,N,N,N,N,N,N,N,N,N,N
2289,29104213853,P,02286,Jorge Myrna                        ,Sandvik                            ,N,N,N,J,N,Kunder over 67år m/bruks & sparekto,N,N,N,N,N,N,N,N,N,N,N
2289,18074716977,P,02295,Ståle Gurli                        ,Evju                               ,J,N,N,J,N,Kunder over 67år m/bruks & sparekto,N,N,N,N,N,N,N,N,N,N,N
2289,20054115157,P,02286,Mussie Fadumo                      ,Bergene                            ,N,N,N,J,N,Kunder over 67år m/bruks & sparekto,N,N,N,N,N,N,N,N,N,N,N
2289,26024503282,P,02282,Halvar Vibeche                     ,Osmundsen                          ,N,J,J,J,N,Kunder over 67år m/bruks & sparekto,N,N,N,N,N,N,N,N,N,N,N
2289,23023617676,P,02284,Vivi Aadne                         ,Vikan                              ,N,N,N,J,N,Kunder over 67år m/bruks & sparekto,N,N,N,N,N,N,N,N,N,N,N
2289,23064000527,P,02282,Kolbjørn Sari                      ,Syrstad                            ,N,N,N,J,N,Kunder over 67år m/bruks & sparekto,N,N,N,N,N,N,N,N,N,N,N
2289,09025321682,P,02284,Oddny Trond                        ,Oshaug                             ,N,J,N,J,N,Kunder over 67år m/bruks & sparekto,N,N,N,N,N,N,N,N,N,N,N
2289,25044404349,P,02285,Emad Maren                         ,Robertsen                          ,N,J,N,J,N,Kunder over 67år m/bruks & sparekto,N,N,N,N,N,N,N,N,N,N,N
2289,26065300868,P,02286,Justyna Adem                       ,Due                                ,N,J,N,J,N,Kunder over 67år m/bruks & sparekto,N,N,N,N,N,N,N,N,N,N,N
2289,11045412069,P,02286,Senad Amira                        ,Westgård                           ,N,N,N,J,N,Kunder over 67år m/bruks & sparekto,N,N,N,N,N,N,N,N,N,N,N
2289,03115027424,P,02282,Ole-Morten Elham                   ,Myrland                            ,N,N,N,J,N,Kunder over 67år m/bruks & sparekto,N,N,N,N,N,N,N,N,N,N,N
2289,24105223192,P,02286,Eiril Leszek                       ,Sjåstad                            ,N,J,N,J,N,Kunder over 67år m/bruks & sparekto,N,N,N,N,N,N,N,N,N,N,N
2289,06035401812,P,02285,Borgny Audun                       ,Granly                             ,N,J,N,J,N,Kunder over 67år m/bruks & sparekto,N,N,N,N,N,N,N,N,N,N,N
2289,21114711753,P,02285,Patric Margaret                    ,Askeland                           ,N,N,N,J,N,Kunder over 67år m/bruks & sparekto,N,N,N,N,N,N,N,N,N,N,N
2289,13014508796,P,02286,Mike Gordana                       ,Hegland                            ,N,N,N,J,N,Kunder over 67år m/bruks & sparekto,N,N,N,N,N,N,N,N,N,N,N
2289,29034917580,P,12286,Halvar Joanna                      ,Rui                                ,N,N,N,J,N,Kunder over 67år m/bruks & sparekto,N,N,N,N,N,N,N,N,N,N,N
2289,11075202891,P,02286,Alexandre Neringa                  ,Tiller                             ,N,N,N,J,N,Kunder over 67år m/bruks & sparekto,N,N,N,N,N,N,N,N,N,N,N
2289,01035116067,P,02286,Ibrahim Gitte                      ,Borge                              ,N,J,N,J,N,Kunder over 67år m/bruks & sparekto,N,N,N,N,N,N,N,N,N,N,N
